/* GENERATED by tools/gen_uifont.py - do not edit by hand.
 *
 * Antialiased proportional UI faces for the desktop: 8-bit
 * coverage maps plus per-glyph bearings and advances,
 * rendered from DejaVu Sans / DejaVu Sans Bold (Bitstream
 * Vera Fonts License, which explicitly permits embedding and
 * redistribution of rendered/modified forms).
 *
 * Regenerate with: python3 tools/gen_uifont.py */

#include "uifont.h"

/* --- uifont_small: 126 glyphs, 4915 bytes of coverage ------------ */
static const uint8_t uifont_small_pixels[] = {
    0x00, 0x3a, 0x3c, 0x00, 0x00, 0x00, 0x3d, 0x39, 0x00, 0x65, 0xb0, 0xaa, 0x6b, 0x00, 0x6d, 0xac,
    0xaf, 0x62, 0x9e, 0x3c, 0x1a, 0xb1, 0x00, 0xb1, 0x1d, 0x34, 0x9e, 0x34, 0xcf, 0xc9, 0xee, 0xc4,
    0xee, 0xc9, 0xcf, 0x32, 0x00, 0x00, 0x1f, 0xb6, 0x08, 0xb6, 0x1f, 0x00, 0x00, 0x00, 0x42, 0x72,
    0xd1, 0x64, 0xd1, 0x72, 0x42, 0x00, 0x6a, 0xaa, 0x76, 0xd2, 0x68, 0xd2, 0x76, 0xa8, 0x67, 0x9e,
    0x3d, 0x2c, 0xa8, 0x00, 0xa9, 0x30, 0x36, 0x9d, 0x30, 0xcc, 0xce, 0x35, 0x00, 0x37, 0xce, 0xcc,
    0x2e, 0x0d, 0x54, 0x54, 0x54, 0x3b, 0x00, 0x00, 0x00, 0x4d, 0x54, 0x54, 0x46, 0x17, 0x94, 0x94,
    0x94, 0xde, 0x37, 0x00, 0x00, 0x88, 0x94, 0x94, 0x7c, 0x00, 0x00, 0x00, 0x00, 0x3b, 0xda, 0x0f,
    0x00, 0x00, 0x00, 0x00, 0x00, 0x00, 0x00, 0x00, 0x00, 0x00, 0x7b, 0xa9, 0x00, 0x00, 0x00, 0x00,
    0x00, 0x00, 0x00, 0x00, 0x00, 0x00, 0x02, 0xbc, 0x65, 0x00, 0x00, 0x00, 0x00, 0x00, 0x00, 0x00,
    0x00, 0x00, 0x00, 0x18, 0xdf, 0x2a, 0x00, 0x00, 0x00, 0x00, 0x00, 0x00, 0x00, 0x00, 0x00, 0x00,
    0x48, 0xf3, 0xe8, 0xe8, 0xc3, 0x00, 0x00, 0x00, 0x16, 0x00, 0x00, 0x00, 0x00, 0x00, 0x3c, 0xac,
    0x65, 0x00, 0x00, 0x00, 0x3c, 0x9c, 0x00, 0x70, 0x68, 0x00, 0x01, 0x63, 0xb2, 0x00, 0x9a, 0x6e,
    0x0e, 0x00, 0x00, 0x8c, 0x00, 0x8c, 0x00, 0x00, 0x00, 0x00, 0x8c, 0x00, 0x8c, 0x00, 0x00, 0x00,
    0x00, 0x8c, 0x00, 0x8c, 0x00, 0x00, 0x00, 0x00, 0x8c, 0x00, 0x8c, 0x00, 0x00, 0x00, 0x00, 0x9a,
    0x88, 0xb8, 0x00, 0x00, 0x00, 0x00, 0x08, 0x00, 0x00, 0x00, 0x3e, 0xf3, 0x67, 0x00, 0x3d, 0xe0,
    0x53, 0xd0, 0x65, 0x50, 0x2d, 0x00, 0x14, 0x6a, 0x00, 0x00, 0x00, 0x00, 0x1d, 0xc2, 0x20, 0x00,
    0x00, 0x00, 0x06, 0xca, 0x60, 0x00, 0x00, 0x00, 0x00, 0x8e, 0x97, 0x00, 0x00, 0x12, 0x53, 0x3a,
    0xd1, 0x07, 0x00, 0x00, 0x3d, 0xf5, 0xd8, 0x31, 0x00, 0x00, 0x00, 0x03, 0xd3, 0x75, 0x00, 0x00,
    0x00, 0x00, 0x56, 0x02, 0x00, 0x00, 0x00, 0x00, 0xf8, 0xd8, 0x5a, 0x02, 0x00, 0x00, 0xf8, 0xff,
    0xff, 0xd7, 0x5a, 0x02, 0xf8, 0xff, 0xff, 0xfc, 0xa3, 0x1b, 0xf8, 0xfc, 0xa3, 0x26, 0x00, 0x00,
    0x9c, 0x26, 0x00, 0x00, 0x00, 0x00, 0x00, 0x00, 0x4e, 0xc4, 0xf4, 0xe9, 0xa0, 0x1b, 0x00, 0x00,
    0x6b, 0xff, 0xff, 0xff, 0xff, 0xff, 0xe8, 0x1e, 0x14, 0xf7, 0xff, 0xff, 0xff, 0xff, 0xff, 0xff,
    0xa7, 0x53, 0xff, 0xff, 0xff, 0xff, 0xff, 0xff, 0xff, 0xee, 0x53, 0xff, 0xff, 0xff, 0xff, 0xff,
    0xff, 0xff, 0xee, 0x14, 0xf7, 0xff, 0xff, 0xff, 0xff, 0xff, 0xff, 0xa7, 0x00, 0x6c, 0xff, 0xff,
    0xff, 0xff, 0xff, 0xe8, 0x1e, 0x00, 0x00, 0x4e, 0xc5, 0xf5, 0xea, 0xa0, 0x1b, 0x00, 0x0e, 0xc5,
    0xf0, 0x5e, 0x4b, 0xff, 0xff, 0xcb, 0x0e, 0xc6, 0xf0, 0x5e, 0xbc, 0x68, 0x00, 0x10, 0xff, 0x10,
    0x00, 0x68, 0xbc, 0x00, 0x00, 0x00, 0x00, 0x00, 0x01, 0xb4, 0x23, 0x00, 0x00, 0x00, 0x00, 0x00,
    0x00, 0x00, 0x52, 0xdc, 0x1c, 0x60, 0xff, 0xff, 0xff, 0xff, 0xff, 0xff, 0xff, 0xa2, 0x00, 0x00,
    0x00, 0x00, 0x00, 0x00, 0x51, 0xdc, 0x1d, 0x00, 0x00, 0x00, 0x00, 0x00, 0x01, 0xb4, 0x23, 0x00,
    0xd4, 0xff, 0xff, 0xff, 0xff, 0xff, 0xff, 0x0c, 0x00, 0x00, 0x00, 0x00, 0x00, 0x00, 0x00, 0x00,
    0xd4, 0xff, 0xff, 0xff, 0xff, 0xff, 0xff, 0x0c, 0x00, 0x00, 0x00, 0x00, 0x00, 0x00, 0x00, 0x00,
    0xd4, 0xff, 0xff, 0xff, 0xff, 0xff, 0xff, 0x0c, 0x78, 0xff, 0xff, 0xff, 0xff, 0xff, 0xff, 0xff,
    0xff, 0xff, 0x78, 0x00, 0x00, 0x00, 0x03, 0x57, 0x5c, 0x5c, 0x5c, 0x5c, 0x5c, 0x5c, 0x5c, 0x5c,
    0x5c, 0x42, 0x00, 0x00, 0x03, 0xa7, 0x92, 0xaf, 0xd0, 0x70, 0x70, 0x70, 0x70, 0x94, 0xec, 0x7f,
    0xb8, 0x00, 0x03, 0xa7, 0x74, 0x00, 0x03, 0xa5, 0x75, 0x00, 0x00, 0x24, 0xd0, 0x2f, 0x14, 0xb8,
    0x03, 0xa7, 0x74, 0x00, 0x00, 0x00, 0x03, 0xa7, 0x76, 0x24, 0xd0, 0x2f, 0x00, 0x14, 0xb8, 0xa4,
    0x7b, 0x00, 0x00, 0x00, 0x00, 0x00, 0x03, 0xaf, 0xe4, 0x2f, 0x00, 0x00, 0x14, 0xb8, 0x57, 0xbd,
    0x0b, 0x00, 0x00, 0x00, 0x00, 0x22, 0xce, 0xb4, 0x74, 0x00, 0x00, 0x14, 0xb8, 0x00, 0x56, 0xbd,
    0x0b, 0x00, 0x00, 0x22, 0xcd, 0x2e, 0x03, 0xa8, 0x75, 0x00, 0x14, 0xb8, 0x00, 0x00, 0x56, 0xbe,
    0x0c, 0x22, 0xcd, 0x2d, 0x00, 0x00, 0x03, 0xa8, 0x76, 0x14, 0xb8, 0x00, 0x00, 0x00, 0x55, 0xdd,
    0xec, 0xe5, 0xcc, 0xcc, 0xcc, 0xcc, 0xcf, 0xff, 0xd3, 0xb8, 0x58, 0xc0, 0x58, 0xc0, 0x58, 0xc0,
    0x57, 0xbf, 0x50, 0xb7, 0x43, 0xaa, 0x00, 0x00, 0x58, 0xc0, 0xe8, 0x00, 0xe8, 0xe8, 0x00, 0xe8,
    0xe8, 0x00, 0xe8, 0x00, 0x00, 0x00, 0x30, 0xac, 0x00, 0xc0, 0x1c, 0x00, 0x00, 0x00, 0x00, 0x75,
    0x66, 0x0d, 0xd1, 0x00, 0x00, 0x00, 0x88, 0xff, 0xff, 0xff, 0xff, 0xff, 0xff, 0x60, 0x00, 0x00,
    0x00, 0xdd, 0x02, 0x7d, 0x5f, 0x00, 0x00, 0x00, 0x00, 0x27, 0xb8, 0x00, 0xb4, 0x27, 0x00, 0x00,
    0x28, 0xff, 0xff, 0xff, 0xff, 0xff, 0xff, 0xc0, 0x00, 0x00, 0x00, 0x99, 0x43, 0x2c, 0xb3, 0x00,
    0x00, 0x00, 0x00, 0x00, 0xd5, 0x06, 0x71, 0x6b, 0x00, 0x00, 0x00, 0x00, 0x00, 0x00, 0x88, 0x00,
    0x00, 0x00, 0x00, 0x55, 0xdb, 0xfe, 0xff, 0x98, 0x00, 0x06, 0xf1, 0x33, 0x88, 0x00, 0x00, 0x00,
    0x06, 0xf2, 0x47, 0x8b, 0x00, 0x00, 0x00, 0x00, 0x4d, 0xd1, 0xf7, 0xbc, 0x3d, 0x00, 0x00, 0x00,
    0x00, 0x93, 0x5d, 0xed, 0x03, 0x00, 0x00, 0x00, 0x89, 0x3b, 0xee, 0x04, 0x17, 0xf9, 0xf2, 0xfb,
    0xd7, 0x50, 0x00, 0x00, 0x00, 0x00, 0x88, 0x00, 0x00, 0x00, 0x00, 0x00, 0x00, 0x88, 0x00, 0x00,
    0x00, 0x05, 0xb2, 0xf4, 0xa1, 0x01, 0x00, 0x14, 0xc1, 0x05, 0x00, 0x4e, 0xa7, 0x0b, 0xb9, 0x3a,
    0x00, 0xa0, 0x3b, 0x00, 0x00, 0x4f, 0xa7, 0x0b, 0xb9, 0x3a, 0x43, 0x97, 0x00, 0x00, 0x00, 0x06,
    0xb4, 0xf4, 0xa6, 0x0a, 0xc3, 0x10, 0x00, 0x00, 0x00, 0x00, 0x00, 0x00, 0x00, 0x85, 0x56, 0x44,
    0xe5, 0xe4, 0x41, 0x00, 0x00, 0x00, 0x2b, 0xb0, 0x00, 0xc6, 0x34, 0x37, 0xc2, 0x00, 0x00, 0x01,
    0xba, 0x20, 0x00, 0xc7, 0x34, 0x38, 0xc2, 0x00, 0x00, 0x68, 0x74, 0x00, 0x00, 0x47, 0xe6, 0xe5,
    0x43, 0x00, 0x01, 0x96, 0xf1, 0xc4, 0x23, 0x00, 0x00, 0x00, 0x00, 0x46, 0xd6, 0x17, 0x34, 0x70,
    0x00, 0x00, 0x00, 0x00, 0x4f, 0xbf, 0x00, 0x00, 0x00, 0x00, 0x00, 0x00, 0x00, 0x1e, 0xfa, 0x75,
    0x00, 0x00, 0x00, 0x00, 0x00, 0x08, 0xd3, 0x43, 0xb0, 0x93, 0x03, 0x41, 0xb5, 0x00, 0x43, 0xcc,
    0x00, 0x02, 0x8d, 0xb6, 0xaf, 0x49, 0x00, 0x1c, 0xf3, 0x5d, 0x0a, 0x22, 0xd1, 0xe7, 0x11, 0x00,
    0x00, 0x49, 0xce, 0xf7, 0xdd, 0x67, 0x78, 0xc1, 0x07, 0xe8, 0xe8, 0xe8, 0x00, 0x00, 0xb8, 0x2a,
    0x00, 0x3e, 0xb3, 0x00, 0x00, 0xa0, 0x5c, 0x00, 0x00, 0xe1, 0x23, 0x00, 0x03, 0xfe, 0x08, 0x00,
    0x03, 0xfe, 0x08, 0x00, 0x00, 0xe1, 0x23, 0x00, 0x00, 0xa0, 0x5b, 0x00, 0x00, 0x3d, 0xb3, 0x00,
    0x00, 0x00, 0xb8, 0x2a, 0x04, 0xcb, 0x12, 0x00, 0x00, 0x6b, 0x85, 0x00, 0x00, 0x15, 0xe5, 0x01,
    0x00, 0x00, 0xda, 0x2b, 0x00, 0x00, 0xbd, 0x4d, 0x00, 0x00, 0xbe, 0x4c, 0x00, 0x00, 0xd9, 0x2b,
    0x00, 0x14, 0xe5, 0x01, 0x00, 0x6a, 0x86, 0x00, 0x03, 0xcb, 0x13, 0x00, 0x00, 0x00, 0x90, 0x10,
    0x00, 0x00, 0x70, 0x55, 0x90, 0x22, 0xa9, 0x0a, 0x03, 0x7b, 0xe1, 0xb5, 0x2b, 0x00, 0x03, 0x7a,
    0xe1, 0xb4, 0x2a, 0x00, 0x70, 0x55, 0x90, 0x22, 0xa9, 0x0a, 0x00, 0x00, 0x90, 0x10, 0x00, 0x00,
    0x00, 0x00, 0x00, 0xd8, 0x10, 0x00, 0x00, 0x00, 0x00, 0x00, 0x00, 0xd8, 0x10, 0x00, 0x00, 0x00,
    0x00, 0x00, 0x00, 0xd8, 0x10, 0x00, 0x00, 0x00, 0xd4, 0xff, 0xff, 0xff, 0xff, 0xff, 0xff, 0x0c,
    0x00, 0x00, 0x00, 0xd8, 0x10, 0x00, 0x00, 0x00, 0x00, 0x00, 0x00, 0xd8, 0x10, 0x00, 0x00, 0x00,
    0x00, 0x00, 0x00, 0xd8, 0x10, 0x00, 0x00, 0x00, 0x00, 0xb8, 0x64, 0x08, 0xcb, 0x09, 0x78, 0xff,
    0xff, 0x70, 0xd4, 0x50, 0x00, 0x00, 0x5c, 0x8b, 0x00, 0x00, 0xac, 0x3c, 0x00, 0x07, 0xdd, 0x02,
    0x00, 0x4b, 0x9d, 0x00, 0x00, 0x9a, 0x4d, 0x00, 0x01, 0xdc, 0x09, 0x00, 0x39, 0xae, 0x00, 0x00,
    0x89, 0x5f, 0x00, 0x00, 0xd4, 0x13, 0x00, 0x00, 0x00, 0x29, 0xca, 0xf9, 0xc9, 0x25, 0x00, 0x00,
    0xc6, 0x82, 0x10, 0x82, 0xbf, 0x00, 0x1d, 0xf5, 0x08, 0x00, 0x08, 0xf5, 0x18, 0x3b, 0xda, 0x00,
    0x00, 0x00, 0xda, 0x36, 0x3b, 0xd9, 0x00, 0x00, 0x00, 0xdb, 0x36, 0x1d, 0xf5, 0x08, 0x00, 0x08,
    0xf5, 0x18, 0x00, 0xc8, 0x82, 0x10, 0x82, 0xc0, 0x00, 0x00, 0x2b, 0xcc, 0xfa, 0xca, 0x27, 0x00,
    0xcc, 0xff, 0xff, 0x38, 0x00, 0x00, 0x00, 0xdc, 0x38, 0x00, 0x00, 0x00, 0xdc, 0x38, 0x00, 0x00,
    0x00, 0xdc, 0x38, 0x00, 0x00, 0x00, 0xdc, 0x38, 0x00, 0x00, 0x00, 0xdc, 0x38, 0x00, 0x00, 0x00,
    0xdc, 0x38, 0x00, 0xa4, 0xff, 0xff, 0xff, 0xfc, 0x01, 0x64, 0xd9, 0xf1, 0xb3, 0x1b, 0x22, 0x9a,
    0x26, 0x10, 0xa5, 0xaf, 0x00, 0x00, 0x00, 0x00, 0x4d, 0xca, 0x00, 0x00, 0x00, 0x02, 0xb4, 0x70,
    0x00, 0x00, 0x01, 0x9a, 0x9e, 0x01, 0x00, 0x03, 0xa1, 0x9d, 0x01, 0x00, 0x04, 0xa9, 0x9b, 0x01,
    0x00, 0x00, 0x30, 0xff, 0xff, 0xff, 0xff, 0xe4, 0x00, 0x46, 0xcd, 0xf5, 0xc9, 0x39, 0x00, 0x00,
    0x9b, 0x2d, 0x09, 0x76, 0xd7, 0x00, 0x00, 0x00, 0x00, 0x07, 0x70, 0xbf, 0x00, 0x00, 0x00, 0xc8,
    0xff, 0xe5, 0x28, 0x00, 0x00, 0x00, 0x00, 0x0b, 0x76, 0xd9, 0x02, 0x00, 0x00, 0x00, 0x00, 0x06,
    0xfe, 0x14, 0x25, 0x81, 0x19, 0x10, 0x7d, 0xdd, 0x00, 0x02, 0x73, 0xe2, 0xf0, 0xb9, 0x2b, 0x00,
    0x00, 0x00, 0x00, 0x77, 0xff, 0x3c, 0x00, 0x00, 0x00, 0x2a, 0xb8, 0xd9, 0x3c, 0x00, 0x00, 0x03,
    0xbf, 0x22, 0xd8, 0x3c, 0x00, 0x00, 0x7b, 0x6b, 0x00, 0xd8, 0x3c, 0x00, 0x2d, 0xb9, 0x01, 0x00,
    0xd8, 0x3c, 0x00, 0x78, 0xff, 0xff, 0xff, 0xff, 0xff, 0x60, 0x00, 0x00, 0x00, 0x00, 0xd8, 0x3c,
    0x00, 0x00, 0x00, 0x00, 0x00, 0xd8, 0x3c, 0x00, 0x00, 0xd0, 0xff, 0xff, 0xff, 0x74, 0x00, 0x00,
    0xd0, 0x30, 0x00, 0x00, 0x00, 0x00, 0x00, 0xd0, 0x30, 0x00, 0x00, 0x00, 0x00, 0x00, 0xd0, 0xf0,
    0xf1, 0xb6, 0x23, 0x00, 0x00, 0x00, 0x00, 0x13, 0x92, 0xc8, 0x00, 0x00, 0x00, 0x00, 0x00, 0x1a,
    0xfa, 0x01, 0x00, 0x00, 0x00, 0x13, 0x92, 0xc7, 0x00, 0x28, 0xff, 0xff, 0xef, 0xb2, 0x21, 0x00,
    0x00, 0x07, 0x94, 0xed, 0xff, 0xc8, 0x00, 0x00, 0x8e, 0xc1, 0x23, 0x00, 0x00, 0x00, 0x09, 0xf8,
    0x28, 0x00, 0x00, 0x00, 0x00, 0x2b, 0xee, 0x89, 0xf5, 0xdd, 0x58, 0x00, 0x2f, 0xff, 0x7c, 0x0b,
    0x45, 0xf4, 0x1c, 0x11, 0xfe, 0x16, 0x00, 0x00, 0xd3, 0x44, 0x00, 0xb6, 0x7c, 0x0a, 0x45, 0xf2,
    0x1a, 0x00, 0x20, 0xc1, 0xf8, 0xd9, 0x50, 0x00, 0x18, 0xff, 0xff, 0xff, 0xff, 0xf8, 0x08, 0x00,
    0x00, 0x00, 0x00, 0x73, 0xa7, 0x00, 0x00, 0x00, 0x00, 0x00, 0xd6, 0x44, 0x00, 0x00, 0x00, 0x00,
    0x3b, 0xdf, 0x01, 0x00, 0x00, 0x00, 0x00, 0x9f, 0x7e, 0x00, 0x00, 0x00, 0x00, 0x0d, 0xf2, 0x1e,
    0x00, 0x00, 0x00, 0x00, 0x67, 0xb8, 0x00, 0x00, 0x00, 0x00, 0x00, 0xca, 0x55, 0x00, 0x00, 0x00,
    0x00, 0x55, 0xd9, 0xf8, 0xd9, 0x54, 0x00, 0x04, 0xf6, 0x4d, 0x07, 0x4f, 0xf6, 0x04, 0x01, 0xdc,
    0x4d, 0x06, 0x4f, 0xdc, 0x00, 0x00, 0x3a, 0xef, 0xff, 0xef, 0x39, 0x00, 0x0d, 0xe7, 0x52, 0x09,
    0x54, 0xe7, 0x0c, 0x36, 0xe3, 0x00, 0x00, 0x00, 0xe4, 0x35, 0x13, 0xf5, 0x50, 0x09, 0x51, 0xf4,
    0x12, 0x00, 0x52, 0xd7, 0xf7, 0xd7, 0x50, 0x00, 0x00, 0x53, 0xd9, 0xf7, 0xbd, 0x1c, 0x00, 0x1b,
    0xf2, 0x44, 0x0a, 0x7e, 0xb0, 0x00, 0x45, 0xd2, 0x00, 0x00, 0x17, 0xfd, 0x0d, 0x1c, 0xf3, 0x41,
    0x0a, 0x7c, 0xff, 0x2a, 0x00, 0x59, 0xdd, 0xf5, 0x86, 0xf2, 0x25, 0x00, 0x00, 0x00, 0x00, 0x2e,
    0xf6, 0x05, 0x00, 0x00, 0x00, 0x24, 0xc6, 0x88, 0x00, 0x00, 0xcc, 0xff, 0xee, 0x93, 0x06, 0x00,
    0xb4, 0x6c, 0x00, 0x00, 0x00, 0x00, 0x00, 0x00, 0x00, 0x00, 0xb4, 0x6c, 0x00, 0xb4, 0x6c, 0x00,
    0x00, 0x00, 0x00, 0x00, 0x00, 0x00, 0x00, 0x00, 0x00, 0x00, 0x00, 0x00, 0xb8, 0x64, 0x08, 0xcb,
    0x09, 0x00, 0x00, 0x00, 0x00, 0x14, 0x6c, 0xcb, 0x0b, 0x00, 0x05, 0x50, 0xaf, 0xe2, 0x8f, 0x33,
    0x00, 0x80, 0xe1, 0xa5, 0x49, 0x03, 0x00, 0x00, 0x00, 0x80, 0xe1, 0xa4, 0x48, 0x03, 0x00, 0x00,
    0x00, 0x00, 0x06, 0x51, 0xb0, 0xe2, 0x8e, 0x32, 0x00, 0x00, 0x00, 0x00, 0x00, 0x14, 0x6d, 0xcc,
    0x0b, 0xd4, 0xff, 0xff, 0xff, 0xff, 0xff, 0xff, 0x0c, 0x00, 0x00, 0x00, 0x00, 0x00, 0x00, 0x00,
    0x00, 0xd4, 0xff, 0xff, 0xff, 0xff, 0xff, 0xff, 0x0c, 0xb3, 0x81, 0x23, 0x00, 0x00, 0x00, 0x00,
    0x00, 0x20, 0x7b, 0xd7, 0xc3, 0x65, 0x0f, 0x00, 0x00, 0x00, 0x00, 0x00, 0x34, 0x91, 0xe0, 0xa7,
    0x05, 0x00, 0x00, 0x00, 0x33, 0x90, 0xe0, 0xa8, 0x05, 0x1f, 0x7a, 0xd6, 0xc4, 0x66, 0x0f, 0x00,
    0x00, 0xb3, 0x82, 0x24, 0x00, 0x00, 0x00, 0x00, 0x00, 0x34, 0xff, 0xff, 0xe8, 0x6c, 0x00, 0x00,
    0x00, 0x02, 0x43, 0xfc, 0x06, 0x00, 0x00, 0x00, 0x80, 0xbf, 0x00, 0x00, 0x00, 0x5d, 0xd4, 0x0f,
    0x00, 0x00, 0x00, 0xc9, 0x3f, 0x00, 0x00, 0x00, 0x00, 0xdf, 0x28, 0x00, 0x00, 0x00, 0x00, 0x00,
    0x00, 0x00, 0x00, 0x00, 0x00, 0xe8, 0x30, 0x00, 0x00, 0x00, 0x00, 0x0a, 0x7d, 0xd7, 0xf9, 0xe7,
    0xa0, 0x23, 0x00, 0x00, 0x00, 0x0f, 0xce, 0x99, 0x2f, 0x09, 0x18, 0x66, 0xdb, 0x37, 0x00, 0x00,
    0x9d, 0x68, 0x00, 0x00, 0x00, 0x00, 0x00, 0x25, 0xc8, 0x01, 0x0f, 0xc7, 0x00, 0x28, 0xcf, 0xed,
    0x86, 0xc4, 0x00, 0xa4, 0x22, 0x3c, 0x8b, 0x00, 0xaa, 0x5e, 0x07, 0x5a, 0xc7, 0x00, 0xa1, 0x26,
    0x3d, 0x88, 0x00, 0xab, 0x5d, 0x06, 0x56, 0xc9, 0x48, 0xc8, 0x02, 0x11, 0xc7, 0x00, 0x2a, 0xd0,
    0xee, 0x84, 0xe7, 0xab, 0x1f, 0x00, 0x00, 0xa4, 0x62, 0x00, 0x00, 0x00, 0x00, 0x00, 0x00, 0x00,
    0x00, 0x00, 0x12, 0xd3, 0x98, 0x24, 0x07, 0x2b, 0x97, 0x65, 0x00, 0x00, 0x00, 0x00, 0x0d, 0x86,
    0xdd, 0xf8, 0xdb, 0x93, 0x1a, 0x00, 0x00, 0x00, 0x00, 0x13, 0xf9, 0x90, 0x00, 0x00, 0x00, 0x00,
    0x00, 0x6f, 0xaf, 0xe7, 0x06, 0x00, 0x00, 0x00, 0x00, 0xd0, 0x39, 0xb3, 0x54, 0x00, 0x00, 0x00,
    0x32, 0xd8, 0x00, 0x53, 0xb6, 0x00, 0x00, 0x00, 0x93, 0x78, 0x00, 0x06, 0xea, 0x1b, 0x00, 0x07,
    0xed, 0xff, 0xff, 0xff, 0xff, 0x7a, 0x00, 0x56, 0xc5, 0x00, 0x00, 0x00, 0x3e, 0xdb, 0x00, 0xb7,
    0x69, 0x00, 0x00, 0x00, 0x01, 0xde, 0x3e, 0xec, 0xff, 0xff, 0xed, 0x9d, 0x06, 0xec, 0x2c, 0x00,
    0x1c, 0xd6, 0x5b, 0xec, 0x2c, 0x00, 0x1b, 0xd6, 0x49, 0xec, 0xff, 0xff, 0xff, 0xaa, 0x00, 0xec,
    0x2c, 0x00, 0x18, 0xbc, 0x74, 0xec, 0x2c, 0x00, 0x00, 0x6a, 0xb9, 0xec, 0x2c, 0x00, 0x16, 0xba,
    0x91, 0xec, 0xff, 0xff, 0xee, 0xa9, 0x11, 0x00, 0x05, 0x82, 0xdf, 0xf7, 0xd0, 0x5c, 0x00, 0x00,
    0xa4, 0xc9, 0x36, 0x0b, 0x2c, 0xa2, 0x13, 0x25, 0xf9, 0x1c, 0x00, 0x00, 0x00, 0x00, 0x00, 0x56,
    0xd5, 0x00, 0x00, 0x00, 0x00, 0x00, 0x00, 0x57, 0xd5, 0x00, 0x00, 0x00, 0x00, 0x00, 0x00, 0x25,
    0xf9, 0x1b, 0x00, 0x00, 0x00, 0x00, 0x00, 0x00, 0xa7, 0xc7, 0x34, 0x0a, 0x2c, 0xa1, 0x13, 0x00,
    0x06, 0x85, 0xe1, 0xf8, 0xd1, 0x5d, 0x00, 0xec, 0xff, 0xfc, 0xe7, 0xad, 0x34, 0x00, 0xec, 0x2c,
    0x04, 0x22, 0x83, 0xf6, 0x2e, 0xec, 0x2c, 0x00, 0x00, 0x00, 0xa5, 0x9f, 0xec, 0x2c, 0x00, 0x00,
    0x00, 0x66, 0xca, 0xec, 0x2c, 0x00, 0x00, 0x00, 0x67, 0xca, 0xec, 0x2c, 0x00, 0x00, 0x00, 0xa6,
    0x9e, 0xec, 0x2c, 0x04, 0x21, 0x82, 0xf6, 0x2f, 0xec, 0xff, 0xfc, 0xe9, 0xae, 0x34, 0x00, 0xec,
    0xff, 0xff, 0xff, 0xff, 0x28, 0xec, 0x2c, 0x00, 0x00, 0x00, 0x00, 0xec, 0x2c, 0x00, 0x00, 0x00,
    0x00, 0xec, 0xff, 0xff, 0xff, 0xfc, 0x00, 0xec, 0x2c, 0x00, 0x00, 0x00, 0x00, 0xec, 0x2c, 0x00,
    0x00, 0x00, 0x00, 0xec, 0x2c, 0x00, 0x00, 0x00, 0x00, 0xec, 0xff, 0xff, 0xff, 0xff, 0x40, 0xec,
    0xff, 0xff, 0xff, 0xb0, 0xec, 0x2c, 0x00, 0x00, 0x00, 0xec, 0x2c, 0x00, 0x00, 0x00, 0xec, 0xff,
    0xff, 0xff, 0x58, 0xec, 0x2c, 0x00, 0x00, 0x00, 0xec, 0x2c, 0x00, 0x00, 0x00, 0xec, 0x2c, 0x00,
    0x00, 0x00, 0xec, 0x2c, 0x00, 0x00, 0x00, 0x00, 0x05, 0x80, 0xdd, 0xf9, 0xd9, 0x85, 0x0c, 0x00,
    0xa4, 0xc9, 0x38, 0x0b, 0x24, 0x79, 0x5b, 0x25, 0xf9, 0x1c, 0x00, 0x00, 0x00, 0x00, 0x00, 0x56,
    0xd6, 0x00, 0x00, 0x00, 0x00, 0x00, 0x00, 0x56, 0xd5, 0x00, 0x00, 0x38, 0xff, 0xff, 0xa0, 0x25,
    0xf9, 0x1b, 0x00, 0x00, 0x00, 0x74, 0xa0, 0x00, 0xa6, 0xc7, 0x37, 0x0a, 0x11, 0x94, 0x9f, 0x00,
    0x06, 0x83, 0xdf, 0xf9, 0xde, 0x98, 0x19, 0xec, 0x2c, 0x00, 0x00, 0x00, 0xe4, 0x30, 0xec, 0x2c,
    0x00, 0x00, 0x00, 0xe4, 0x30, 0xec, 0x2c, 0x00, 0x00, 0x00, 0xe4, 0x30, 0xec, 0xff, 0xff, 0xff,
    0xff, 0xff, 0x30, 0xec, 0x2c, 0x00, 0x00, 0x00, 0xe4, 0x30, 0xec, 0x2c, 0x00, 0x00, 0x00, 0xe4,
    0x30, 0xec, 0x2c, 0x00, 0x00, 0x00, 0xe4, 0x30, 0xec, 0x2c, 0x00, 0x00, 0x00, 0xe4, 0x30, 0xec,
    0x2c, 0xec, 0x2c, 0xec, 0x2c, 0xec, 0x2c, 0xec, 0x2c, 0xec, 0x2c, 0xec, 0x2c, 0xec, 0x2c, 0x00,
    0x00, 0xec, 0x2c, 0x00, 0x00, 0xec, 0x2c, 0x00, 0x00, 0xec, 0x2c, 0x00, 0x00, 0xec, 0x2c, 0x00,
    0x00, 0xec, 0x2c, 0x00, 0x00, 0xec, 0x2c, 0x00, 0x00, 0xec, 0x2c, 0x00, 0x00, 0xf3, 0x23, 0x01,
    0x44, 0xf3, 0x07, 0x8f, 0xe5, 0x5d, 0x00, 0xec, 0x2c, 0x00, 0x0a, 0xb9, 0x9c, 0x02, 0xec, 0x2c,
    0x0f, 0xc4, 0x8e, 0x01, 0x00, 0xec, 0x42, 0xcf, 0x80, 0x00, 0x00, 0x00, 0xec, 0xec, 0x81, 0x00,
    0x00, 0x00, 0x00, 0xec, 0xa2, 0xd9, 0x19, 0x00, 0x00, 0x00, 0xec, 0x2c, 0x79, 0xd8, 0x19, 0x00,
    0x00, 0xec, 0x2c, 0x00, 0x7a, 0xd8, 0x18, 0x00, 0xec, 0x2c, 0x00, 0x00, 0x7b, 0xd7, 0x18, 0xec,
    0x2c, 0x00, 0x00, 0x00, 0x00, 0xec, 0x2c, 0x00, 0x00, 0x00, 0x00, 0xec, 0x2c, 0x00, 0x00, 0x00,
    0x00, 0xec, 0x2c, 0x00, 0x00, 0x00, 0x00, 0xec, 0x2c, 0x00, 0x00, 0x00, 0x00, 0xec, 0x2c, 0x00,
    0x00, 0x00, 0x00, 0xec, 0x2c, 0x00, 0x00, 0x00, 0x00, 0xec, 0xff, 0xff, 0xff, 0xff, 0x10, 0xec,
    0xe3, 0x03, 0x00, 0x00, 0x68, 0xff, 0x6c, 0xec, 0xc2, 0x4f, 0x00, 0x00, 0xcd, 0xc4, 0x6c, 0xec,
    0x5a, 0xb6, 0x00, 0x37, 0xb6, 0xa4, 0x6c, 0xec, 0x20, 0xce, 0x20, 0x9f, 0x4e, 0xa4, 0x6c, 0xec,
    0x20, 0x69, 0x95, 0xd9, 0x03, 0xa4, 0x6c, 0xec, 0x20, 0x0d, 0xf2, 0x7f, 0x00, 0xa4, 0x6c, 0xec,
    0x20, 0x00, 0x00, 0x00, 0x00, 0xa4, 0x6c, 0xec, 0x20, 0x00, 0x00, 0x00, 0x00, 0xa4, 0x6c, 0xec,
    0xcd, 0x01, 0x00, 0x00, 0xe8, 0x28, 0xec, 0xe0, 0x57, 0x00, 0x00, 0xe8, 0x28, 0xec, 0x5e, 0xda,
    0x04, 0x00, 0xe8, 0x28, 0xec, 0x20, 0xb6, 0x67, 0x00, 0xe8, 0x28, 0xec, 0x20, 0x2f, 0xe3, 0x09,
    0xe8, 0x28, 0xec, 0x20, 0x00, 0xa5, 0x76, 0xe8, 0x28, 0xec, 0x20, 0x00, 0x22, 0xe8, 0xf1, 0x28,
    0xec, 0x20, 0x00, 0x00, 0x94, 0xff, 0x28, 0x00, 0x07, 0x8a, 0xe5, 0xf9, 0xd2, 0x55, 0x00, 0x00,
    0x00, 0xa6, 0xc7, 0x2e, 0x0d, 0x54, 0xef, 0x52, 0x00, 0x24, 0xf9, 0x1c, 0x00, 0x00, 0x00, 0x6f,
    0xcf, 0x00, 0x56, 0xd5, 0x00, 0x00, 0x00, 0x00, 0x2e, 0xfe, 0x03, 0x56, 0xd5, 0x00, 0x00, 0x00,
    0x00, 0x2e, 0xfe, 0x03, 0x25, 0xf9, 0x1b, 0x00, 0x00, 0x00, 0x6e, 0xcf, 0x00, 0x00, 0xa9, 0xc4,
    0x2c, 0x0d, 0x52, 0xee, 0x54, 0x00, 0x00, 0x08, 0x8c, 0xe6, 0xfa, 0xd4, 0x58, 0x00, 0x00, 0xec,
    0xff, 0xfb, 0xd9, 0x55, 0x00, 0xec, 0x2c, 0x04, 0x54, 0xf7, 0x13, 0xec, 0x2c, 0x00, 0x00, 0xef,
    0x35, 0xec, 0x2c, 0x03, 0x54, 0xf8, 0x13, 0xec, 0xff, 0xfc, 0xdb, 0x58, 0x00, 0xec, 0x2c, 0x00,
    0x00, 0x00, 0x00, 0xec, 0x2c, 0x00, 0x00, 0x00, 0x00, 0xec, 0x2c, 0x00, 0x00, 0x00, 0x00, 0x00,
    0x07, 0x8a, 0xe5, 0xf9, 0xd3, 0x57, 0x00, 0x00, 0x00, 0xa6, 0xc7, 0x2e, 0x0d, 0x54, 0xef, 0x55,
    0x00, 0x24, 0xf9, 0x1c, 0x00, 0x00, 0x00, 0x6f, 0xd1, 0x00, 0x56, 0xd5, 0x00, 0x00, 0x00, 0x00,
    0x2e, 0xfe, 0x03, 0x4d, 0xd5, 0x00, 0x00, 0x00, 0x00, 0x2e, 0xfa, 0x02, 0x20, 0xf8, 0x1b, 0x00,
    0x00, 0x00, 0x6e, 0xc8, 0x00, 0x00, 0x9f, 0xc4, 0x2c, 0x0d, 0x52, 0xeb, 0x48, 0x00, 0x00, 0x08,
    0x8e, 0xe7, 0xff, 0xfb, 0x49, 0x00, 0x00, 0x00, 0x00, 0x00, 0x00, 0x05, 0x9b, 0xb6, 0x09, 0x00,
    0xec, 0xff, 0xfc, 0xdb, 0x5a, 0x00, 0x00, 0xec, 0x2c, 0x04, 0x4f, 0xf9, 0x14, 0x00, 0xec, 0x2c,
    0x00, 0x00, 0xee, 0x37, 0x00, 0xec, 0x2c, 0x03, 0x4f, 0xf4, 0x11, 0x00, 0xec, 0xff, 0xff, 0xfe,
    0x53, 0x00, 0x00, 0xec, 0x2c, 0x05, 0x6a, 0xd6, 0x07, 0x00, 0xec, 0x2c, 0x00, 0x00, 0xae, 0x77,
    0x00, 0xec, 0x2c, 0x00, 0x00, 0x25, 0xec, 0x17, 0x00, 0x5a, 0xd7, 0xf5, 0xc5, 0x3f, 0x00, 0x20,
    0xf6, 0x49, 0x09, 0x37, 0xa3, 0x00, 0x38, 0xe0, 0x00, 0x00, 0x00, 0x00, 0x00, 0x03, 0xb3, 0xbd,
    0x77, 0x3f, 0x03, 0x00, 0x00, 0x00, 0x2a, 0x62, 0xb0, 0xc8, 0x09, 0x00, 0x00, 0x00, 0x00, 0x00,
    0xd6, 0x4f, 0x3b, 0x90, 0x28, 0x08, 0x44, 0xf5, 0x37, 0x04, 0x6d, 0xd6, 0xf7, 0xda, 0x6e, 0x00,
    0x08, 0xff, 0xff, 0xff, 0xff, 0xff, 0xff, 0xc0, 0x00, 0x00, 0x00, 0x30, 0xe8, 0x00, 0x00, 0x00,
    0x00, 0x00, 0x00, 0x30, 0xe8, 0x00, 0x00, 0x00, 0x00, 0x00, 0x00, 0x30, 0xe8, 0x00, 0x00, 0x00,
    0x00, 0x00, 0x00, 0x30, 0xe8, 0x00, 0x00, 0x00, 0x00, 0x00, 0x00, 0x30, 0xe8, 0x00, 0x00, 0x00,
    0x00, 0x00, 0x00, 0x30, 0xe8, 0x00, 0x00, 0x00, 0x00, 0x00, 0x00, 0x30, 0xe8, 0x00, 0x00, 0x00,
    0x0c, 0xff, 0x0c, 0x00, 0x00, 0x00, 0xff, 0x18, 0x0c, 0xff, 0x0c, 0x00, 0x00, 0x00, 0xff, 0x18,
    0x0c, 0xff, 0x0c, 0x00, 0x00, 0x00, 0xff, 0x18, 0x0c, 0xff, 0x0c, 0x00, 0x00, 0x00, 0xff, 0x18,
    0x0b, 0xff, 0x0d, 0x00, 0x00, 0x01, 0xff, 0x17, 0x00, 0xf3, 0x26, 0x00, 0x00, 0x1b, 0xfa, 0x03,
    0x00, 0xab, 0xa6, 0x15, 0x12, 0x9d, 0xb4, 0x00, 0x00, 0x16, 0xa8, 0xec, 0xee, 0xad, 0x19, 0x00,
    0xb8, 0x67, 0x00, 0x00, 0x00, 0x01, 0xdf, 0x3e, 0x56, 0xc8, 0x00, 0x00, 0x00, 0x41, 0xdb, 0x00,
    0x07, 0xed, 0x2a, 0x00, 0x00, 0xa2, 0x7a, 0x00, 0x00, 0x93, 0x8a, 0x00, 0x0d, 0xf2, 0x1b, 0x00,
    0x00, 0x32, 0xe7, 0x04, 0x64, 0xb6, 0x00, 0x00, 0x00, 0x00, 0xd0, 0x4c, 0xc5, 0x54, 0x00, 0x00,
    0x00, 0x00, 0x6f, 0xcc, 0xeb, 0x06, 0x00, 0x00, 0x00, 0x00, 0x13, 0xf9, 0x90, 0x00, 0x00, 0x00,
    0x84, 0x97, 0x00, 0x00, 0x4c, 0xff, 0x2b, 0x00, 0x00, 0xb4, 0x63, 0x44, 0xd6, 0x00, 0x00, 0x8c,
    0xc8, 0x6b, 0x00, 0x03, 0xf0, 0x22, 0x09, 0xf8, 0x16, 0x00, 0xcb, 0x4c, 0xab, 0x00, 0x34, 0xe2,
    0x00, 0x00, 0xc3, 0x55, 0x0e, 0xd5, 0x03, 0xdb, 0x00, 0x74, 0xa1, 0x00, 0x00, 0x82, 0x94, 0x4c,
    0x99, 0x00, 0xb6, 0x2b, 0xb4, 0x61, 0x00, 0x00, 0x42, 0xd3, 0x8c, 0x5a, 0x00, 0x78, 0x6d, 0xf0,
    0x20, 0x00, 0x00, 0x08, 0xf7, 0xdc, 0x1a, 0x00, 0x3a, 0xda, 0xe0, 0x00, 0x00, 0x00, 0x00, 0xc0,
    0xdb, 0x00, 0x00, 0x05, 0xf5, 0xa0, 0x00, 0x00, 0x13, 0xe4, 0x34, 0x00, 0x00, 0x81, 0xab, 0x00,
    0x00, 0x50, 0xd4, 0x06, 0x36, 0xe2, 0x13, 0x00, 0x00, 0x00, 0xa6, 0x8e, 0xd8, 0x4a, 0x00, 0x00,
    0x00, 0x00, 0x13, 0xef, 0x9f, 0x00, 0x00, 0x00, 0x00, 0x00, 0x44, 0xec, 0xd4, 0x06, 0x00, 0x00,
    0x00, 0x10, 0xe0, 0x3c, 0xa7, 0x85, 0x00, 0x00, 0x00, 0xa4, 0x88, 0x00, 0x13, 0xe4, 0x33, 0x00,
    0x53, 0xd1, 0x06, 0x00, 0x00, 0x51, 0xd3, 0x06, 0xad, 0x7d, 0x00, 0x00, 0x01, 0xc0, 0x65, 0x16,
    0xe5, 0x2f, 0x00, 0x6d, 0xb8, 0x00, 0x00, 0x54, 0xd0, 0x28, 0xe4, 0x1b, 0x00, 0x00, 0x00, 0xa7,
    0xf0, 0x5e, 0x00, 0x00, 0x00, 0x00, 0x33, 0xea, 0x00, 0x00, 0x00, 0x00, 0x00, 0x30, 0xe8, 0x00,
    0x00, 0x00, 0x00, 0x00, 0x30, 0xe8, 0x00, 0x00, 0x00, 0x00, 0x00, 0x30, 0xe8, 0x00, 0x00, 0x00,
    0x60, 0xff, 0xff, 0xff, 0xff, 0xff, 0xe8, 0x00, 0x00, 0x00, 0x00, 0x00, 0x0a, 0xce, 0x5b, 0x00,
    0x00, 0x00, 0x00, 0x00, 0xa9, 0x89, 0x00, 0x00, 0x00, 0x00, 0x00, 0x7c, 0xb4, 0x02, 0x00, 0x00,
    0x00, 0x00, 0x4e, 0xd4, 0x0e, 0x00, 0x00, 0x00, 0x00, 0x2b, 0xe1, 0x24, 0x00, 0x00, 0x00, 0x00,
    0x12, 0xd9, 0x45, 0x00, 0x00, 0x00, 0x00, 0x00, 0x7c, 0xff, 0xff, 0xff, 0xff, 0xff, 0xff, 0x0c,
    0x0c, 0xff, 0xff, 0x38, 0x0c, 0xf0, 0x00, 0x00, 0x0c, 0xf0, 0x00, 0x00, 0x0c, 0xf0, 0x00, 0x00,
    0x0c, 0xf0, 0x00, 0x00, 0x0c, 0xf0, 0x00, 0x00, 0x0c, 0xf0, 0x00, 0x00, 0x0c, 0xf0, 0x00, 0x00,
    0x0c, 0xf0, 0x00, 0x00, 0x0c, 0xff, 0xff, 0x38, 0xd4, 0x13, 0x00, 0x00, 0x89, 0x5f, 0x00, 0x00,
    0x39, 0xae, 0x00, 0x00, 0x01, 0xdc, 0x09, 0x00, 0x00, 0x9a, 0x4d, 0x00, 0x00, 0x4b, 0x9d, 0x00,
    0x00, 0x07, 0xdd, 0x02, 0x00, 0x00, 0xac, 0x3c, 0x00, 0x00, 0x5c, 0x8c, 0xf0, 0xff, 0x58, 0x00,
    0xa4, 0x58, 0x00, 0xa4, 0x58, 0x00, 0xa4, 0x58, 0x00, 0xa4, 0x58, 0x00, 0xa4, 0x58, 0x00, 0xa4,
    0x58, 0x00, 0xa4, 0x58, 0x00, 0xa4, 0x58, 0xf0, 0xff, 0x58, 0x00, 0x00, 0x69, 0xfa, 0x9d, 0x01,
    0x00, 0x00, 0x61, 0xcf, 0x21, 0xab, 0x96, 0x00, 0x5a, 0xbc, 0x0f, 0x00, 0x02, 0x93, 0x8f, 0x1c,
    0xff, 0xff, 0xff, 0xff, 0xff, 0x9c, 0x01, 0xa7, 0x58, 0x00, 0x00, 0x07, 0xb4, 0x27, 0x00, 0xe8,
    0xff, 0xf3, 0xb5, 0x16, 0x00, 0x00, 0x00, 0x0b, 0x83, 0x8e, 0x00, 0x81, 0xe5, 0xfd, 0xff, 0xb7,
    0x3a, 0xd8, 0x23, 0x04, 0x4e, 0xbc, 0x43, 0xd4, 0x15, 0x1d, 0xc3, 0xbc, 0x02, 0xa3, 0xf4, 0xd7,
    0x8b, 0xbc, 0xff, 0x00, 0x00, 0x00, 0x00, 0x00, 0xff, 0x00, 0x00, 0x00, 0x00, 0x00, 0xff, 0x00,
    0x00, 0x00, 0x00, 0x00, 0xff, 0x76, 0xe7, 0xdf, 0x50, 0x00, 0xff, 0x8f, 0x0d, 0x45, 0xee, 0x15,
    0xff, 0x12, 0x00, 0x00, 0xb6, 0x4d, 0xff, 0x12, 0x00, 0x00, 0xb7, 0x4d, 0xff, 0x8f, 0x0d, 0x44,
    0xee, 0x15, 0xff, 0x76, 0xe8, 0xe0, 0x50, 0x00, 0x00, 0x3b, 0xc9, 0xf7, 0xff, 0x5c, 0x14, 0xec,
    0x5c, 0x09, 0x00, 0x00, 0x4f, 0xbd, 0x00, 0x00, 0x00, 0x00, 0x50, 0xbc, 0x00, 0x00, 0x00, 0x00,
    0x14, 0xec, 0x59, 0x08, 0x00, 0x00, 0x00, 0x3c, 0xcb, 0xf9, 0xff, 0x5c, 0x00, 0x00, 0x00, 0x00,
    0x00, 0xfc, 0x00, 0x00, 0x00, 0x00, 0x00, 0xfc, 0x00, 0x00, 0x00, 0x00, 0x00, 0xfc, 0x00, 0x52,
    0xe0, 0xe7, 0x74, 0xfc, 0x18, 0xee, 0x43, 0x0e, 0x92, 0xfc, 0x52, 0xb2, 0x00, 0x00, 0x12, 0xfc,
    0x52, 0xb2, 0x00, 0x00, 0x12, 0xfc, 0x18, 0xee, 0x43, 0x0d, 0x92, 0xfc, 0x00, 0x52, 0xe0, 0xe7,
    0x74, 0xfc, 0x00, 0x3a, 0xca, 0xf5, 0xd5, 0x49, 0x00, 0x12, 0xd1, 0x31, 0x06, 0x35, 0xe4, 0x0a,
    0x4e, 0xff, 0xff, 0xff, 0xff, 0xff, 0x2c, 0x4f, 0xbf, 0x00, 0x00, 0x00, 0x00, 0x00, 0x14, 0xeb,
    0x63, 0x0a, 0x00, 0x00, 0x00, 0x00, 0x37, 0xc3, 0xf5, 0xff, 0xf4, 0x00, 0x00, 0x38, 0xde, 0xff,
    0x14, 0x00, 0xad, 0x5f, 0x00, 0x00, 0x00, 0xc9, 0x30, 0x00, 0x00, 0xc0, 0xff, 0xff, 0xd0, 0x00,
    0x00, 0xcc, 0x30, 0x00, 0x00, 0x00, 0xcc, 0x30, 0x00, 0x00, 0x00, 0xcc, 0x30, 0x00, 0x00, 0x00,
    0xcc, 0x30, 0x00, 0x00, 0x00, 0xcc, 0x30, 0x00, 0x00, 0x00, 0x55, 0xe0, 0xe7, 0x74, 0xfc, 0x19,
    0xef, 0x41, 0x0e, 0x92, 0xfc, 0x52, 0xb1, 0x00, 0x00, 0x12, 0xfc, 0x53, 0xb1, 0x00, 0x00, 0x12,
    0xfc, 0x19, 0xef, 0x3f, 0x0d, 0x90, 0xfc, 0x00, 0x57, 0xe1, 0xe7, 0x7e, 0xed, 0x00, 0x00, 0x00,
    0x0e, 0x84, 0xb5, 0x00, 0xac, 0xff, 0xf4, 0xbc, 0x22, 0xff, 0x00, 0x00, 0x00, 0x00, 0x00, 0xff,
    0x00, 0x00, 0x00, 0x00, 0x00, 0xff, 0x00, 0x00, 0x00, 0x00, 0x00, 0xff, 0x71, 0xe6, 0xe5, 0x50,
    0x00, 0xff, 0x82, 0x0c, 0x4a, 0xe2, 0x00, 0xff, 0x08, 0x00, 0x00, 0xf6, 0x05, 0xff, 0x00, 0x00,
    0x00, 0xf4, 0x08, 0xff, 0x00, 0x00, 0x00, 0xf4, 0x08, 0xff, 0x00, 0x00, 0x00, 0xf4, 0x08, 0xf8,
    0x08, 0x00, 0x00, 0xf8, 0x08, 0xf8, 0x08, 0xf8, 0x08, 0xf8, 0x08, 0xf8, 0x08, 0xf8, 0x08, 0x00,
    0x00, 0xf8, 0x08, 0x00, 0x00, 0x00, 0x00, 0x00, 0x00, 0xf8, 0x08, 0x00, 0x00, 0xf8, 0x08, 0x00,
    0x00, 0xf8, 0x08, 0x00, 0x00, 0xf8, 0x08, 0x00, 0x00, 0xf8, 0x08, 0x00, 0x00, 0xf8, 0x06, 0x00,
    0x22, 0xf0, 0x00, 0x34, 0xf2, 0x73, 0x00, 0xff, 0x00, 0x00, 0x00, 0x00, 0x00, 0xff, 0x00, 0x00,
    0x00, 0x00, 0x00, 0xff, 0x00, 0x00, 0x00, 0x00, 0x00, 0xff, 0x00, 0x04, 0x9d, 0x9d, 0x04, 0xff,
    0x0c, 0xb6, 0x81, 0x00, 0x00, 0xff, 0xcc, 0x68, 0x00, 0x00, 0x00, 0xff, 0x8a, 0xb3, 0x07, 0x00,
    0x00, 0xff, 0x00, 0x81, 0xbb, 0x0a, 0x00, 0xff, 0x00, 0x00, 0x76, 0xc3, 0x0e, 0xf8, 0x08, 0xf8,
    0x08, 0xf8, 0x08, 0xf8, 0x08, 0xf8, 0x08, 0xf8, 0x08, 0xf8, 0x08, 0xf8, 0x08, 0xf8, 0x08, 0xff,
    0x7d, 0xe7, 0xe3, 0x41, 0x94, 0xf4, 0xd4, 0x27, 0xff, 0x7f, 0x0b, 0x6c, 0xf7, 0x66, 0x0b, 0x86,
    0xa2, 0xff, 0x08, 0x00, 0x1f, 0xec, 0x00, 0x00, 0x3b, 0xc5, 0xff, 0x00, 0x00, 0x1c, 0xe4, 0x00,
    0x00, 0x38, 0xc8, 0xff, 0x00, 0x00, 0x1c, 0xe4, 0x00, 0x00, 0x38, 0xc8, 0xff, 0x00, 0x00, 0x1c,
    0xe4, 0x00, 0x00, 0x38, 0xc8, 0xff, 0x71, 0xe6, 0xe5, 0x50, 0x00, 0xff, 0x82, 0x0c, 0x4a, 0xe2,
    0x00, 0xff, 0x08, 0x00, 0x00, 0xf6, 0x05, 0xff, 0x00, 0x00, 0x00, 0xf4, 0x08, 0xff, 0x00, 0x00,
    0x00, 0xf4, 0x08, 0xff, 0x00, 0x00, 0x00, 0xf4, 0x08, 0x00, 0x4b, 0xd6, 0xf3, 0xbe, 0x24, 0x00,
    0x18, 0xf0, 0x49, 0x0d, 0x86, 0xc8, 0x00, 0x51, 0xba, 0x00, 0x00, 0x05, 0xfa, 0x0d, 0x52, 0xba,
    0x00, 0x00, 0x05, 0xfa, 0x0d, 0x18, 0xf0, 0x49, 0x0c, 0x84, 0xc8, 0x00, 0x00, 0x4b, 0xd6, 0xf4,
    0xbe, 0x24, 0x00, 0xff, 0x76, 0xe7, 0xdf, 0x50, 0x00, 0xff, 0x8f, 0x0d, 0x45, 0xee, 0x15, 0xff,
    0x12, 0x00, 0x00, 0xb6, 0x4d, 0xff, 0x12, 0x00, 0x00, 0xb7, 0x4d, 0xff, 0x8f, 0x0d, 0x44, 0xee,
    0x15, 0xff, 0x76, 0xe8, 0xe0, 0x50, 0x00, 0xff, 0x00, 0x00, 0x00, 0x00, 0x00, 0xff, 0x00, 0x00,
    0x00, 0x00, 0x00, 0x00, 0x52, 0xe0, 0xe7, 0x74, 0xfc, 0x18, 0xee, 0x43, 0x0e, 0x92, 0xfc, 0x52,
    0xb2, 0x00, 0x00, 0x12, 0xfc, 0x52, 0xb2, 0x00, 0x00, 0x12, 0xfc, 0x18, 0xee, 0x43, 0x0d, 0x92,
    0xfc, 0x00, 0x52, 0xe0, 0xe7, 0x74, 0xfc, 0x00, 0x00, 0x00, 0x00, 0x00, 0xfc, 0x00, 0x00, 0x00,
    0x00, 0x00, 0xfc, 0xff, 0x74, 0xe4, 0x83, 0xff, 0x87, 0x0b, 0x00, 0xff, 0x0d, 0x00, 0x00, 0xff,
    0x00, 0x00, 0x00, 0xff, 0x00, 0x00, 0x00, 0xff, 0x00, 0x00, 0x00, 0x06, 0xa5, 0xf2, 0xff, 0xe0,
    0x00, 0x4c, 0xbe, 0x0f, 0x00, 0x00, 0x00, 0x27, 0xe8, 0x94, 0x54, 0x0a, 0x00, 0x00, 0x1e, 0x6f,
    0xb2, 0xdc, 0x09, 0x00, 0x00, 0x00, 0x1e, 0xeb, 0x1e, 0x68, 0xff, 0xfe, 0xe6, 0x7a, 0x00, 0x00,
    0xfc, 0x04, 0x00, 0x00, 0x00, 0xfc, 0x04, 0x00, 0x00, 0xb4, 0xff, 0xff, 0xff, 0x0c, 0x00, 0xfc,
    0x04, 0x00, 0x00, 0x00, 0xfc, 0x04, 0x00, 0x00, 0x00, 0xfb, 0x04, 0x00, 0x00, 0x00, 0xec, 0x27,
    0x00, 0x00, 0x00, 0x78, 0xf0, 0xff, 0x0c, 0x10, 0xec, 0x00, 0x00, 0x04, 0xf8, 0x10, 0xec, 0x00,
    0x00, 0x04, 0xf8, 0x10, 0xec, 0x00, 0x00, 0x04, 0xf8, 0x0d, 0xef, 0x00, 0x00, 0x0d, 0xf8, 0x00,
    0xea, 0x43, 0x0c, 0x86, 0xf8, 0x00, 0x58, 0xe7, 0xe5, 0x70, 0xf8, 0x7d, 0x8f, 0x00, 0x00, 0x13,
    0xed, 0x0b, 0x1e, 0xe7, 0x04, 0x00, 0x6d, 0x9e, 0x00, 0x00, 0xbd, 0x4e, 0x00, 0xcd, 0x3d, 0x00,
    0x00, 0x5d, 0xad, 0x2c, 0xdc, 0x00, 0x00, 0x00, 0x0a, 0xeb, 0xa0, 0x7c, 0x00, 0x00, 0x00, 0x00,
    0x9c, 0xfd, 0x1e, 0x00, 0x00, 0x67, 0x95, 0x00, 0x36, 0xff, 0x35, 0x00, 0x96, 0x66, 0x24, 0xd8,
    0x00, 0x79, 0xc6, 0x78, 0x00, 0xd9, 0x23, 0x00, 0xe1, 0x1c, 0xbc, 0x3f, 0xbb, 0x1d, 0xe0, 0x00,
    0x00, 0x9f, 0x67, 0xd3, 0x00, 0xd4, 0x68, 0x9e, 0x00, 0x00, 0x5c, 0xe0, 0x98, 0x00, 0x99, 0xe0,
    0x5b, 0x00, 0x00, 0x1a, 0xff, 0x55, 0x00, 0x56, 0xff, 0x19, 0x00, 0x28, 0xe3, 0x1f, 0x00, 0x80,
    0xa8, 0x00, 0x00, 0x5d, 0xc8, 0x46, 0xd9, 0x0e, 0x00, 0x00, 0x00, 0xa0, 0xf6, 0x33, 0x00, 0x00,
    0x00, 0x06, 0xcb, 0xe6, 0x4a, 0x00, 0x00, 0x00, 0x91, 0x98, 0x2b, 0xe2, 0x1c, 0x00, 0x50, 0xd1,
    0x08, 0x00, 0x63, 0xc3, 0x04, 0x77, 0x92, 0x00, 0x00, 0x16, 0xe8, 0x0a, 0x13, 0xe7, 0x09, 0x00,
    0x77, 0x8b, 0x00, 0x00, 0xa0, 0x5f, 0x01, 0xd9, 0x20, 0x00, 0x00, 0x34, 0xc5, 0x46, 0xaf, 0x00,
    0x00, 0x00, 0x00, 0xc9, 0xcf, 0x41, 0x00, 0x00, 0x00, 0x00, 0x61, 0xd3, 0x00, 0x00, 0x00, 0x00,
    0x07, 0x9e, 0x64, 0x00, 0x00, 0x00, 0x20, 0xfd, 0xbb, 0x06, 0x00, 0x00, 0x00, 0x64, 0xff, 0xff,
    0xff, 0xff, 0x49, 0x00, 0x00, 0x00, 0x47, 0xaf, 0x04, 0x00, 0x00, 0x34, 0xbc, 0x0a, 0x00, 0x00,
    0x24, 0xc2, 0x13, 0x00, 0x00, 0x17, 0xc3, 0x20, 0x00, 0x00, 0x00, 0x85, 0xff, 0xff, 0xff, 0xff,
    0x4c, 0x00, 0x00, 0x77, 0xec, 0x9e, 0x00, 0x00, 0xe7, 0x33, 0x00, 0x00, 0x00, 0xf4, 0x0b, 0x00,
    0x00, 0x2e, 0xf4, 0x02, 0x00, 0xa0, 0xff, 0x76, 0x00, 0x00, 0x01, 0x40, 0xeb, 0x00, 0x00, 0x00,
    0x00, 0xf7, 0x0a, 0x00, 0x00, 0x00, 0xf3, 0x0c, 0x00, 0x00, 0x00, 0xe0, 0x3d, 0x00, 0x00, 0x00,
    0x6c, 0xea, 0x9e, 0x9c, 0x50, 0x9c, 0x50, 0x9c, 0x50, 0x9c, 0x50, 0x9c, 0x50, 0x9c, 0x50, 0x9c,
    0x50, 0x9c, 0x50, 0x9c, 0x50, 0x9c, 0x50, 0x9c, 0x50, 0x9f, 0xec, 0x78, 0x00, 0x00, 0x00, 0x32,
    0xe7, 0x00, 0x00, 0x00, 0x0c, 0xf4, 0x00, 0x00, 0x00, 0x02, 0xf5, 0x2c, 0x00, 0x00, 0x00, 0x78,
    0xff, 0xa0, 0x00, 0x00, 0xed, 0x3e, 0x01, 0x00, 0x0a, 0xf6, 0x00, 0x00, 0x00, 0x0c, 0xf3, 0x00,
    0x00, 0x00, 0x3d, 0xdf, 0x00, 0x00, 0x9f, 0xeb, 0x6c, 0x00, 0x00, 0x00, 0x00, 0x00, 0x00, 0x00,
    0x00, 0x00, 0x01, 0x48, 0xd3, 0xf0, 0x98, 0x28, 0x14, 0x9f, 0x0c, 0x7d, 0x25, 0x18, 0x7e, 0xe5,
    0xe2, 0x6e, 0x00,
};

static const uifont_glyph_t uifont_small_glyphs[] = {
    {     0,  9,  9,   1,   9, 11 }, /* 0x01 */
    {    81, 12,  7,   0,   7, 13 }, /* 0x02 */
    {   165,  7,  9,   1,   9,  9 }, /* 0x03 */
    {   228,  5,  4,   2,   9,  9 }, /* 0x04 */
    {   248,  7,  6,   1,   7,  9 }, /* 0x05 */
    {   290,  6,  6,   0,   6,  6 }, /* 0x06 */
    {   326,  9,  8,   0,   7, 10 }, /* 0x07 */
    {     0,  0,  0,   0,   0,  0 }, /* 0x08 */
    {     0,  0,  0,   0,   0,  0 }, /* 0x09 */
    {     0,  0,  0,   0,   0,  0 }, /* 0x0a */
    {   398,  4,  3,   1,   6,  6 }, /* 0x0b */
    {   410,  9,  1,   1,   1, 11 }, /* 0x0c */
    {     0,  0,  0,   0,   0,  0 }, /* 0x0d */
    {   419,  9,  5,   0,   6,  9 }, /* 0x0e */
    {   464,  8,  5,   1,   6,  9 }, /* 0x0f */
    {   504, 11,  1,   0,   3, 11 }, /* 0x10 */
    {   515, 15,  9,   0,   9, 16 }, /* 0x11 */
    {     0,  0,  0,   0,   0,  0 }, /* 0x12 */
    {     0,  0,  0,   0,   0,  0 }, /* 0x13 */
    {     0,  0,  0,   0,   0,  0 }, /* 0x14 */
    {     0,  0,  0,   0,   0,  0 }, /* 0x15 */
    {     0,  0,  0,   0,   0,  0 }, /* 0x16 */
    {     0,  0,  0,   0,   0,  0 }, /* 0x17 */
    {     0,  0,  0,   0,   0,  0 }, /* 0x18 */
    {     0,  0,  0,   0,   0,  0 }, /* 0x19 */
    {     0,  0,  0,   0,   0,  0 }, /* 0x1a */
    {     0,  0,  0,   0,   0,  0 }, /* 0x1b */
    {     0,  0,  0,   0,   0,  0 }, /* 0x1c */
    {     0,  0,  0,   0,   0,  0 }, /* 0x1d */
    {     0,  0,  0,   0,   0,  0 }, /* 0x1e */
    {     0,  0,  0,   0,   0,  0 }, /* 0x1f */
    {     0,  0,  0,   0,   0,  4 }, /* ' ' */
    {   650,  2,  8,   1,   8,  4 }, /* '!' */
    {   666,  3,  3,   1,   8,  5 }, /* '"' */
    {   675,  9,  8,   0,   8,  9 }, /* '#' */
    {   747,  7, 10,   0,   8,  7 }, /* '$' */
    {   817, 10,  8,   0,   8, 10 }, /* '%' */
    {   897,  9,  8,   0,   8,  9 }, /* '&' */
    {   969,  1,  3,   1,   8,  3 }, /* "'" */
    {   972,  4, 10,   0,   9,  4 }, /* '(' */
    {  1012,  4, 10,   0,   9,  4 }, /* ')' */
    {  1052,  6,  6,   0,   8,  6 }, /* '*' */
    {  1088,  8,  7,   1,   7,  9 }, /* '+' */
    {  1144,  3,  2,   0,   1,  4 }, /* ',' */
    {  1150,  4,  1,   0,   4,  4 }, /* '-' */
    {  1154,  2,  1,   1,   1,  4 }, /* '.' */
    {  1156,  4,  9,   0,   8,  4 }, /* '/' */
    {  1192,  7,  8,   0,   8,  7 }, /* '0' */
    {  1248,  5,  8,   1,   8,  7 }, /* '1' */
    {  1288,  6,  8,   0,   8,  7 }, /* '2' */
    {  1336,  7,  8,   0,   8,  7 }, /* '3' */
    {  1392,  7,  8,   0,   8,  7 }, /* '4' */
    {  1448,  7,  8,   0,   8,  7 }, /* '5' */
    {  1504,  7,  8,   0,   8,  7 }, /* '6' */
    {  1560,  7,  8,   0,   8,  7 }, /* '7' */
    {  1616,  7,  8,   0,   8,  7 }, /* '8' */
    {  1672,  7,  8,   0,   8,  7 }, /* '9' */
    {  1728,  2,  6,   1,   6,  4 }, /* ':' */
    {  1740,  3,  7,   0,   6,  4 }, /* ';' */
    {  1761,  8,  6,   1,   6,  9 }, /* '<' */
    {  1809,  8,  3,   1,   5,  9 }, /* '=' */
    {  1833,  8,  6,   1,   6,  9 }, /* '>' */
    {  1881,  6,  8,   0,   8,  6 }, /* '?' */
    {  1929, 11, 10,   0,   8, 11 }, /* '@' */
    {  2039,  8,  8,   0,   8,  8 }, /* 'A' */
    {  2103,  6,  8,   1,   8,  8 }, /* 'B' */
    {  2151,  8,  8,   0,   8,  8 }, /* 'C' */
    {  2215,  7,  8,   1,   8,  8 }, /* 'D' */
    {  2271,  6,  8,   1,   8,  7 }, /* 'E' */
    {  2319,  5,  8,   1,   8,  6 }, /* 'F' */
    {  2359,  8,  8,   0,   8,  9 }, /* 'G' */
    {  2423,  7,  8,   1,   8,  8 }, /* 'H' */
    {  2479,  2,  8,   1,   8,  3 }, /* 'I' */
    {  2495,  4, 10,  -1,   8,  3 }, /* 'J' */
    {  2535,  7,  8,   1,   8,  7 }, /* 'K' */
    {  2591,  6,  8,   1,   8,  6 }, /* 'L' */
    {  2639,  8,  8,   1,   8,  9 }, /* 'M' */
    {  2703,  7,  8,   1,   8,  8 }, /* 'N' */
    {  2759,  9,  8,   0,   8,  9 }, /* 'O' */
    {  2831,  6,  8,   1,   8,  7 }, /* 'P' */
    {  2879,  9,  9,   0,   8,  9 }, /* 'Q' */
    {  2960,  7,  8,   1,   8,  8 }, /* 'R' */
    {  3016,  7,  8,   0,   8,  7 }, /* 'S' */
    {  3072,  8,  8,  -1,   8,  7 }, /* 'T' */
    {  3136,  8,  8,   0,   8,  8 }, /* 'U' */
    {  3200,  8,  8,   0,   8,  8 }, /* 'V' */
    {  3264, 11,  8,   0,   8, 11 }, /* 'W' */
    {  3352,  8,  8,   0,   8,  8 }, /* 'X' */
    {  3416,  7,  8,   0,   8,  7 }, /* 'Y' */
    {  3472,  8,  8,   0,   8,  8 }, /* 'Z' */
    {  3536,  4, 10,   0,   8,  4 }, /* '[' */
    {  3576,  4,  9,   0,   8,  4 }, /* '\\' */
    {  3612,  3, 10,   1,   8,  4 }, /* ']' */
    {  3642,  7,  3,   1,   8,  9 }, /* '^' */
    {  3663,  7,  1,  -1,  -2,  6 }, /* '_' */
    {  3670,  4,  2,   0,   9,  6 }, /* '`' */
    {  3678,  6,  6,   0,   6,  7 }, /* 'a' */
    {  3714,  6,  9,   1,   9,  7 }, /* 'b' */
    {  3768,  6,  6,   0,   6,  6 }, /* 'c' */
    {  3804,  6,  9,   0,   9,  7 }, /* 'd' */
    {  3858,  7,  6,   0,   6,  7 }, /* 'e' */
    {  3900,  5,  9,   0,   9,  4 }, /* 'f' */
    {  3945,  6,  8,   0,   6,  7 }, /* 'g' */
    {  3993,  6,  9,   1,   9,  7 }, /* 'h' */
    {  4047,  2,  8,   1,   8,  3 }, /* 'i' */
    {  4063,  4, 10,  -1,   8,  3 }, /* 'j' */
    {  4103,  6,  9,   1,   9,  6 }, /* 'k' */
    {  4157,  2,  9,   1,   9,  3 }, /* 'l' */
    {  4175,  9,  6,   1,   6, 11 }, /* 'm' */
    {  4229,  6,  6,   1,   6,  7 }, /* 'n' */
    {  4265,  7,  6,   0,   6,  7 }, /* 'o' */
    {  4307,  6,  8,   1,   6,  7 }, /* 'p' */
    {  4355,  6,  8,   0,   6,  7 }, /* 'q' */
    {  4403,  4,  6,   1,   6,  5 }, /* 'r' */
    {  4427,  6,  6,   0,   6,  6 }, /* 's' */
    {  4463,  5,  8,   0,   8,  4 }, /* 't' */
    {  4503,  6,  6,   0,   6,  7 }, /* 'u' */
    {  4539,  7,  6,   0,   6,  7 }, /* 'v' */
    {  4581,  9,  6,   0,   6,  9 }, /* 'w' */
    {  4635,  7,  6,   0,   6,  7 }, /* 'x' */
    {  4677,  7,  8,   0,   6,  7 }, /* 'y' */
    {  4733,  6,  6,   0,   6,  6 }, /* 'z' */
    {  4769,  5, 10,   1,   8,  7 }, /* '{' */
    {  4819,  2, 11,   1,   8,  4 }, /* '|' */
    {  4841,  5, 10,   1,   8,  7 }, /* '}' */
    {  4891,  8,  3,   1,   5,  9 }, /* '~' */
};

const uifont_t uifont_small = {
    1, 126, 11, 3, 14,
    uifont_small_glyphs, uifont_small_pixels
};

/* --- uifont_regular: 126 glyphs, 6460 bytes of coverage ------------ */
static const uint8_t uifont_regular_pixels[] = {
    0x00, 0x82, 0xd3, 0x94, 0x04, 0x00, 0x05, 0x95, 0xd3, 0x80, 0x00, 0x49, 0xc1, 0x1e, 0xa8, 0x68,
    0x00, 0x6a, 0xa8, 0x1e, 0xc1, 0x48, 0x5c, 0xa2, 0x00, 0x60, 0x8f, 0x00, 0x8f, 0x60, 0x00, 0xa2,
    0x5b, 0x08, 0xc2, 0xd9, 0xe2, 0xeb, 0xd0, 0xeb, 0xe2, 0xd9, 0xc0, 0x08, 0x00, 0x00, 0x18, 0x74,
    0x9e, 0x20, 0x9e, 0x74, 0x18, 0x00, 0x00, 0x00, 0x00, 0x00, 0x60, 0x90, 0x00, 0x90, 0x60, 0x00,
    0x00, 0x00, 0x03, 0xa2, 0xee, 0xf6, 0xf9, 0xf0, 0xf9, 0xf6, 0xee, 0xa0, 0x02, 0x54, 0xb2, 0x02,
    0x60, 0x90, 0x00, 0x90, 0x60, 0x02, 0xb2, 0x53, 0x55, 0xb2, 0x04, 0x95, 0x74, 0x00, 0x75, 0x94,
    0x04, 0xb2, 0x53, 0x03, 0xa4, 0xf0, 0xb6, 0x0c, 0x00, 0x0d, 0xb7, 0xf0, 0xa2, 0x03, 0x01, 0x7c,
    0x7c, 0x7c, 0x7c, 0x4a, 0x00, 0x00, 0x00, 0x38, 0x7c, 0x7c, 0x7c, 0x7a, 0x02, 0x98, 0x98, 0x98,
    0x9b, 0xf3, 0x2d, 0x00, 0x00, 0x44, 0x98, 0x98, 0x98, 0x95, 0x00, 0x00, 0x00, 0x00, 0x00, 0x7a,
    0xd5, 0x0a, 0x00, 0x00, 0x00, 0x00, 0x00, 0x00, 0x00, 0x00, 0x00, 0x00, 0x00, 0x02, 0xbb, 0x9c,
    0x00, 0x00, 0x00, 0x00, 0x00, 0x00, 0x00, 0x00, 0x00, 0x00, 0x00, 0x00, 0x18, 0xe9, 0x58, 0x00,
    0x00, 0x00, 0x00, 0x00, 0x00, 0x00, 0x00, 0x00, 0x00, 0x00, 0x00, 0x47, 0xf0, 0x22, 0x00, 0x00,
    0x00, 0x00, 0x00, 0x00, 0x00, 0x00, 0x00, 0x00, 0x00, 0x00, 0x8a, 0xca, 0x16, 0x14, 0x14, 0x13,
    0x00, 0x00, 0x00, 0x00, 0x00, 0x00, 0x00, 0x00, 0x05, 0xc8, 0xff, 0xff, 0xff, 0xfc, 0x00, 0x00,
    0x0f, 0x8b, 0x07, 0x00, 0x00, 0x00, 0x0f, 0xaf, 0x59, 0xa7, 0x07, 0x00, 0x10, 0xc3, 0x47, 0x00,
    0x5c, 0xb4, 0x07, 0x3d, 0x72, 0x98, 0x00, 0xaa, 0x6c, 0x31, 0x00, 0x0c, 0x98, 0x00, 0xa4, 0x00,
    0x00, 0x00, 0x0c, 0x98, 0x00, 0xa4, 0x00, 0x00, 0x00, 0x0c, 0x98, 0x00, 0xa4, 0x00, 0x00, 0x00,
    0x0c, 0x98, 0x00, 0xa4, 0x00, 0x00, 0x00, 0x0c, 0x98, 0x00, 0xa4, 0x00, 0x00, 0x00, 0x0c, 0xda,
    0xa4, 0xd4, 0x00, 0x00, 0x00, 0x00, 0x10, 0x77, 0x07, 0x00, 0x00, 0x00, 0x10, 0xcb, 0xff, 0xb6,
    0x07, 0x00, 0x10, 0xcb, 0xa6, 0x10, 0xbe, 0xb5, 0x06, 0x0d, 0x7b, 0x03, 0x00, 0x0a, 0x7c, 0x05,
    0x00, 0x00, 0x00, 0x00, 0x00, 0x00, 0x0c, 0x1a, 0x00, 0x00, 0x00, 0x00, 0x00, 0x2a, 0xea, 0x4d,
    0x00, 0x00, 0x00, 0x00, 0x0d, 0xda, 0x87, 0x00, 0x00, 0x00, 0x00, 0x00, 0xa3, 0xbc, 0x03, 0x00,
    0x00, 0x0d, 0x02, 0x52, 0xe7, 0x15, 0x00, 0x00, 0x02, 0xee, 0x6a, 0xe6, 0x4d, 0x00, 0x00, 0x00,
    0x00, 0xca, 0xff, 0x9d, 0x00, 0x00, 0x00, 0x00, 0x00, 0x51, 0xae, 0x0e, 0x00, 0x00, 0x00, 0x00,
    0x5a, 0x03, 0x00, 0x00, 0x00, 0x00, 0x00, 0xf8, 0xdb, 0x5f, 0x03, 0x00, 0x00, 0x00, 0xf8, 0xff,
    0xff, 0xda, 0x5e, 0x03, 0x00, 0xf8, 0xff, 0xff, 0xff, 0xff, 0xd6, 0x1e, 0xf8, 0xff, 0xff, 0xfb,
    0x9f, 0x22, 0x00, 0xf8, 0xfb, 0xa0, 0x23, 0x00, 0x00, 0x00, 0x99, 0x23, 0x00, 0x00, 0x00, 0x00,
    0x00, 0x00, 0x00, 0x04, 0x72, 0xd2, 0xf6, 0xe3, 0x99, 0x1e, 0x00, 0x00, 0x00, 0x09, 0xc2, 0xff,
    0xff, 0xff, 0xff, 0xff, 0xed, 0x35, 0x00, 0x00, 0x91, 0xff, 0xff, 0xff, 0xff, 0xff, 0xff, 0xff,
    0xe1, 0x07, 0x0e, 0xf6, 0xff, 0xff, 0xff, 0xff, 0xff, 0xff, 0xff, 0xff, 0x5b, 0x37, 0xff, 0xff,
    0xff, 0xff, 0xff, 0xff, 0xff, 0xff, 0xff, 0x8f, 0x38, 0xff, 0xff, 0xff, 0xff, 0xff, 0xff, 0xff,
    0xff, 0xff, 0x8e, 0x0e, 0xf6, 0xff, 0xff, 0xff, 0xff, 0xff, 0xff, 0xff, 0xff, 0x5b, 0x00, 0x91,
    0xff, 0xff, 0xff, 0xff, 0xff, 0xff, 0xff, 0xe1, 0x08, 0x00, 0x09, 0xc2, 0xff, 0xff, 0xff, 0xff,
    0xff, 0xed, 0x36, 0x00, 0x00, 0x00, 0x05, 0x72, 0xd3, 0xf6, 0xe4, 0x9a, 0x1e, 0x00, 0x00, 0x00,
    0x5b, 0xec, 0xd2, 0x23, 0x01, 0xf0, 0xff, 0xff, 0x9e, 0x01, 0xf1, 0xff, 0xff, 0x9e, 0x00, 0x5b,
    0xec, 0xd2, 0x23, 0x80, 0xd8, 0x00, 0x00, 0x2c, 0xff, 0x2c, 0x00, 0x00, 0xd8, 0x80, 0x80, 0xd8,
    0x00, 0x00, 0x2c, 0xff, 0x2c, 0x00, 0x00, 0xd8, 0x80, 0x00, 0x00, 0x00, 0x00, 0x00, 0x00, 0x00,
    0xa8, 0x59, 0x00, 0x00, 0x00, 0x00, 0x00, 0x00, 0x00, 0x00, 0x00, 0x2f, 0xe4, 0x72, 0x00, 0x40,
    0xff, 0xff, 0xff, 0xff, 0xff, 0xff, 0xff, 0xff, 0xff, 0x34, 0x00, 0x00, 0x00, 0x00, 0x00, 0x00,
    0x00, 0x2f, 0xe4, 0x73, 0x00, 0x00, 0x00, 0x00, 0x00, 0x00, 0x00, 0x00, 0xa8, 0x59, 0x00, 0x00,
    0xa0, 0xff, 0xff, 0xff, 0xff, 0xff, 0xff, 0xff, 0x84, 0x00, 0x00, 0x00, 0x00, 0x00, 0x00, 0x00,
    0x00, 0x00, 0xa0, 0xff, 0xff, 0xff, 0xff, 0xff, 0xff, 0xff, 0x84, 0x00, 0x00, 0x00, 0x00, 0x00,
    0x00, 0x00, 0x00, 0x00, 0xa0, 0xff, 0xff, 0xff, 0xff, 0xff, 0xff, 0xff, 0x84, 0x5c, 0xff, 0xff,
    0xff, 0xff, 0xff, 0xff, 0xff, 0xff, 0xff, 0xff, 0xff, 0x5c, 0x00, 0x00, 0x00, 0x00, 0x70, 0xe0,
    0xe0, 0xe0, 0xe0, 0xe0, 0xe0, 0xe0, 0xe0, 0xe0, 0xe0, 0xe0, 0xe0, 0x57, 0x00, 0x00, 0x00, 0x70,
    0xd0, 0x1d, 0x5b, 0xe2, 0x2e, 0x10, 0x10, 0x10, 0x10, 0x52, 0xe7, 0x38, 0x93, 0x64, 0x00, 0x00,
    0x70, 0xd0, 0x13, 0x00, 0x00, 0x58, 0xda, 0x1e, 0x00, 0x00, 0x42, 0xe3, 0x31, 0x00, 0x8c, 0x64,
    0x00, 0x70, 0xd1, 0x14, 0x00, 0x00, 0x00, 0x00, 0x58, 0xdb, 0x1f, 0x42, 0xe3, 0x31, 0x00, 0x00,
    0x8c, 0x64, 0x70, 0xd2, 0x14, 0x00, 0x00, 0x00, 0x00, 0x00, 0x00, 0x58, 0xdf, 0xe3, 0x31, 0x00,
    0x00, 0x00, 0x8c, 0x64, 0x8f, 0xb9, 0x08, 0x00, 0x00, 0x00, 0x00, 0x00, 0x00, 0x3f, 0xe6, 0xdd,
    0x1f, 0x00, 0x00, 0x00, 0x8c, 0x64, 0x00, 0x90, 0xb8, 0x08, 0x00, 0x00, 0x00, 0x00, 0x3f, 0xe2,
    0x31, 0x5b, 0xdc, 0x1f, 0x00, 0x00, 0x8c, 0x64, 0x00, 0x00, 0x90, 0xb9, 0x08, 0x00, 0x00, 0x3f,
    0xe1, 0x30, 0x00, 0x00, 0x5b, 0xdc, 0x1f, 0x00, 0x8c, 0x64, 0x00, 0x00, 0x00, 0x90, 0xb9, 0x08,
    0x3f, 0xe1, 0x30, 0x00, 0x00, 0x00, 0x00, 0x5b, 0xdc, 0x1f, 0x8c, 0x64, 0x00, 0x00, 0x00, 0x00,
    0x8f, 0xf4, 0xfb, 0xf9, 0xf0, 0xf0, 0xf0, 0xf0, 0xf0, 0xf0, 0xfd, 0xf8, 0xf8, 0x64, 0x08, 0xff,
    0x40, 0x08, 0xff, 0x40, 0x08, 0xff, 0x40, 0x07, 0xff, 0x3f, 0x01, 0xfd, 0x36, 0x00, 0xf0, 0x27,
    0x00, 0x00, 0x00, 0x08, 0xff, 0x40, 0x08, 0xff, 0x40, 0xc0, 0x54, 0x58, 0xbc, 0xc0, 0x54, 0x58,
    0xbc, 0xc0, 0x54, 0x58, 0xbc, 0xc0, 0x54, 0x58, 0xbc, 0x00, 0x00, 0x00, 0x71, 0x93, 0x00, 0x91,
    0x74, 0x00, 0x00, 0x00, 0x00, 0xa9, 0x5b, 0x00, 0xc9, 0x3d, 0x00, 0x00, 0x00, 0x00, 0xe0, 0x23,
    0x06, 0xf5, 0x0a, 0x00, 0x44, 0xff, 0xff, 0xff, 0xff, 0xff, 0xff, 0xff, 0xe4, 0x00, 0x00, 0x5f,
    0xa9, 0x00, 0x7e, 0x89, 0x00, 0x00, 0x00, 0x00, 0xa2, 0x65, 0x00, 0xbf, 0x45, 0x00, 0x00, 0xff,
    0xff, 0xff, 0xff, 0xff, 0xff, 0xff, 0xff, 0x2c, 0x00, 0x1c, 0xe7, 0x00, 0x3d, 0xca, 0x00, 0x00,
    0x00, 0x00, 0x55, 0xaf, 0x00, 0x75, 0x91, 0x00, 0x00, 0x00, 0x00, 0x8c, 0x77, 0x00, 0xac, 0x58,
    0x00, 0x00, 0x00, 0x00, 0x00, 0x3c, 0x64, 0x00, 0x00, 0x00, 0x23, 0xb5, 0xf2, 0xf4, 0xa8, 0x1e,
    0x00, 0xc0, 0xa3, 0x4d, 0x70, 0x56, 0x7d, 0x00, 0xdc, 0x51, 0x3c, 0x64, 0x00, 0x00, 0x00, 0x61,
    0xdd, 0xa4, 0x91, 0x19, 0x00, 0x00, 0x00, 0x16, 0x79, 0xbd, 0xd9, 0x8a, 0x00, 0x00, 0x00, 0x3c,
    0x64, 0x14, 0xff, 0x1d, 0xad, 0x42, 0x49, 0x6d, 0x6a, 0xf4, 0x0c, 0x3b, 0xb8, 0xf1, 0xf5, 0xc3,
    0x40, 0x00, 0x00, 0x00, 0x3c, 0x64, 0x00, 0x00, 0x00, 0x00, 0x00, 0x3c, 0x64, 0x00, 0x00, 0x00,
    0x00, 0x6d, 0xeb, 0xe0, 0x48, 0x00, 0x00, 0x00, 0xb0, 0x53, 0x00, 0x00, 0x1b, 0xed, 0x24, 0x45,
    0xe7, 0x00, 0x00, 0x59, 0xaa, 0x00, 0x00, 0x00, 0x3f, 0xc3, 0x00, 0x00, 0xf4, 0x0e, 0x16, 0xd7,
    0x16, 0x00, 0x00, 0x00, 0x1c, 0xed, 0x22, 0x42, 0xe7, 0x00, 0xab, 0x58, 0x00, 0x00, 0x00, 0x00,
    0x00, 0x70, 0xec, 0xe1, 0x48, 0x54, 0xaf, 0x17, 0xbe, 0xf3, 0xae, 0x0a, 0x00, 0x00, 0x00, 0x00,
    0x13, 0xd7, 0x18, 0x90, 0x97, 0x0d, 0xb0, 0x72, 0x00, 0x00, 0x00, 0x00, 0xa6, 0x5d, 0x00, 0xb7,
    0x4b, 0x00, 0x68, 0x9a, 0x00, 0x00, 0x00, 0x4f, 0xb4, 0x00, 0x00, 0x90, 0x96, 0x0c, 0xae, 0x73,
    0x00, 0x00, 0x11, 0xd7, 0x1b, 0x00, 0x00, 0x17, 0xbe, 0xf4, 0xb1, 0x0b, 0x00, 0x00, 0x49, 0xd5,
    0xf3, 0xb2, 0x1f, 0x00, 0x00, 0x00, 0x00, 0x05, 0xf3, 0x71, 0x09, 0x48, 0x78, 0x00, 0x00, 0x00,
    0x00, 0x09, 0xf8, 0x41, 0x00, 0x00, 0x00, 0x00, 0x00, 0x00, 0x00, 0x00, 0xb6, 0xe4, 0x29, 0x00,
    0x00, 0x00, 0x00, 0x00, 0x00, 0x8a, 0xa9, 0x57, 0xe7, 0x38, 0x00, 0x04, 0xf8, 0x2a, 0x14, 0xfc,
    0x22, 0x00, 0x4d, 0xed, 0x49, 0x42, 0xe2, 0x00, 0x1b, 0xff, 0x2c, 0x00, 0x00, 0x46, 0xf1, 0xdd,
    0x5f, 0x00, 0x00, 0xc1, 0xca, 0x2f, 0x0a, 0x3a, 0xd2, 0xfd, 0x59, 0x00, 0x00, 0x12, 0x95, 0xe3,
    0xf9, 0xd2, 0x67, 0x4c, 0xf7, 0x4a, 0xc0, 0x54, 0xc0, 0x54, 0xc0, 0x54, 0xc0, 0x54, 0x00, 0x41,
    0xc8, 0x00, 0xc8, 0x4f, 0x31, 0xec, 0x05, 0x83, 0xa9, 0x00, 0xbb, 0x79, 0x00, 0xd6, 0x64, 0x00,
    0xd6, 0x64, 0x00, 0xbc, 0x79, 0x00, 0x84, 0xa9, 0x00, 0x33, 0xeb, 0x04, 0x00, 0xc8, 0x4e, 0x00,
    0x42, 0xc8, 0xb6, 0x54, 0x00, 0x3d, 0xd9, 0x01, 0x00, 0xdf, 0x45, 0x00, 0x99, 0x97, 0x00, 0x67,
    0xcf, 0x00, 0x51, 0xe9, 0x00, 0x51, 0xe9, 0x00, 0x67, 0xcf, 0x00, 0x99, 0x98, 0x00, 0xde, 0x46,
    0x3c, 0xda, 0x02, 0xb5, 0x55, 0x00, 0x00, 0x00, 0x1c, 0x9c, 0x00, 0x00, 0x00, 0x60, 0x83, 0x22,
    0x9c, 0x33, 0xb2, 0x03, 0x00, 0x51, 0xc0, 0xe3, 0x98, 0x16, 0x00, 0x00, 0x50, 0xc0, 0xe3, 0x97,
    0x15, 0x00, 0x60, 0x84, 0x23, 0x9c, 0x34, 0xb3, 0x03, 0x00, 0x00, 0x1c, 0x9c, 0x00, 0x00, 0x00,
    0x00, 0x00, 0x00, 0x18, 0xfc, 0x00, 0x00, 0x00, 0x00, 0x00, 0x00, 0x00, 0x18, 0xfc, 0x00, 0x00,
    0x00, 0x00, 0x00, 0x00, 0x00, 0x18, 0xfc, 0x00, 0x00, 0x00, 0x00, 0x00, 0x00, 0x00, 0x18, 0xfc,
    0x00, 0x00, 0x00, 0x00, 0xa0, 0xff, 0xff, 0xff, 0xff, 0xff, 0xff, 0xff, 0x84, 0x00, 0x00, 0x00,
    0x18, 0xfc, 0x00, 0x00, 0x00, 0x00, 0x00, 0x00, 0x00, 0x18, 0xfc, 0x00, 0x00, 0x00, 0x00, 0x00,
    0x00, 0x00, 0x18, 0xfc, 0x00, 0x00, 0x00, 0x00, 0x00, 0x00, 0x00, 0x18, 0xfc, 0x00, 0x00, 0x00,
    0x00, 0x78, 0xdc, 0x97, 0x9e, 0xd6, 0x1e, 0x5c, 0xff, 0xff, 0xff, 0x10, 0x9c, 0xbc, 0x9c, 0xbc,
    0x00, 0x00, 0x00, 0xda, 0x39, 0x00, 0x00, 0x27, 0xea, 0x02, 0x00, 0x00, 0x74, 0x9f, 0x00, 0x00,
    0x00, 0xc1, 0x53, 0x00, 0x00, 0x11, 0xf5, 0x0d, 0x00, 0x00, 0x5a, 0xb9, 0x00, 0x00, 0x00, 0xa7,
    0x6c, 0x00, 0x00, 0x04, 0xef, 0x20, 0x00, 0x00, 0x40, 0xd3, 0x00, 0x00, 0x00, 0x8d, 0x86, 0x00,
    0x00, 0x00, 0xda, 0x3a, 0x00, 0x00, 0x00, 0x00, 0x03, 0x8b, 0xeb, 0xf5, 0xaf, 0x17, 0x00, 0x00,
    0x7c, 0xe2, 0x2f, 0x19, 0xb6, 0xbf, 0x00, 0x00, 0xe4, 0x6d, 0x00, 0x00, 0x29, 0xff, 0x27, 0x13,
    0xff, 0x38, 0x00, 0x00, 0x00, 0xf5, 0x56, 0x21, 0xff, 0x29, 0x00, 0x00, 0x00, 0xe5, 0x64, 0x13,
    0xff, 0x38, 0x00, 0x00, 0x00, 0xf5, 0x56, 0x00, 0xe4, 0x6d, 0x00, 0x00, 0x29, 0xff, 0x27, 0x00,
    0x7c, 0xe2, 0x2f, 0x18, 0xb6, 0xc0, 0x00, 0x00, 0x03, 0x8c, 0xec, 0xf6, 0xb0, 0x17, 0x00, 0x94,
    0xff, 0xff, 0xfc, 0x00, 0x00, 0x00, 0x00, 0x00, 0x4c, 0xfc, 0x00, 0x00, 0x00, 0x00, 0x00, 0x4c,
    0xfc, 0x00, 0x00, 0x00, 0x00, 0x00, 0x4c, 0xfc, 0x00, 0x00, 0x00, 0x00, 0x00, 0x4c, 0xfc, 0x00,
    0x00, 0x00, 0x00, 0x00, 0x4c, 0xfc, 0x00, 0x00, 0x00, 0x00, 0x00, 0x4c, 0xfc, 0x00, 0x00, 0x00,
    0x00, 0x00, 0x4c, 0xfc, 0x00, 0x00, 0x00, 0x64, 0xff, 0xff, 0xff, 0xff, 0xff, 0x14, 0x00, 0x3f,
    0xb8, 0xf1, 0xe5, 0x96, 0x0e, 0x00, 0xbb, 0x45, 0x0e, 0x2b, 0xd4, 0xa1, 0x00, 0x00, 0x00, 0x00,
    0x00, 0x6f, 0xde, 0x00, 0x00, 0x00, 0x00, 0x00, 0xae, 0xae, 0x00, 0x00, 0x00, 0x00, 0x6d, 0xed,
    0x23, 0x00, 0x00, 0x00, 0x6d, 0xea, 0x31, 0x00, 0x00, 0x00, 0x79, 0xe7, 0x2b, 0x00, 0x00, 0x00,
    0x85, 0xe1, 0x25, 0x00, 0x00, 0x00, 0x0c, 0xff, 0xff, 0xff, 0xff, 0xff, 0xf8, 0x00, 0x24, 0xa6,
    0xeb, 0xeb, 0xa9, 0x1b, 0x00, 0x00, 0x8d, 0x51, 0x10, 0x1e, 0xb5, 0xc3, 0x00, 0x00, 0x00, 0x00,
    0x00, 0x00, 0x51, 0xf7, 0x00, 0x00, 0x00, 0x00, 0x00, 0x1a, 0xb1, 0xa8, 0x00, 0x00, 0x00, 0x60,
    0xff, 0xff, 0xd1, 0x1b, 0x00, 0x00, 0x00, 0x00, 0x01, 0x19, 0x95, 0xe0, 0x0a, 0x00, 0x00, 0x00,
    0x00, 0x00, 0x1b, 0xff, 0x2e, 0x03, 0xaa, 0x30, 0x08, 0x1f, 0x9c, 0xe7, 0x07, 0x00, 0x4d, 0xc7,
    0xf6, 0xe6, 0xaa, 0x28, 0x00, 0x00, 0x00, 0x00, 0x01, 0xc1, 0xff, 0x30, 0x00, 0x00, 0x00, 0x00,
    0x71, 0xb8, 0xff, 0x30, 0x00, 0x00, 0x00, 0x27, 0xde, 0x29, 0xff, 0x30, 0x00, 0x00, 0x03, 0xc8,
    0x50, 0x18, 0xff, 0x30, 0x00, 0x00, 0x7b, 0xa8, 0x00, 0x18, 0xff, 0x30, 0x00, 0x2a, 0xe4, 0x15,
    0x00, 0x18, 0xff, 0x30, 0x00, 0x5c, 0xff, 0xff, 0xff, 0xff, 0xff, 0xff, 0x8c, 0x00, 0x00, 0x00,
    0x00, 0x18, 0xff, 0x30, 0x00, 0x00, 0x00, 0x00, 0x00, 0x18, 0xff, 0x30, 0x00, 0x98, 0xff, 0xff,
    0xff, 0xff, 0x70, 0x00, 0x98, 0x94, 0x00, 0x00, 0x00, 0x00, 0x00, 0x98, 0x94, 0x00, 0x00, 0x00,
    0x00, 0x00, 0x98, 0xf2, 0xf8, 0xe2, 0x94, 0x0f, 0x00, 0x00, 0x00, 0x04, 0x33, 0xcf, 0xb1, 0x00,
    0x00, 0x00, 0x00, 0x00, 0x3f, 0xfe, 0x0d, 0x00, 0x00, 0x00, 0x00, 0x3f, 0xfe, 0x0d, 0xaf, 0x32,
    0x0a, 0x31, 0xcd, 0xb4, 0x00, 0x4b, 0xc7, 0xf5, 0xe0, 0x91, 0x11, 0x00, 0x00, 0x00, 0x3e, 0xc4,
    0xf6, 0xd2, 0x42, 0x00, 0x00, 0x3a, 0xf4, 0x67, 0x11, 0x23, 0x94, 0x00, 0x00, 0xbf, 0x92, 0x00,
    0x00, 0x00, 0x00, 0x00, 0x05, 0xfb, 0x7e, 0xd4, 0xf5, 0xca, 0x3f, 0x00, 0x14, 0xff, 0xe3, 0x33,
    0x0d, 0x7b, 0xf3, 0x1c, 0x09, 0xfe, 0x80, 0x00, 0x00, 0x00, 0xeb, 0x5e, 0x00, 0xd7, 0x80, 0x00,
    0x00, 0x01, 0xec, 0x5c, 0x00, 0x6d, 0xe5, 0x33, 0x0c, 0x7b, 0xef, 0x19, 0x00, 0x00, 0x7c, 0xe6,
    0xf5, 0xc5, 0x39, 0x00, 0xf0, 0xff, 0xff, 0xff, 0xff, 0xff, 0x1c, 0x00, 0x00, 0x00, 0x00, 0x95,
    0xc1, 0x00, 0x00, 0x00, 0x00, 0x0b, 0xf1, 0x5a, 0x00, 0x00, 0x00, 0x00, 0x65, 0xeb, 0x07, 0x00,
    0x00, 0x00, 0x00, 0xcc, 0x8a, 0x00, 0x00, 0x00, 0x00, 0x34, 0xfe, 0x24, 0x00, 0x00, 0x00, 0x00,
    0x9d, 0xbb, 0x00, 0x00, 0x00, 0x00, 0x0f, 0xf5, 0x53, 0x00, 0x00, 0x00, 0x00, 0x6c, 0xe7, 0x04,
    0x00, 0x00, 0x00, 0x00, 0x16, 0xa6, 0xeb, 0xf2, 0xc1, 0x34, 0x00, 0x00, 0xaa, 0xc4, 0x1e, 0x0e,
    0x92, 0xe9, 0x03, 0x00, 0xd8, 0x6b, 0x00, 0x00, 0x28, 0xff, 0x1c, 0x00, 0x85, 0xc2, 0x1c, 0x0e,
    0x90, 0xc5, 0x01, 0x00, 0x0c, 0xbc, 0xff, 0xff, 0xe0, 0x2a, 0x00, 0x00, 0xc8, 0xa6, 0x19, 0x0c,
    0x71, 0xef, 0x1a, 0x14, 0xff, 0x39, 0x00, 0x00, 0x00, 0xf5, 0x53, 0x00, 0xdf, 0xa4, 0x17, 0x0b,
    0x6e, 0xfa, 0x24, 0x00, 0x2c, 0xb7, 0xee, 0xf4, 0xcc, 0x4f, 0x00, 0x00, 0x19, 0xa7, 0xeb, 0xf1,
    0xa2, 0x0e, 0x00, 0x00, 0xc5, 0xb5, 0x18, 0x1b, 0xbd, 0xad, 0x00, 0x1a, 0xff, 0x31, 0x00, 0x00,
    0x39, 0xfe, 0x1a, 0x1b, 0xff, 0x30, 0x00, 0x00, 0x39, 0xff, 0x4a, 0x00, 0xcc, 0xb3, 0x18, 0x1a,
    0xbb, 0xfe, 0x58, 0x00, 0x20, 0xb2, 0xf0, 0xe9, 0x6f, 0xfd, 0x44, 0x00, 0x00, 0x00, 0x00, 0x00,
    0x4d, 0xf5, 0x0e, 0x00, 0x72, 0x42, 0x0c, 0x42, 0xe0, 0x7b, 0x00, 0x00, 0x1f, 0xb6, 0xf6, 0xda,
    0x6d, 0x00, 0x00, 0x78, 0xdc, 0x78, 0xdc, 0x00, 0x00, 0x00, 0x00, 0x00, 0x00, 0x78, 0xdc, 0x78,
    0xdc, 0x78, 0xdc, 0x78, 0xdc, 0x00, 0x00, 0x00, 0x00, 0x00, 0x00, 0x78, 0xdc, 0x97, 0x9e, 0xd6,
    0x1e, 0x00, 0x00, 0x00, 0x00, 0x00, 0x02, 0x43, 0xa0, 0x77, 0x00, 0x00, 0x00, 0x2b, 0x88, 0xe3,
    0xdf, 0x85, 0x21, 0x17, 0x70, 0xce, 0xed, 0x98, 0x3d, 0x01, 0x00, 0x00, 0xa0, 0xff, 0x9f, 0x0c,
    0x00, 0x00, 0x00, 0x00, 0x00, 0x17, 0x71, 0xcf, 0xed, 0x97, 0x3c, 0x01, 0x00, 0x00, 0x00, 0x00,
    0x00, 0x2c, 0x89, 0xe4, 0xdf, 0x84, 0x20, 0x00, 0x00, 0x00, 0x00, 0x00, 0x02, 0x44, 0xa1, 0x77,
    0xa0, 0xff, 0xff, 0xff, 0xff, 0xff, 0xff, 0xff, 0x84, 0x00, 0x00, 0x00, 0x00, 0x00, 0x00, 0x00,
    0x00, 0x00, 0x00, 0x00, 0x00, 0x00, 0x00, 0x00, 0x00, 0x00, 0x00, 0xa0, 0xff, 0xff, 0xff, 0xff,
    0xff, 0xff, 0xff, 0x84, 0x8d, 0x96, 0x39, 0x00, 0x00, 0x00, 0x00, 0x00, 0x00, 0x2b, 0x8f, 0xe7,
    0xdb, 0x7e, 0x22, 0x00, 0x00, 0x00, 0x00, 0x00, 0x03, 0x47, 0xa2, 0xf2, 0xc3, 0x66, 0x10, 0x00,
    0x00, 0x00, 0x00, 0x00, 0x14, 0xb2, 0xff, 0x84, 0x00, 0x00, 0x03, 0x46, 0xa1, 0xf2, 0xc4, 0x67,
    0x10, 0x2a, 0x8e, 0xe7, 0xdb, 0x7f, 0x22, 0x00, 0x00, 0x00, 0x8d, 0x97, 0x3a, 0x00, 0x00, 0x00,
    0x00, 0x00, 0x00, 0x00, 0x59, 0xd0, 0xf5, 0xcc, 0x39, 0x0f, 0xa6, 0x24, 0x0d, 0x9d, 0xdf, 0x00,
    0x00, 0x00, 0x00, 0x70, 0xdb, 0x00, 0x00, 0x00, 0x54, 0xe6, 0x3d, 0x00, 0x00, 0x44, 0xea, 0x24,
    0x00, 0x00, 0x00, 0x7a, 0xbc, 0x00, 0x00, 0x00, 0x00, 0x00, 0x00, 0x00, 0x00, 0x00, 0x00, 0x84,
    0xc4, 0x00, 0x00, 0x00, 0x00, 0x84, 0xc4, 0x00, 0x00, 0x00, 0x00, 0x00, 0x23, 0x96, 0xdd, 0xf9,
    0xeb, 0xb3, 0x49, 0x00, 0x00, 0x00, 0x00, 0x00, 0x58, 0xe5, 0x80, 0x2a, 0x09, 0x14, 0x53, 0xcc,
    0x99, 0x02, 0x00, 0x00, 0x37, 0xdd, 0x21, 0x00, 0x00, 0x00, 0x00, 0x00, 0x05, 0xb2, 0x6a, 0x00,
    0x00, 0xbc, 0x46, 0x00, 0x40, 0xd6, 0xf6, 0xa6, 0xbe, 0x34, 0x18, 0xde, 0x00, 0x0a, 0xe1, 0x00,
    0x05, 0xe9, 0x55, 0x09, 0x4c, 0xfb, 0x34, 0x00, 0xdf, 0x0d, 0x1e, 0xc7, 0x00, 0x21, 0xe3, 0x00,
    0x00, 0x00, 0xd8, 0x34, 0x0b, 0xea, 0x04, 0x0a, 0xdf, 0x00, 0x06, 0xeb, 0x52, 0x08, 0x4c, 0xfb,
    0x4c, 0xa8, 0x89, 0x00, 0x00, 0xc1, 0x41, 0x00, 0x44, 0xd8, 0xef, 0xa7, 0xb5, 0xcf, 0x68, 0x02,
    0x00, 0x00, 0x3f, 0xdc, 0x1b, 0x00, 0x00, 0x00, 0x00, 0x00, 0x00, 0x00, 0x00, 0x00, 0x00, 0x00,
    0x63, 0xe5, 0x70, 0x20, 0x06, 0x23, 0x68, 0xc8, 0x0a, 0x00, 0x00, 0x00, 0x00, 0x00, 0x2c, 0xa0,
    0xe3, 0xf9, 0xe2, 0xb5, 0x50, 0x02, 0x00, 0x00, 0x00, 0x00, 0x00, 0x7c, 0xff, 0x5e, 0x00, 0x00,
    0x00, 0x00, 0x00, 0x02, 0xdf, 0x9c, 0xc5, 0x00, 0x00, 0x00, 0x00, 0x00, 0x49, 0xcd, 0x06, 0xe6,
    0x2c, 0x00, 0x00, 0x00, 0x00, 0xb0, 0x5c, 0x00, 0x7b, 0x92, 0x00, 0x00, 0x00, 0x1a, 0xe2, 0x05,
    0x00, 0x13, 0xe5, 0x09, 0x00, 0x00, 0x7d, 0xff, 0xff, 0xff, 0xff, 0xff, 0x60, 0x00, 0x02, 0xe1,
    0x2a, 0x00, 0x00, 0x00, 0x44, 0xc6, 0x00, 0x4a, 0xe1, 0x00, 0x00, 0x00, 0x00, 0x06, 0xf3, 0x2d,
    0xb1, 0x98, 0x00, 0x00, 0x00, 0x00, 0x00, 0xb1, 0x94, 0xb8, 0xff, 0xff, 0xfc, 0xe1, 0x83, 0x02,
    0xb8, 0x90, 0x00, 0x04, 0x3b, 0xf1, 0x65, 0xb8, 0x90, 0x00, 0x00, 0x00, 0xbb, 0x91, 0xb8, 0x90,
    0x00, 0x04, 0x38, 0xf0, 0x54, 0xb8, 0xff, 0xff, 0xff, 0xff, 0xa4, 0x04, 0xb8, 0x90, 0x00, 0x02,
    0x22, 0xc1, 0xa2, 0xb8, 0x90, 0x00, 0x00, 0x00, 0x68, 0xf3, 0xb8, 0x90, 0x00, 0x01, 0x20, 0xc0,
    0xc4, 0xb8, 0xff, 0xff, 0xfe, 0xe9, 0xaa, 0x1e, 0x00, 0x00, 0x36, 0xb1, 0xec, 0xf6, 0xd2, 0x77,
    0x09, 0x00, 0x48, 0xf8, 0x8c, 0x26, 0x0a, 0x2c, 0x86, 0x56, 0x01, 0xdf, 0x96, 0x00, 0x00, 0x00,
    0x00, 0x00, 0x00, 0x2a, 0xff, 0x38, 0x00, 0x00, 0x00, 0x00, 0x00, 0x00, 0x3f, 0xff, 0x1d, 0x00,
    0x00, 0x00, 0x00, 0x00, 0x00, 0x2a, 0xff, 0x38, 0x00, 0x00, 0x00, 0x00, 0x00, 0x00, 0x01, 0xdf,
    0x94, 0x00, 0x00, 0x00, 0x00, 0x00, 0x00, 0x00, 0x48, 0xf7, 0x88, 0x25, 0x0a, 0x2b, 0x85, 0x56,
    0x00, 0x00, 0x36, 0xb2, 0xed, 0xf6, 0xd2, 0x76, 0x09, 0xb8, 0xff, 0xff, 0xf7, 0xde, 0xa4, 0x34,
    0x00, 0x00, 0xb8, 0x90, 0x00, 0x06, 0x27, 0x8b, 0xfb, 0x51, 0x00, 0xb8, 0x90, 0x00, 0x00, 0x00,
    0x00, 0x9d, 0xe4, 0x01, 0xb8, 0x90, 0x00, 0x00, 0x00, 0x00, 0x42, 0xff, 0x28, 0xb8, 0x90, 0x00,
    0x00, 0x00, 0x00, 0x25, 0xff, 0x3b, 0xb8, 0x90, 0x00, 0x00, 0x00, 0x00, 0x42, 0xff, 0x27, 0xb8,
    0x90, 0x00, 0x00, 0x00, 0x00, 0x9d, 0xe3, 0x01, 0xb8, 0x90, 0x00, 0x05, 0x27, 0x8a, 0xfb, 0x51,
    0x00, 0xb8, 0xff, 0xff, 0xf8, 0xdf, 0xa4, 0x34, 0x00, 0x00, 0xb8, 0xff, 0xff, 0xff, 0xff, 0xff,
    0x44, 0xb8, 0x90, 0x00, 0x00, 0x00, 0x00, 0x00, 0xb8, 0x90, 0x00, 0x00, 0x00, 0x00, 0x00, 0xb8,
    0x90, 0x00, 0x00, 0x00, 0x00, 0x00, 0xb8, 0xff, 0xff, 0xff, 0xff, 0xff, 0x14, 0xb8, 0x90, 0x00,
    0x00, 0x00, 0x00, 0x00, 0xb8, 0x90, 0x00, 0x00, 0x00, 0x00, 0x00, 0xb8, 0x90, 0x00, 0x00, 0x00,
    0x00, 0x00, 0xb8, 0xff, 0xff, 0xff, 0xff, 0xff, 0x60, 0xb8, 0xff, 0xff, 0xff, 0xff, 0xb8, 0xb8,
    0x90, 0x00, 0x00, 0x00, 0x00, 0xb8, 0x90, 0x00, 0x00, 0x00, 0x00, 0xb8, 0x90, 0x00, 0x00, 0x00,
    0x00, 0xb8, 0xff, 0xff, 0xff, 0xff, 0x50, 0xb8, 0x90, 0x00, 0x00, 0x00, 0x00, 0xb8, 0x90, 0x00,
    0x00, 0x00, 0x00, 0xb8, 0x90, 0x00, 0x00, 0x00, 0x00, 0xb8, 0x90, 0x00, 0x00, 0x00, 0x00, 0x00,
    0x00, 0x35, 0xae, 0xea, 0xf8, 0xd9, 0x9a, 0x24, 0x00, 0x49, 0xf8, 0x8e, 0x28, 0x09, 0x24, 0x62,
    0x9f, 0x01, 0xdf, 0x96, 0x00, 0x00, 0x00, 0x00, 0x00, 0x00, 0x2a, 0xff, 0x38, 0x00, 0x00, 0x00,
    0x00, 0x00, 0x00, 0x3f, 0xff, 0x1d, 0x00, 0x00, 0x5c, 0xff, 0xff, 0xff, 0x2a, 0xff, 0x38, 0x00,
    0x00, 0x00, 0x00, 0x44, 0xff, 0x01, 0xdf, 0x94, 0x00, 0x00, 0x00, 0x00, 0x44, 0xff, 0x00, 0x49,
    0xf7, 0x8b, 0x26, 0x07, 0x17, 0x83, 0xff, 0x00, 0x00, 0x35, 0xaf, 0xeb, 0xf9, 0xdd, 0xa9, 0x37,
    0xb8, 0x90, 0x00, 0x00, 0x00, 0x00, 0xc8, 0x80, 0xb8, 0x90, 0x00, 0x00, 0x00, 0x00, 0xc8, 0x80,
    0xb8, 0x90, 0x00, 0x00, 0x00, 0x00, 0xc8, 0x80, 0xb8, 0x90, 0x00, 0x00, 0x00, 0x00, 0xc8, 0x80,
    0xb8, 0xff, 0xff, 0xff, 0xff, 0xff, 0xff, 0x80, 0xb8, 0x90, 0x00, 0x00, 0x00, 0x00, 0xc8, 0x80,
    0xb8, 0x90, 0x00, 0x00, 0x00, 0x00, 0xc8, 0x80, 0xb8, 0x90, 0x00, 0x00, 0x00, 0x00, 0xc8, 0x80,
    0xb8, 0x90, 0x00, 0x00, 0x00, 0x00, 0xc8, 0x80, 0xb8, 0x90, 0xb8, 0x90, 0xb8, 0x90, 0xb8, 0x90,
    0xb8, 0x90, 0xb8, 0x90, 0xb8, 0x90, 0xb8, 0x90, 0xb8, 0x90, 0x00, 0x00, 0xb8, 0x90, 0x00, 0x00,
    0xb8, 0x90, 0x00, 0x00, 0xb8, 0x90, 0x00, 0x00, 0xb8, 0x90, 0x00, 0x00, 0xb8, 0x90, 0x00, 0x00,
    0xb8, 0x90, 0x00, 0x00, 0xb8, 0x90, 0x00, 0x00, 0xb8, 0x90, 0x00, 0x00, 0xb8, 0x8f, 0x00, 0x00,
    0xc8, 0x7b, 0x01, 0x37, 0xfa, 0x43, 0xab, 0xe6, 0x83, 0x00, 0xb8, 0x90, 0x00, 0x00, 0x0a, 0xb4,
    0xcf, 0x19, 0xb8, 0x90, 0x00, 0x14, 0xc9, 0xbc, 0x0e, 0x00, 0xb8, 0x90, 0x21, 0xda, 0xa5, 0x06,
    0x00, 0x00, 0xb8, 0xbc, 0xe8, 0x8c, 0x01, 0x00, 0x00, 0x00, 0xb8, 0xf1, 0xf2, 0x2b, 0x00, 0x00,
    0x00, 0x00, 0xb8, 0x91, 0x90, 0xec, 0x33, 0x00, 0x00, 0x00, 0xb8, 0x90, 0x00, 0x84, 0xf0, 0x3b,
    0x00, 0x00, 0xb8, 0x90, 0x00, 0x00, 0x78, 0xf4, 0x43, 0x00, 0xb8, 0x90, 0x00, 0x00, 0x00, 0x6c,
    0xf6, 0x4d, 0xb8, 0x90, 0x00, 0x00, 0x00, 0x00, 0x00, 0xb8, 0x90, 0x00, 0x00, 0x00, 0x00, 0x00,
    0xb8, 0x90, 0x00, 0x00, 0x00, 0x00, 0x00, 0xb8, 0x90, 0x00, 0x00, 0x00, 0x00, 0x00, 0xb8, 0x90,
    0x00, 0x00, 0x00, 0x00, 0x00, 0xb8, 0x90, 0x00, 0x00, 0x00, 0x00, 0x00, 0xb8, 0x90, 0x00, 0x00,
    0x00, 0x00, 0x00, 0xb8, 0x90, 0x00, 0x00, 0x00, 0x00, 0x00, 0xb8, 0xff, 0xff, 0xff, 0xff, 0xff,
    0x2c, 0xb8, 0xff, 0x64, 0x00, 0x00, 0x00, 0x2d, 0xff, 0xf4, 0xb8, 0xd1, 0xcd, 0x00, 0x00, 0x00,
    0x96, 0xd1, 0xf4, 0xb8, 0x86, 0xe1, 0x36, 0x00, 0x0c, 0xef, 0x6a, 0xf4, 0xb8, 0x84, 0x7b, 0xa0,
    0x00, 0x69, 0xb2, 0x4c, 0xf4, 0xb8, 0x84, 0x16, 0xf0, 0x12, 0xd1, 0x48, 0x4c, 0xf4, 0xb8, 0x84,
    0x00, 0xa7, 0xac, 0xdc, 0x01, 0x4c, 0xf4, 0xb8, 0x84, 0x00, 0x3d, 0xff, 0x74, 0x00, 0x4c, 0xf4,
    0xb8, 0x84, 0x00, 0x00, 0x00, 0x00, 0x00, 0x4c, 0xf4, 0xb8, 0x84, 0x00, 0x00, 0x00, 0x00, 0x00,
    0x4c, 0xf4, 0xb8, 0xff, 0x47, 0x00, 0x00, 0x00, 0xcc, 0x74, 0xb8, 0xec, 0xd2, 0x03, 0x00, 0x00,
    0xcc, 0x74, 0xb8, 0x8c, 0xe0, 0x64, 0x00, 0x00, 0xcc, 0x74, 0xb8, 0x84, 0x5a, 0xe7, 0x0c, 0x00,
    0xcc, 0x74, 0xb8, 0x84, 0x01, 0xc9, 0x82, 0x00, 0xcc, 0x74, 0xb8, 0x84, 0x00, 0x3c, 0xf5, 0x1b,
    0xcc, 0x74, 0xb8, 0x84, 0x00, 0x00, 0xad, 0xa0, 0xcc, 0x74, 0xb8, 0x84, 0x00, 0x00, 0x24, 0xf8,
    0xed, 0x74, 0xb8, 0x84, 0x00, 0x00, 0x00, 0x8f, 0xff, 0x74, 0x00, 0x00, 0x3b, 0xb9, 0xf2, 0xf7,
    0xcd, 0x5d, 0x00, 0x00, 0x00, 0x4a, 0xf8, 0x80, 0x1e, 0x13, 0x5e, 0xf0, 0x7e, 0x00, 0x01, 0xdf,
    0x94, 0x00, 0x00, 0x00, 0x00, 0x5c, 0xfb, 0x1f, 0x2a, 0xff, 0x37, 0x00, 0x00, 0x00, 0x00, 0x03,
    0xf9, 0x64, 0x3f, 0xff, 0x1c, 0x00, 0x00, 0x00, 0x00, 0x00, 0xe1, 0x7a, 0x2a, 0xff, 0x37, 0x00,
    0x00, 0x00, 0x00, 0x03, 0xf9, 0x64, 0x01, 0xe0, 0x94, 0x00, 0x00, 0x00, 0x00, 0x5c, 0xfc, 0x1f,
    0x00, 0x4d, 0xf9, 0x80, 0x1d, 0x12, 0x5d, 0xf0, 0x81, 0x00, 0x00, 0x00, 0x3e, 0xbb, 0xf3, 0xf8,
    0xce, 0x60, 0x00, 0x00, 0xb8, 0xff, 0xff, 0xf3, 0xc6, 0x3f, 0x00, 0xb8, 0x90, 0x00, 0x0e, 0x93,
    0xf1, 0x16, 0xb8, 0x90, 0x00, 0x00, 0x0a, 0xfe, 0x4f, 0xb8, 0x90, 0x00, 0x00, 0x0a, 0xfe, 0x4f,
    0xb8, 0x90, 0x00, 0x0e, 0x91, 0xf2, 0x17, 0xb8, 0xff, 0xff, 0xf4, 0xc8, 0x42, 0x00, 0xb8, 0x90,
    0x00, 0x00, 0x00, 0x00, 0x00, 0xb8, 0x90, 0x00, 0x00, 0x00, 0x00, 0x00, 0xb8, 0x90, 0x00, 0x00,
    0x00, 0x00, 0x00, 0x00, 0x00, 0x3b, 0xb9, 0xf2, 0xf7, 0xcd, 0x5f, 0x00, 0x00, 0x00, 0x4a, 0xf8,
    0x80, 0x1e, 0x13, 0x5e, 0xf0, 0x81, 0x00, 0x01, 0xdf, 0x94, 0x00, 0x00, 0x00, 0x00, 0x5c, 0xfc,
    0x20, 0x2a, 0xff, 0x37, 0x00, 0x00, 0x00, 0x00, 0x03, 0xf9, 0x64, 0x3f, 0xff, 0x1c, 0x00, 0x00,
    0x00, 0x00, 0x00, 0xe1, 0x79, 0x2a, 0xff, 0x37, 0x00, 0x00, 0x00, 0x00, 0x03, 0xf9, 0x60, 0x01,
    0xdf, 0x94, 0x00, 0x00, 0x00, 0x00, 0x5c, 0xfa, 0x18, 0x00, 0x4c, 0xf9, 0x80, 0x1d, 0x12, 0x5d,
    0xf0, 0x75, 0x00, 0x00, 0x00, 0x3e, 0xbb, 0xf3, 0xff, 0xfe, 0x56, 0x00, 0x00, 0x00, 0x00, 0x00,
    0x00, 0x00, 0x15, 0xe8, 0x87, 0x00, 0x00, 0x00, 0x00, 0x00, 0x00, 0x00, 0x00, 0x4b, 0xfd, 0x41,
    0x00, 0xb8, 0xff, 0xff, 0xf6, 0xd2, 0x5b, 0x00, 0x00, 0xb8, 0x90, 0x00, 0x0a, 0x6d, 0xfd, 0x2c,
    0x00, 0xb8, 0x90, 0x00, 0x00, 0x02, 0xfc, 0x59, 0x00, 0xb8, 0x90, 0x00, 0x0a, 0x6d, 0xfb, 0x25,
    0x00, 0xb8, 0xff, 0xff, 0xff, 0xf9, 0x4b, 0x00, 0x00, 0xb8, 0x90, 0x00, 0x15, 0xac, 0xca, 0x03,
    0x00, 0xb8, 0x90, 0x00, 0x00, 0x10, 0xed, 0x66, 0x00, 0xb8, 0x90, 0x00, 0x00, 0x00, 0x79, 0xe1,
    0x06, 0xb8, 0x90, 0x00, 0x00, 0x00, 0x0c, 0xeb, 0x67, 0x00, 0x26, 0xaf, 0xea, 0xef, 0xb7, 0x3d,
    0x00, 0x00, 0xdc, 0xa3, 0x1c, 0x0d, 0x45, 0xb5, 0x00, 0x17, 0xff, 0x30, 0x00, 0x00, 0x00, 0x00,
    0x00, 0x01, 0xda, 0xaf, 0x38, 0x08, 0x00, 0x00, 0x00, 0x00, 0x1b, 0x94, 0xdb, 0xfa, 0xc6, 0x52,
    0x00, 0x00, 0x00, 0x00, 0x00, 0x0e, 0x6b, 0xfd, 0x40, 0x00, 0x00, 0x00, 0x00, 0x00, 0x00, 0xdd,
    0x7b, 0x1b, 0xb3, 0x43, 0x11, 0x0f, 0x67, 0xfd, 0x44, 0x00, 0x4b, 0xba, 0xee, 0xf1, 0xcc, 0x5e,
    0x00, 0x08, 0xff, 0xff, 0xff, 0xff, 0xff, 0xff, 0xff, 0xfc, 0x00, 0x00, 0x00, 0x00, 0xac, 0x9c,
    0x00, 0x00, 0x00, 0x00, 0x00, 0x00, 0x00, 0xac, 0x9c, 0x00, 0x00, 0x00, 0x00, 0x00, 0x00, 0x00,
    0xac, 0x9c, 0x00, 0x00, 0x00, 0x00, 0x00, 0x00, 0x00, 0xac, 0x9c, 0x00, 0x00, 0x00, 0x00, 0x00,
    0x00, 0x00, 0xac, 0x9c, 0x00, 0x00, 0x00, 0x00, 0x00, 0x00, 0x00, 0xac, 0x9c, 0x00, 0x00, 0x00,
    0x00, 0x00, 0x00, 0x00, 0xac, 0x9c, 0x00, 0x00, 0x00, 0x00, 0x00, 0x00, 0x00, 0xac, 0x9c, 0x00,
    0x00, 0x00, 0xe0, 0x6c, 0x00, 0x00, 0x00, 0x00, 0xe8, 0x64, 0xe0, 0x6c, 0x00, 0x00, 0x00, 0x00,
    0xe8, 0x64, 0xe0, 0x6c, 0x00, 0x00, 0x00, 0x00, 0xe8, 0x64, 0xe0, 0x6c, 0x00, 0x00, 0x00, 0x00,
    0xe8, 0x64, 0xe0, 0x6c, 0x00, 0x00, 0x00, 0x00, 0xe8, 0x64, 0xdb, 0x71, 0x00, 0x00, 0x00, 0x00,
    0xee, 0x5e, 0xb9, 0x96, 0x00, 0x00, 0x00, 0x14, 0xff, 0x3c, 0x56, 0xf3, 0x4e, 0x0b, 0x1d, 0xab,
    0xd4, 0x05, 0x00, 0x5f, 0xd0, 0xf4, 0xe6, 0xa7, 0x1e, 0x00, 0xb1, 0xa2, 0x00, 0x00, 0x00, 0x00,
    0x00, 0xbf, 0x94, 0x4a, 0xf6, 0x10, 0x00, 0x00, 0x00, 0x25, 0xfe, 0x2e, 0x02, 0xe1, 0x6d, 0x00,
    0x00, 0x00, 0x8b, 0xc6, 0x00, 0x00, 0x7d, 0xd2, 0x00, 0x00, 0x06, 0xea, 0x60, 0x00, 0x00, 0x1a,
    0xfb, 0x37, 0x00, 0x57, 0xef, 0x0a, 0x00, 0x00, 0x00, 0xb0, 0x9d, 0x00, 0xbd, 0x92, 0x00, 0x00,
    0x00, 0x00, 0x49, 0xf4, 0x31, 0xfe, 0x2c, 0x00, 0x00, 0x00, 0x00, 0x02, 0xe0, 0xde, 0xc5, 0x00,
    0x00, 0x00, 0x00, 0x00, 0x00, 0x7b, 0xff, 0x5f, 0x00, 0x00, 0x00, 0x6f, 0xdc, 0x00, 0x00, 0x00,
    0x6e, 0xff, 0x45, 0x00, 0x00, 0x09, 0xf8, 0x49, 0x2b, 0xff, 0x1f, 0x00, 0x00, 0xb0, 0xd4, 0x88,
    0x00, 0x00, 0x44, 0xfa, 0x0c, 0x00, 0xe6, 0x62, 0x00, 0x03, 0xef, 0x54, 0xcb, 0x00, 0x00, 0x87,
    0xc2, 0x00, 0x00, 0xa4, 0xa5, 0x00, 0x36, 0xd7, 0x05, 0xf1, 0x11, 0x00, 0xca, 0x7f, 0x00, 0x00,
    0x60, 0xe7, 0x00, 0x79, 0x95, 0x00, 0xb7, 0x52, 0x0f, 0xfc, 0x3b, 0x00, 0x00, 0x1d, 0xff, 0x2a,
    0xbb, 0x53, 0x00, 0x76, 0x95, 0x4f, 0xf3, 0x05, 0x00, 0x00, 0x00, 0xd9, 0x75, 0xf4, 0x13, 0x00,
    0x34, 0xd8, 0x92, 0xb4, 0x00, 0x00, 0x00, 0x00, 0x96, 0xe7, 0xcf, 0x00, 0x00, 0x02, 0xef, 0xe7,
    0x71, 0x00, 0x00, 0x00, 0x00, 0x52, 0xff, 0x8d, 0x00, 0x00, 0x00, 0xb1, 0xff, 0x2d, 0x00, 0x00,
    0x06, 0xd0, 0x89, 0x00, 0x00, 0x00, 0x71, 0xdf, 0x0f, 0x00, 0x2b, 0xf5, 0x3f, 0x00, 0x31, 0xf5,
    0x39, 0x00, 0x00, 0x00, 0x70, 0xe1, 0x1b, 0xd9, 0x7b, 0x00, 0x00, 0x00, 0x00, 0x01, 0xbb, 0xee,
    0xbe, 0x02, 0x00, 0x00, 0x00, 0x00, 0x00, 0x67, 0xff, 0x65, 0x00, 0x00, 0x00, 0x00, 0x00, 0x21,
    0xf0, 0x9a, 0xee, 0x1b, 0x00, 0x00, 0x00, 0x04, 0xc7, 0x97, 0x00, 0xa0, 0xbc, 0x01, 0x00, 0x00,
    0x86, 0xd4, 0x09, 0x00, 0x0e, 0xdf, 0x72, 0x00, 0x41, 0xf5, 0x2d, 0x00, 0x00, 0x00, 0x3c, 0xf5,
    0x2d, 0xad, 0xb2, 0x00, 0x00, 0x00, 0x02, 0xc0, 0x9c, 0x12, 0xe4, 0x69, 0x00, 0x00, 0x77, 0xda,
    0x0b, 0x00, 0x42, 0xf4, 0x29, 0x31, 0xf4, 0x35, 0x00, 0x00, 0x00, 0x8a, 0xcf, 0xd6, 0x79, 0x00,
    0x00, 0x00, 0x00, 0x06, 0xd5, 0xc8, 0x02, 0x00, 0x00, 0x00, 0x00, 0x00, 0xac, 0x9c, 0x00, 0x00,
    0x00, 0x00, 0x00, 0x00, 0xac, 0x9c, 0x00, 0x00, 0x00, 0x00, 0x00, 0x00, 0xac, 0x9c, 0x00, 0x00,
    0x00, 0x00, 0x00, 0x00, 0xac, 0x9c, 0x00, 0x00, 0x00, 0x44, 0xff, 0xff, 0xff, 0xff, 0xff, 0xff,
    0xff, 0x2b, 0x00, 0x00, 0x00, 0x00, 0x00, 0x0b, 0xcd, 0xaf, 0x02, 0x00, 0x00, 0x00, 0x00, 0x02,
    0xb0, 0xcd, 0x0b, 0x00, 0x00, 0x00, 0x00, 0x00, 0x8c, 0xe4, 0x1b, 0x00, 0x00, 0x00, 0x00, 0x00,
    0x65, 0xf4, 0x32, 0x00, 0x00, 0x00, 0x00, 0x00, 0x43, 0xf8, 0x50, 0x00, 0x00, 0x00, 0x00, 0x00,
    0x28, 0xef, 0x74, 0x00, 0x00, 0x00, 0x00, 0x00, 0x14, 0xdd, 0x9c, 0x00, 0x00, 0x00, 0x00, 0x00,
    0x00, 0x6b, 0xff, 0xff, 0xff, 0xff, 0xff, 0xff, 0xff, 0x54, 0xe0, 0xff, 0xd0, 0xe0, 0x48, 0x00,
    0xe0, 0x48, 0x00, 0xe0, 0x48, 0x00, 0xe0, 0x48, 0x00, 0xe0, 0x48, 0x00, 0xe0, 0x48, 0x00, 0xe0,
    0x48, 0x00, 0xe0, 0x48, 0x00, 0xe0, 0x48, 0x00, 0xe0, 0x48, 0x00, 0xe0, 0xff, 0xd0, 0xda, 0x39,
    0x00, 0x00, 0x00, 0x8d, 0x86, 0x00, 0x00, 0x00, 0x40, 0xd3, 0x00, 0x00, 0x00, 0x04, 0xef, 0x20,
    0x00, 0x00, 0x00, 0xa7, 0x6c, 0x00, 0x00, 0x00, 0x5a, 0xb9, 0x00, 0x00, 0x00, 0x11, 0xf5, 0x0d,
    0x00, 0x00, 0x00, 0xc1, 0x53, 0x00, 0x00, 0x00, 0x74, 0x9f, 0x00, 0x00, 0x00, 0x27, 0xea, 0x02,
    0x00, 0x00, 0x00, 0xda, 0x39, 0xbc, 0xff, 0xf4, 0x00, 0x38, 0xf4, 0x00, 0x38, 0xf4, 0x00, 0x38,
    0xf4, 0x00, 0x38, 0xf4, 0x00, 0x38, 0xf4, 0x00, 0x38, 0xf4, 0x00, 0x38, 0xf4, 0x00, 0x38, 0xf4,
    0x00, 0x38, 0xf4, 0x00, 0x38, 0xf4, 0xbc, 0xff, 0xf4, 0x00, 0x00, 0x00, 0x9a, 0xff, 0x7d, 0x00,
    0x00, 0x00, 0x00, 0x00, 0x78, 0xed, 0x6a, 0xf5, 0x5b, 0x00, 0x00, 0x00, 0x56, 0xed, 0x32, 0x00,
    0x44, 0xf0, 0x3e, 0x00, 0x39, 0xe8, 0x35, 0x00, 0x00, 0x00, 0x48, 0xe6, 0x27, 0x20, 0xff, 0xff,
    0xff, 0xff, 0xff, 0xff, 0xa0, 0x69, 0xbd, 0x07, 0x00, 0x00, 0x60, 0xa7, 0x02, 0x00, 0xb4, 0xff,
    0xfe, 0xdf, 0x7c, 0x01, 0x00, 0x00, 0x00, 0x03, 0x31, 0xdb, 0x5a, 0x00, 0x00, 0x00, 0x00, 0x00,
    0x6e, 0xa8, 0x00, 0x55, 0xce, 0xf4, 0xff, 0xff, 0xc4, 0x17, 0xfc, 0x50, 0x0d, 0x01, 0x70, 0xc8,
    0x20, 0xfe, 0x41, 0x07, 0x39, 0xe1, 0xc8, 0x00, 0x74, 0xe8, 0xf9, 0xc7, 0x8f, 0xc8, 0xd0, 0x5c,
    0x00, 0x00, 0x00, 0x00, 0x00, 0xd0, 0x5c, 0x00, 0x00, 0x00, 0x00, 0x00, 0xd0, 0x5c, 0x00, 0x00,
    0x00, 0x00, 0x00, 0xd0, 0x5c, 0x00, 0x00, 0x00, 0x00, 0x00, 0xd0, 0x86, 0xc3, 0xf2, 0xce, 0x3b,
    0x00, 0xd0, 0xee, 0x40, 0x0e, 0x77, 0xf1, 0x15, 0xd0, 0x86, 0x00, 0x00, 0x00, 0xd6, 0x66, 0xd0,
    0x64, 0x00, 0x00, 0x00, 0xb4, 0x82, 0xd0, 0x85, 0x00, 0x00, 0x00, 0xd6, 0x66, 0xd0, 0xed, 0x3f,
    0x0d, 0x74, 0xf2, 0x15, 0xd0, 0x87, 0xc4, 0xf3, 0xcf, 0x3d, 0x00, 0x00, 0x0e, 0x91, 0xdf, 0xef,
    0x99, 0x0b, 0x00, 0xb1, 0xc3, 0x2a, 0x10, 0x66, 0x4c, 0x1e, 0xff, 0x24, 0x00, 0x00, 0x00, 0x00,
    0x3e, 0xfc, 0x01, 0x00, 0x00, 0x00, 0x00, 0x1e, 0xff, 0x24, 0x00, 0x00, 0x00, 0x00, 0x00, 0xb3,
    0xc2, 0x29, 0x0f, 0x65, 0x4c, 0x00, 0x0f, 0x95, 0xe2, 0xed, 0x98, 0x0b, 0x00, 0x00, 0x00, 0x00,
    0x00, 0x18, 0xff, 0x14, 0x00, 0x00, 0x00, 0x00, 0x00, 0x18, 0xff, 0x14, 0x00, 0x00, 0x00, 0x00,
    0x00, 0x18, 0xff, 0x14, 0x00, 0x00, 0x00, 0x00, 0x00, 0x18, 0xff, 0x14, 0x00, 0x19, 0xb4, 0xf2,
    0xd6, 0x6b, 0xff, 0x14, 0x00, 0xc2, 0xac, 0x16, 0x23, 0xcb, 0xff, 0x14, 0x23, 0xff, 0x16, 0x00,
    0x00, 0x43, 0xff, 0x14, 0x3f, 0xf4, 0x00, 0x00, 0x00, 0x20, 0xff, 0x14, 0x23, 0xff, 0x16, 0x00,
    0x00, 0x42, 0xff, 0x14, 0x00, 0xc4, 0xaa, 0x15, 0x22, 0xc9, 0xff, 0x14, 0x00, 0x1b, 0xb6, 0xf2,
    0xd6, 0x6b, 0xff, 0x14, 0x00, 0x0c, 0x91, 0xe1, 0xf0, 0xb4, 0x1f, 0x00, 0x00, 0xae, 0xb6, 0x21,
    0x0e, 0x8c, 0xce, 0x02, 0x1c, 0xff, 0x1a, 0x00, 0x00, 0x02, 0xf1, 0x2d, 0x3d, 0xff, 0xff, 0xff,
    0xff, 0xff, 0xff, 0x4d, 0x1e, 0xfd, 0x13, 0x00, 0x00, 0x00, 0x00, 0x00, 0x00, 0xaf, 0xb3, 0x26,
    0x0a, 0x35, 0xaf, 0x07, 0x00, 0x0d, 0x8b, 0xdd, 0xf4, 0xc8, 0x4f, 0x00, 0x00, 0x05, 0xa1, 0xf3,
    0xd4, 0x00, 0x54, 0xd6, 0x0f, 0x00, 0x00, 0x84, 0x9f, 0x00, 0x00, 0x00, 0x93, 0x98, 0x00, 0x00,
    0xb4, 0xff, 0xff, 0xff, 0x84, 0x00, 0x94, 0x98, 0x00, 0x00, 0x00, 0x94, 0x98, 0x00, 0x00, 0x00,
    0x94, 0x98, 0x00, 0x00, 0x00, 0x94, 0x98, 0x00, 0x00, 0x00, 0x94, 0x98, 0x00, 0x00, 0x00, 0x94,
    0x98, 0x00, 0x00, 0x00, 0x1b, 0xb6, 0xf2, 0xd6, 0x6d, 0xff, 0x14, 0x00, 0xc4, 0xa7, 0x15, 0x22,
    0xc9, 0xff, 0x14, 0x24, 0xff, 0x14, 0x00, 0x00, 0x42, 0xff, 0x14, 0x3f, 0xf3, 0x00, 0x00, 0x00,
    0x20, 0xff, 0x14, 0x24, 0xff, 0x14, 0x00, 0x00, 0x42, 0xff, 0x14, 0x00, 0xc6, 0xa7, 0x15, 0x22,
    0xc9, 0xff, 0x14, 0x00, 0x1d, 0xb7, 0xf2, 0xd7, 0x74, 0xff, 0x0e, 0x00, 0x00, 0x00, 0x00, 0x00,
    0x4a, 0xee, 0x00, 0x00, 0x57, 0x53, 0x0d, 0x2f, 0xd3, 0x96, 0x00, 0x00, 0x13, 0xa8, 0xee, 0xe3,
    0x91, 0x09, 0x00, 0xd0, 0x5c, 0x00, 0x00, 0x00, 0x00, 0x00, 0xd0, 0x5c, 0x00, 0x00, 0x00, 0x00,
    0x00, 0xd0, 0x5c, 0x00, 0x00, 0x00, 0x00, 0x00, 0xd0, 0x5c, 0x00, 0x00, 0x00, 0x00, 0x00, 0xd0,
    0x83, 0xbe, 0xf2, 0xd9, 0x46, 0x00, 0xd0, 0xe1, 0x36, 0x0a, 0x7b, 0xe9, 0x01, 0xd0, 0x72, 0x00,
    0x00, 0x11, 0xff, 0x1b, 0xd0, 0x5c, 0x00, 0x00, 0x08, 0xff, 0x24, 0xd0, 0x5c, 0x00, 0x00, 0x08,
    0xff, 0x24, 0xd0, 0x5c, 0x00, 0x00, 0x08, 0xff, 0x24, 0xd0, 0x5c, 0x00, 0x00, 0x08, 0xff, 0x24,
    0xc8, 0x64, 0x00, 0x00, 0x00, 0x00, 0xc8, 0x64, 0xc8, 0x64, 0xc8, 0x64, 0xc8, 0x64, 0xc8, 0x64,
    0xc8, 0x64, 0xc8, 0x64, 0x00, 0x00, 0xc8, 0x64, 0x00, 0x00, 0x00, 0x00, 0x00, 0x00, 0x00, 0x00,
    0x00, 0x00, 0xc8, 0x64, 0x00, 0x00, 0xc8, 0x64, 0x00, 0x00, 0xc8, 0x64, 0x00, 0x00, 0xc8, 0x64,
    0x00, 0x00, 0xc8, 0x64, 0x00, 0x00, 0xc8, 0x64, 0x00, 0x00, 0xc8, 0x64, 0x00, 0x00, 0xcc, 0x5e,
    0x00, 0x19, 0xef, 0x3c, 0x3c, 0xf3, 0x9f, 0x00, 0xd0, 0x5c, 0x00, 0x00, 0x00, 0x00, 0x00, 0xd0,
    0x5c, 0x00, 0x00, 0x00, 0x00, 0x00, 0xd0, 0x5c, 0x00, 0x00, 0x00, 0x00, 0x00, 0xd0, 0x5c, 0x00,
    0x00, 0x00, 0x00, 0x00, 0xd0, 0x5c, 0x00, 0x0a, 0xb1, 0xb5, 0x0b, 0xd0, 0x5c, 0x18, 0xcb, 0x97,
    0x03, 0x00, 0xd0, 0x86, 0xde, 0x77, 0x00, 0x00, 0x00, 0xd0, 0xe8, 0xd4, 0x0c, 0x00, 0x00, 0x00,
    0xd0, 0x60, 0xa7, 0xc7, 0x11, 0x00, 0x00, 0xd0, 0x5c, 0x02, 0x9b, 0xd0, 0x16, 0x00, 0xd0, 0x5c,
    0x00, 0x00, 0x8e, 0xd8, 0x1c, 0xc8, 0x64, 0xc8, 0x64, 0xc8, 0x64, 0xc8, 0x64, 0xc8, 0x64, 0xc8,
    0x64, 0xc8, 0x64, 0xc8, 0x64, 0xc8, 0x64, 0xc8, 0x64, 0xc8, 0x64, 0xd0, 0x8e, 0xc3, 0xf4, 0xd6,
    0x37, 0x73, 0xe4, 0xf1, 0x9a, 0x02, 0xd0, 0xdf, 0x33, 0x0c, 0x9e, 0xf2, 0x9a, 0x12, 0x25, 0xe7,
    0x55, 0xd0, 0x71, 0x00, 0x00, 0x40, 0xfe, 0x0b, 0x00, 0x00, 0xa4, 0x87, 0xd0, 0x5c, 0x00, 0x00,
    0x38, 0xf4, 0x00, 0x00, 0x00, 0x9c, 0x90, 0xd0, 0x5c, 0x00, 0x00, 0x38, 0xf4, 0x00, 0x00, 0x00,
    0x9c, 0x90, 0xd0, 0x5c, 0x00, 0x00, 0x38, 0xf4, 0x00, 0x00, 0x00, 0x9c, 0x90, 0xd0, 0x5c, 0x00,
    0x00, 0x38, 0xf4, 0x00, 0x00, 0x00, 0x9c, 0x90, 0xd0, 0x83, 0xbe, 0xf2, 0xd9, 0x46, 0x00, 0xd0,
    0xe1, 0x36, 0x0a, 0x7b, 0xe9, 0x01, 0xd0, 0x72, 0x00, 0x00, 0x11, 0xff, 0x1b, 0xd0, 0x5c, 0x00,
    0x00, 0x08, 0xff, 0x24, 0xd0, 0x5c, 0x00, 0x00, 0x08, 0xff, 0x24, 0xd0, 0x5c, 0x00, 0x00, 0x08,
    0xff, 0x24, 0xd0, 0x5c, 0x00, 0x00, 0x08, 0xff, 0x24, 0x00, 0x16, 0xa6, 0xea, 0xe9, 0xa1, 0x12,
    0x00, 0x00, 0xc0, 0xb5, 0x1a, 0x1d, 0xbe, 0xb5, 0x00, 0x22, 0xff, 0x20, 0x00, 0x00, 0x2c, 0xff,
    0x19, 0x3f, 0xfb, 0x00, 0x00, 0x00, 0x08, 0xff, 0x36, 0x22, 0xff, 0x1e, 0x00, 0x00, 0x2c, 0xff,
    0x19, 0x00, 0xc1, 0xb3, 0x19, 0x1d, 0xbe, 0xb6, 0x00, 0x00, 0x18, 0xa7, 0xeb, 0xea, 0xa3, 0x14,
    0x00, 0xd0, 0x86, 0xc3, 0xf2, 0xce, 0x3b, 0x00, 0xd0, 0xee, 0x40, 0x0e, 0x77, 0xf1, 0x15, 0xd0,
    0x86, 0x00, 0x00, 0x00, 0xd6, 0x66, 0xd0, 0x64, 0x00, 0x00, 0x00, 0xb4, 0x82, 0xd0, 0x85, 0x00,
    0x00, 0x00, 0xd6, 0x66, 0xd0, 0xed, 0x3f, 0x0d, 0x74, 0xf2, 0x15, 0xd0, 0x87, 0xc4, 0xf3, 0xcf,
    0x3d, 0x00, 0xd0, 0x5c, 0x00, 0x00, 0x00, 0x00, 0x00, 0xd0, 0x5c, 0x00, 0x00, 0x00, 0x00, 0x00,
    0xd0, 0x5c, 0x00, 0x00, 0x00, 0x00, 0x00, 0x00, 0x19, 0xb4, 0xf2, 0xd6, 0x6b, 0xff, 0x14, 0x00,
    0xc2, 0xac, 0x16, 0x23, 0xcb, 0xff, 0x14, 0x23, 0xff, 0x16, 0x00, 0x00, 0x43, 0xff, 0x14, 0x3f,
    0xf4, 0x00, 0x00, 0x00, 0x20, 0xff, 0x14, 0x23, 0xff, 0x16, 0x00, 0x00, 0x42, 0xff, 0x14, 0x00,
    0xc4, 0xaa, 0x15, 0x22, 0xc9, 0xff, 0x14, 0x00, 0x1b, 0xb6, 0xf2, 0xd6, 0x6b, 0xff, 0x14, 0x00,
    0x00, 0x00, 0x00, 0x00, 0x18, 0xff, 0x14, 0x00, 0x00, 0x00, 0x00, 0x00, 0x18, 0xff, 0x14, 0x00,
    0x00, 0x00, 0x00, 0x00, 0x18, 0xff, 0x14, 0xd0, 0x85, 0xc0, 0xf3, 0x58, 0xd0, 0xe7, 0x3a, 0x03,
    0x00, 0xd0, 0x7b, 0x00, 0x00, 0x00, 0xd0, 0x5d, 0x00, 0x00, 0x00, 0xd0, 0x5c, 0x00, 0x00, 0x00,
    0xd0, 0x5c, 0x00, 0x00, 0x00, 0xd0, 0x5c, 0x00, 0x00, 0x00, 0x00, 0x6e, 0xdf, 0xf5, 0xc3, 0x32,
    0x00, 0x26, 0xfa, 0x3b, 0x08, 0x38, 0x8b, 0x00, 0x21, 0xf4, 0x2d, 0x00, 0x00, 0x00, 0x00, 0x00,
    0x4d, 0xb8, 0xcc, 0x9e, 0x2f, 0x00, 0x00, 0x00, 0x00, 0x02, 0x5c, 0xf1, 0x0a, 0x45, 0x86, 0x24,
    0x07, 0x5f, 0xfa, 0x0c, 0x06, 0x76, 0xdb, 0xf6, 0xd0, 0x50, 0x00, 0x00, 0xcc, 0x60, 0x00, 0x00,
    0x00, 0xcc, 0x60, 0x00, 0x00, 0xa8, 0xff, 0xff, 0xff, 0xc8, 0x00, 0xcc, 0x60, 0x00, 0x00, 0x00,
    0xcc, 0x60, 0x00, 0x00, 0x00, 0xcc, 0x60, 0x00, 0x00, 0x00, 0xca, 0x60, 0x00, 0x00, 0x00, 0xb1,
    0x8e, 0x04, 0x00, 0x00, 0x3b, 0xd7, 0xfb, 0xc8, 0xe4, 0x44, 0x00, 0x00, 0x1c, 0xff, 0x10, 0xe4,
    0x44, 0x00, 0x00, 0x1c, 0xff, 0x10, 0xe4, 0x44, 0x00, 0x00, 0x1c, 0xff, 0x10, 0xe4, 0x44, 0x00,
    0x00, 0x1c, 0xff, 0x10, 0xdb, 0x4d, 0x00, 0x00, 0x32, 0xff, 0x10, 0xab, 0xae, 0x10, 0x1f, 0xbb,
    0xff, 0x10, 0x22, 0xc2, 0xf5, 0xd3, 0x69, 0xff, 0x10, 0x6c, 0xcf, 0x00, 0x00, 0x00, 0x21, 0xfd,
    0x20, 0x11, 0xf8, 0x30, 0x00, 0x00, 0x81, 0xbd, 0x00, 0x00, 0xa9, 0x91, 0x00, 0x01, 0xe0, 0x5b,
    0x00, 0x00, 0x48, 0xec, 0x06, 0x43, 0xf0, 0x09, 0x00, 0x00, 0x02, 0xe4, 0x52, 0xa3, 0x98, 0x00,
    0x00, 0x00, 0x00, 0x86, 0xc0, 0xf5, 0x36, 0x00, 0x00, 0x00, 0x00, 0x25, 0xff, 0xd4, 0x00, 0x00,
    0x00, 0x53, 0xd9, 0x00, 0x00, 0x83, 0xff, 0x22, 0x00, 0x37, 0xf1, 0x04, 0x11, 0xfd, 0x1e, 0x00,
    0xc7, 0xda, 0x66, 0x00, 0x7b, 0xb1, 0x00, 0x00, 0xcb, 0x62, 0x0e, 0xf0, 0x62, 0xab, 0x00, 0xbf,
    0x6d, 0x00, 0x00, 0x87, 0xa6, 0x4f, 0xb7, 0x18, 0xed, 0x0c, 0xf8, 0x29, 0x00, 0x00, 0x43, 0xe8,
    0x94, 0x72, 0x00, 0xd3, 0x7c, 0xe5, 0x00, 0x00, 0x00, 0x07, 0xf6, 0xf1, 0x2e, 0x00, 0x8f, 0xf1,
    0xa1, 0x00, 0x00, 0x00, 0x00, 0xba, 0xe9, 0x01, 0x00, 0x4a, 0xff, 0x5d, 0x00, 0x00, 0x1a, 0xe9,
    0x5c, 0x00, 0x00, 0x9d, 0xbf, 0x03, 0x00, 0x44, 0xf2, 0x29, 0x5e, 0xe8, 0x18, 0x00, 0x00, 0x00,
    0x80, 0xda, 0xf2, 0x42, 0x00, 0x00, 0x00, 0x00, 0x18, 0xf9, 0xc1, 0x00, 0x00, 0x00, 0x00, 0x02,
    0xb9, 0xad, 0xe6, 0x62, 0x00, 0x00, 0x00, 0x7e, 0xd6, 0x0b, 0x40, 0xf2, 0x2c, 0x00, 0x41, 0xf2,
    0x2b, 0x00, 0x00, 0x7c, 0xd7, 0x0b, 0x68, 0xd3, 0x00, 0x00, 0x00, 0x25, 0xfc, 0x1f, 0x0c, 0xf1,
    0x3b, 0x00, 0x00, 0x8c, 0xb7, 0x00, 0x00, 0x94, 0xa3, 0x00, 0x07, 0xec, 0x52, 0x00, 0x00, 0x2a,
    0xf7, 0x13, 0x5c, 0xe8, 0x05, 0x00, 0x00, 0x00, 0xc0, 0x73, 0xc4, 0x88, 0x00, 0x00, 0x00, 0x00,
    0x56, 0xe9, 0xfe, 0x24, 0x00, 0x00, 0x00, 0x00, 0x05, 0xe7, 0xbd, 0x00, 0x00, 0x00, 0x00, 0x00,
    0x07, 0xed, 0x58, 0x00, 0x00, 0x00, 0x00, 0x01, 0x72, 0xe4, 0x05, 0x00, 0x00, 0x00, 0x00, 0xf7,
    0xe7, 0x49, 0x00, 0x00, 0x00, 0x00, 0x48, 0xff, 0xff, 0xff, 0xff, 0xff, 0x44, 0x00, 0x00, 0x00,
    0x00, 0x7e, 0xcd, 0x0c, 0x00, 0x00, 0x00, 0x5f, 0xde, 0x18, 0x00, 0x00, 0x00, 0x46, 0xe8, 0x28,
    0x00, 0x00, 0x00, 0x30, 0xea, 0x3b, 0x00, 0x00, 0x00, 0x1f, 0xe4, 0x53, 0x00, 0x00, 0x00, 0x00,
    0x70, 0xff, 0xff, 0xff, 0xff, 0xff, 0x44, 0x00, 0x00, 0x08, 0xb7, 0xf4, 0xa3, 0x00, 0x00, 0x50,
    0xe9, 0x1a, 0x00, 0x00, 0x00, 0x67, 0xc8, 0x00, 0x00, 0x00, 0x00, 0x6b, 0xc6, 0x00, 0x00, 0x00,
    0x0f, 0xb0, 0xa4, 0x00, 0x00, 0x60, 0xff, 0xe6, 0x21, 0x00, 0x00, 0x00, 0x15, 0xc5, 0x95, 0x00,
    0x00, 0x00, 0x00, 0x73, 0xc2, 0x00, 0x00, 0x00, 0x00, 0x68, 0xc8, 0x00, 0x00, 0x00, 0x00, 0x64,
    0xcb, 0x00, 0x00, 0x00, 0x00, 0x48, 0xee, 0x1f, 0x00, 0x00, 0x00, 0x04, 0xb0, 0xf3, 0xa3, 0x58,
    0xbc, 0x58, 0xbc, 0x58, 0xbc, 0x58, 0xbc, 0x58, 0xbc, 0x58, 0xbc, 0x58, 0xbc, 0x58, 0xbc, 0x58,
    0xbc, 0x58, 0xbc, 0x58, 0xbc, 0x58, 0xbc, 0x58, 0xbc, 0x60, 0xfa, 0xd2, 0x2b, 0x00, 0x00, 0x00,
    0x0a, 0xb1, 0x94, 0x00, 0x00, 0x00, 0x00, 0x80, 0xab, 0x00, 0x00, 0x00, 0x00, 0x7e, 0xaf, 0x00,
    0x00, 0x00, 0x00, 0x5e, 0xe3, 0x1f, 0x00, 0x00, 0x00, 0x03, 0xbe, 0xff, 0xa4, 0x00, 0x00, 0x50,
    0xf0, 0x2d, 0x01, 0x00, 0x00, 0x7a, 0xb7, 0x00, 0x00, 0x00, 0x00, 0x80, 0xac, 0x00, 0x00, 0x00,
    0x00, 0x83, 0xa8, 0x00, 0x00, 0x00, 0x0d, 0xbb, 0x8c, 0x00, 0x00, 0x60, 0xfa, 0xce, 0x24, 0x00,
    0x00, 0x00, 0x00, 0x00, 0x00, 0x00, 0x00, 0x00, 0x00, 0x03, 0x23, 0xae, 0xee, 0xdf, 0x85, 0x27,
    0x0b, 0x65, 0x78, 0x7d, 0x4f, 0x0e, 0x2f, 0x91, 0xe6, 0xeb, 0xa3, 0x18,
};

static const uifont_glyph_t uifont_regular_glyphs[] = {
    {     0, 11, 10,   1,  10, 13 }, /* 0x01 */
    {   110, 14,  8,   0,   8, 15 }, /* 0x02 */
    {   222,  7, 10,   2,  10, 11 }, /* 0x03 */
    {   292,  7,  4,   2,  10, 11 }, /* 0x04 */
    {   320,  8,  8,   1,   9, 11 }, /* 0x05 */
    {   384,  7,  7,   0,   7,  7 }, /* 0x06 */
    {   433, 11, 10,   0,   8, 11 }, /* 0x07 */
    {     0,  0,  0,   0,   0,  0 }, /* 0x08 */
    {     0,  0,  0,   0,   0,  0 }, /* 0x09 */
    {     0,  0,  0,   0,   0,  0 }, /* 0x0a */
    {   543,  5,  4,   1,   7,  8 }, /* 0x0b */
    {   563, 11,  2,   1,   2, 13 }, /* 0x0c */
    {     0,  0,  0,   0,   0,  0 }, /* 0x0d */
    {   585, 11,  5,   0,   7, 11 }, /* 0x0e */
    {   640,  9,  5,   1,   6, 11 }, /* 0x0f */
    {   685, 13,  1,   0,   4, 13 }, /* 0x10 */
    {   698, 18, 10,   0,  10, 18 }, /* 0x11 */
    {     0,  0,  0,   0,   0,  0 }, /* 0x12 */
    {     0,  0,  0,   0,   0,  0 }, /* 0x13 */
    {     0,  0,  0,   0,   0,  0 }, /* 0x14 */
    {     0,  0,  0,   0,   0,  0 }, /* 0x15 */
    {     0,  0,  0,   0,   0,  0 }, /* 0x16 */
    {     0,  0,  0,   0,   0,  0 }, /* 0x17 */
    {     0,  0,  0,   0,   0,  0 }, /* 0x18 */
    {     0,  0,  0,   0,   0,  0 }, /* 0x19 */
    {     0,  0,  0,   0,   0,  0 }, /* 0x1a */
    {     0,  0,  0,   0,   0,  0 }, /* 0x1b */
    {     0,  0,  0,   0,   0,  0 }, /* 0x1c */
    {     0,  0,  0,   0,   0,  0 }, /* 0x1d */
    {     0,  0,  0,   0,   0,  0 }, /* 0x1e */
    {     0,  0,  0,   0,   0,  0 }, /* 0x1f */
    {     0,  0,  0,   0,   0,  4 }, /* ' ' */
    {   878,  3,  9,   1,   9,  5 }, /* '!' */
    {   905,  4,  4,   1,   9,  6 }, /* '"' */
    {   921,  9, 10,   1,  10, 11 }, /* '#' */
    {  1011,  7, 11,   1,   9,  8 }, /* '$' */
    {  1088, 12,  9,   0,   9, 12 }, /* '%' */
    {  1196, 10,  9,   0,   9, 10 }, /* '&' */
    {  1286,  2,  4,   1,   9,  4 }, /* "'" */
    {  1294,  3, 12,   1,  11,  5 }, /* '(' */
    {  1330,  3, 12,   1,  11,  5 }, /* ')' */
    {  1366,  7,  6,   0,   9,  6 }, /* '*' */
    {  1408,  9,  9,   1,   9, 11 }, /* '+' */
    {  1489,  2,  3,   1,   2,  4 }, /* ',' */
    {  1495,  5,  1,   0,   4,  5 }, /* '-' */
    {  1500,  2,  2,   1,   2,  4 }, /* '.' */
    {  1504,  5, 11,   0,   9,  4 }, /* '/' */
    {  1559,  8,  9,   0,   9,  8 }, /* '0' */
    {  1631,  7,  9,   1,   9,  8 }, /* '1' */
    {  1694,  7,  9,   0,   9,  8 }, /* '2' */
    {  1757,  8,  9,   0,   9,  8 }, /* '3' */
    {  1829,  8,  9,   0,   9,  8 }, /* '4' */
    {  1901,  7,  9,   1,   9,  8 }, /* '5' */
    {  1964,  8,  9,   0,   9,  8 }, /* '6' */
    {  2036,  7,  9,   1,   9,  8 }, /* '7' */
    {  2099,  8,  9,   0,   9,  8 }, /* '8' */
    {  2171,  8,  9,   0,   9,  8 }, /* '9' */
    {  2243,  2,  7,   1,   7,  4 }, /* ':' */
    {  2257,  2,  8,   1,   7,  4 }, /* ';' */
    {  2273,  9,  7,   1,   8, 11 }, /* '<' */
    {  2336,  9,  4,   1,   6, 11 }, /* '=' */
    {  2372,  9,  7,   1,   8, 11 }, /* '>' */
    {  2435,  6,  9,   0,   9,  7 }, /* '?' */
    {  2489, 13, 11,   0,   9, 13 }, /* '@' */
    {  2632,  9,  9,   0,   9,  9 }, /* 'A' */
    {  2713,  7,  9,   1,   9,  9 }, /* 'B' */
    {  2776,  9,  9,   0,   9,  9 }, /* 'C' */
    {  2857,  9,  9,   1,   9, 10 }, /* 'D' */
    {  2938,  7,  9,   1,   9,  8 }, /* 'E' */
    {  3001,  6,  9,   1,   9,  7 }, /* 'F' */
    {  3055,  9,  9,   0,   9, 10 }, /* 'G' */
    {  3136,  8,  9,   1,   9, 10 }, /* 'H' */
    {  3208,  2,  9,   1,   9,  4 }, /* 'I' */
    {  3226,  4, 12,  -1,   9,  4 }, /* 'J' */
    {  3274,  8,  9,   1,   9,  9 }, /* 'K' */
    {  3346,  7,  9,   1,   9,  7 }, /* 'L' */
    {  3409,  9,  9,   1,   9, 11 }, /* 'M' */
    {  3490,  8,  9,   1,   9, 10 }, /* 'N' */
    {  3562, 10,  9,   0,   9, 10 }, /* 'O' */
    {  3652,  7,  9,   1,   9,  8 }, /* 'P' */
    {  3715, 10, 11,   0,   9, 10 }, /* 'Q' */
    {  3825,  8,  9,   1,   9,  9 }, /* 'R' */
    {  3897,  8,  9,   0,   9,  8 }, /* 'S' */
    {  3969,  9,  9,  -1,   9,  8 }, /* 'T' */
    {  4050,  8,  9,   1,   9, 10 }, /* 'U' */
    {  4122,  9,  9,   0,   9,  9 }, /* 'V' */
    {  4203, 13,  9,   0,   9, 13 }, /* 'W' */
    {  4320,  9,  9,   0,   9,  9 }, /* 'X' */
    {  4401,  8,  9,   0,   9,  8 }, /* 'Y' */
    {  4473,  9,  9,   0,   9,  9 }, /* 'Z' */
    {  4554,  3, 12,   1,  10,  5 }, /* '[' */
    {  4590,  5, 11,   0,   9,  4 }, /* '\\' */
    {  4645,  3, 12,   1,  10,  5 }, /* ']' */
    {  4681,  9,  4,   1,   9, 11 }, /* '^' */
    {  4717,  8,  1,  -1,  -2,  6 }, /* '_' */
    {  4725,  4,  2,   1,  10,  6 }, /* '`' */
    {  4733,  7,  7,   0,   7,  8 }, /* 'a' */
    {  4782,  7, 11,   1,  11,  8 }, /* 'b' */
    {  4859,  7,  7,   0,   7,  7 }, /* 'c' */
    {  4908,  8, 11,   0,  11,  8 }, /* 'd' */
    {  4996,  8,  7,   0,   7,  8 }, /* 'e' */
    {  5052,  5, 11,   0,  11,  5 }, /* 'f' */
    {  5107,  8, 10,   0,   7,  8 }, /* 'g' */
    {  5187,  7, 11,   1,  11,  8 }, /* 'h' */
    {  5264,  2, 10,   1,  10,  4 }, /* 'i' */
    {  5284,  4, 13,  -1,  10,  4 }, /* 'j' */
    {  5336,  7, 11,   1,  11,  8 }, /* 'k' */
    {  5413,  2, 11,   1,  11,  4 }, /* 'l' */
    {  5435, 11,  7,   1,   7, 13 }, /* 'm' */
    {  5512,  7,  7,   1,   7,  8 }, /* 'n' */
    {  5561,  8,  7,   0,   7,  8 }, /* 'o' */
    {  5617,  7, 10,   1,   7,  8 }, /* 'p' */
    {  5687,  8, 10,   0,   7,  8 }, /* 'q' */
    {  5767,  5,  7,   1,   7,  5 }, /* 'r' */
    {  5802,  7,  7,   0,   7,  7 }, /* 's' */
    {  5851,  5,  9,   0,   9,  5 }, /* 't' */
    {  5896,  7,  7,   1,   7,  8 }, /* 'u' */
    {  5945,  8,  7,   0,   7,  8 }, /* 'v' */
    {  6001, 11,  7,   0,   7, 11 }, /* 'w' */
    {  6078,  8,  7,   0,   7,  8 }, /* 'x' */
    {  6134,  8, 10,   0,   7,  8 }, /* 'y' */
    {  6214,  7,  7,   0,   7,  7 }, /* 'z' */
    {  6263,  6, 12,   1,  10,  8 }, /* '{' */
    {  6335,  2, 13,   1,  10,  4 }, /* '|' */
    {  6361,  6, 12,   1,  10,  8 }, /* '}' */
    {  6433,  9,  3,   1,   6, 11 }, /* '~' */
};

const uifont_t uifont_regular = {
    1, 126, 13, 4, 17,
    uifont_regular_glyphs, uifont_regular_pixels
};

/* --- uifont_bold: 126 glyphs, 7238 bytes of coverage ------------ */
static const uint8_t uifont_bold_pixels[] = {
    0x19, 0xa9, 0xcd, 0x6f, 0x00, 0x00, 0x64, 0xcc, 0xaf, 0x1f, 0xb0, 0xa6, 0x50, 0xe7, 0x44, 0x35,
    0xed, 0x53, 0x99, 0xc0, 0xda, 0x44, 0x00, 0x9e, 0x79, 0x69, 0xae, 0x00, 0x31, 0xea, 0x81, 0xde,
    0x95, 0xd5, 0xc8, 0xc1, 0xdc, 0x95, 0xd8, 0x91, 0x00, 0x52, 0x82, 0xcf, 0xc0, 0xb8, 0xd7, 0x82,
    0x57, 0x01, 0x00, 0x31, 0x61, 0xc3, 0xaf, 0xa5, 0xcc, 0x62, 0x36, 0x00, 0x67, 0xf0, 0xba, 0xe3,
    0xda, 0xd6, 0xe8, 0xb9, 0xed, 0x76, 0xd7, 0x4e, 0x00, 0x9c, 0x7b, 0x6b, 0xac, 0x00, 0x3b, 0xe6,
    0xbf, 0x89, 0x2a, 0xda, 0x52, 0x43, 0xe4, 0x2f, 0x7a, 0xce, 0x2a, 0xce, 0xf1, 0x93, 0x01, 0x00,
    0x87, 0xf0, 0xd3, 0x32, 0x01, 0x7c, 0x7c, 0x7c, 0x7c, 0x4c, 0x00, 0x00, 0x00, 0x38, 0x7c, 0x7c,
    0x7c, 0x7a, 0x04, 0xff, 0xff, 0xff, 0xff, 0xfa, 0x3f, 0x00, 0x00, 0x74, 0xff, 0xff, 0xff, 0xfc,
    0x00, 0x0c, 0x0c, 0x0c, 0x1c, 0xe0, 0xeb, 0x21, 0x00, 0x05, 0x0c, 0x0c, 0x0c, 0x0b, 0x00, 0x00,
    0x00, 0x00, 0x00, 0x2e, 0xf4, 0xd2, 0x0c, 0x00, 0x00, 0x00, 0x00, 0x00, 0x00, 0x00, 0x00, 0x00,
    0x00, 0x00, 0x52, 0xfe, 0xaf, 0x01, 0x00, 0x00, 0x00, 0x00, 0x00, 0x00, 0x00, 0x00, 0x00, 0x00,
    0x00, 0x7e, 0xff, 0x84, 0x00, 0x00, 0x00, 0x00, 0x00, 0x00, 0x00, 0x00, 0x00, 0x00, 0x00, 0x01,
    0xab, 0xff, 0x97, 0x88, 0x88, 0x85, 0x00, 0x00, 0x00, 0x00, 0x00, 0x00, 0x00, 0x00, 0x0a, 0xce,
    0xff, 0xff, 0xff, 0xfc, 0x00, 0x00, 0x0f, 0x8b, 0x07, 0x00, 0x00, 0x00, 0x0f, 0xc8, 0xb4, 0xb7,
    0x07, 0x00, 0x10, 0xca, 0x8d, 0x00, 0xa8, 0xb7, 0x07, 0x77, 0xba, 0xb8, 0x00, 0xd4, 0xb1, 0x64,
    0x00, 0x2c, 0xb8, 0x00, 0xd4, 0x10, 0x00, 0x00, 0x2c, 0xb8, 0x00, 0xd4, 0x10, 0x00, 0x00, 0x2c,
    0xb8, 0x00, 0xd4, 0x10, 0x00, 0x00, 0x2c, 0xb8, 0x00, 0xd4, 0x10, 0x00, 0x00, 0x2c, 0xb8, 0x00,
    0xd4, 0x10, 0x00, 0x00, 0x2c, 0xf8, 0xe4, 0xfb, 0x10, 0x00, 0x00, 0x00, 0x20, 0x82, 0x15, 0x00,
    0x00, 0x00, 0x21, 0xe0, 0xff, 0xd3, 0x15, 0x00, 0x21, 0xe1, 0xc6, 0x51, 0xd5, 0xd4, 0x16, 0x1a,
    0xa3, 0x0d, 0x00, 0x17, 0xa4, 0x10, 0x00, 0x00, 0x00, 0x00, 0x00, 0x00, 0x0c, 0x1a, 0x00, 0x00,
    0x00, 0x00, 0x00, 0x2a, 0xea, 0x4d, 0x00, 0x00, 0x00, 0x00, 0x0d, 0xda, 0x87, 0x00, 0x00, 0x00,
    0x00, 0x00, 0xa3, 0xbc, 0x03, 0x00, 0x00, 0x0d, 0x02, 0x52, 0xe7, 0x15, 0x00, 0x00, 0x02, 0xee,
    0x6a, 0xe6, 0x4d, 0x00, 0x00, 0x00, 0x00, 0xca, 0xff, 0x9d, 0x00, 0x00, 0x00, 0x00, 0x00, 0x51,
    0xae, 0x0e, 0x00, 0x00, 0x00, 0x00, 0x5a, 0x03, 0x00, 0x00, 0x00, 0x00, 0x00, 0xf8, 0xdb, 0x5f,
    0x03, 0x00, 0x00, 0x00, 0xf8, 0xff, 0xff, 0xda, 0x5e, 0x03, 0x00, 0xf8, 0xff, 0xff, 0xff, 0xff,
    0xd6, 0x1e, 0xf8, 0xff, 0xff, 0xfb, 0x9f, 0x22, 0x00, 0xf8, 0xfb, 0xa0, 0x23, 0x00, 0x00, 0x00,
    0x99, 0x23, 0x00, 0x00, 0x00, 0x00, 0x00, 0x00, 0x00, 0x00, 0x00, 0x27, 0x4a, 0x38, 0x06, 0x00,
    0x00, 0x00, 0x00, 0x00, 0x2c, 0xc7, 0xff, 0xff, 0xff, 0xe8, 0x64, 0x00, 0x00, 0x00, 0x2b, 0xf4,
    0xff, 0xff, 0xff, 0xff, 0xff, 0xff, 0x77, 0x00, 0x00, 0xc3, 0xff, 0xff, 0xff, 0xff, 0xff, 0xff,
    0xff, 0xfc, 0x1e, 0x1e, 0xff, 0xff, 0xff, 0xff, 0xff, 0xff, 0xff, 0xff, 0xff, 0x76, 0x3f, 0xff,
    0xff, 0xff, 0xff, 0xff, 0xff, 0xff, 0xff, 0xff, 0x97, 0x2c, 0xff, 0xff, 0xff, 0xff, 0xff, 0xff,
    0xff, 0xff, 0xff, 0x83, 0x02, 0xdf, 0xff, 0xff, 0xff, 0xff, 0xff, 0xff, 0xff, 0xff, 0x39, 0x00,
    0x56, 0xff, 0xff, 0xff, 0xff, 0xff, 0xff, 0xff, 0xad, 0x00, 0x00, 0x00, 0x68, 0xf8, 0xff, 0xff,
    0xff, 0xff, 0xab, 0x0c, 0x00, 0x00, 0x00, 0x00, 0x17, 0x6c, 0x8f, 0x7d, 0x35, 0x00, 0x00, 0x00,
    0x00, 0x3b, 0xd6, 0xeb, 0x73, 0x00, 0x01, 0xe2, 0xff, 0xff, 0xff, 0x33, 0x14, 0xff, 0xff, 0xff,
    0xff, 0x64, 0x00, 0xe2, 0xff, 0xff, 0xff, 0x33, 0x00, 0x3a, 0xd8, 0xeb, 0x71, 0x00, 0xf8, 0xff,
    0x50, 0x00, 0xa4, 0xff, 0xa4, 0x00, 0x50, 0xff, 0xf8, 0xf8, 0xff, 0x50, 0x00, 0xa4, 0xff, 0xa4,
    0x00, 0x50, 0xff, 0xf8, 0x00, 0x00, 0x00, 0x00, 0x00, 0x00, 0x05, 0xb4, 0x4e, 0x00, 0x00, 0x00,
    0x00, 0x00, 0x00, 0x00, 0x00, 0x00, 0x73, 0xf9, 0x54, 0x00, 0x40, 0xff, 0xff, 0xff, 0xff, 0xff,
    0xff, 0xff, 0xff, 0xfc, 0x2f, 0x40, 0xff, 0xff, 0xff, 0xff, 0xff, 0xff, 0xff, 0xff, 0xfc, 0x30,
    0x00, 0x00, 0x00, 0x00, 0x00, 0x00, 0x00, 0x73, 0xf9, 0x55, 0x00, 0x00, 0x00, 0x00, 0x00, 0x00,
    0x00, 0x05, 0xb4, 0x4e, 0x00, 0x00, 0x69, 0xa8, 0xa8, 0xa8, 0xa8, 0xa8, 0xa8, 0xa8, 0x56, 0x87,
    0xd8, 0xd8, 0xd8, 0xd8, 0xd8, 0xd8, 0xd8, 0x6f, 0x00, 0x00, 0x00, 0x00, 0x00, 0x00, 0x00, 0x00,
    0x00, 0x82, 0xd0, 0xd0, 0xd0, 0xd0, 0xd0, 0xd0, 0xd0, 0x6b, 0x6b, 0xac, 0xac, 0xac, 0xac, 0xac,
    0xac, 0xac, 0x58, 0x00, 0x00, 0x00, 0x00, 0x00, 0x00, 0x00, 0x00, 0x00, 0x9d, 0xfc, 0xfc, 0xfc,
    0xfc, 0xfc, 0xfc, 0xfc, 0x81, 0x52, 0x84, 0x84, 0x84, 0x84, 0x84, 0x84, 0x84, 0x44, 0x4c, 0xff,
    0xff, 0xff, 0xff, 0xff, 0xff, 0xff, 0xff, 0xff, 0xff, 0xff, 0x4c, 0x4c, 0xff, 0xff, 0xff, 0xff,
    0xff, 0xff, 0xff, 0xff, 0xff, 0xff, 0xff, 0x4c, 0x00, 0x00, 0x00, 0x00, 0x70, 0xe0, 0xe0, 0xe0,
    0xe0, 0xe0, 0xe0, 0xe0, 0xe0, 0xe0, 0xe0, 0xe0, 0xe0, 0x57, 0x00, 0x00, 0x00, 0x70, 0xf0, 0x55,
    0x7f, 0xfd, 0x71, 0x40, 0x40, 0x40, 0x40, 0x9d, 0xf8, 0x60, 0xcd, 0x64, 0x00, 0x00, 0x70, 0xf0,
    0x37, 0x00, 0x00, 0x75, 0xed, 0x31, 0x00, 0x00, 0x5c, 0xf5, 0x47, 0x00, 0xbc, 0x64, 0x00, 0x70,
    0xf1, 0x38, 0x00, 0x00, 0x00, 0x00, 0x76, 0xed, 0x31, 0x5b, 0xf5, 0x47, 0x00, 0x00, 0xbc, 0x64,
    0x70, 0xf1, 0x39, 0x00, 0x00, 0x00, 0x00, 0x00, 0x00, 0x77, 0xf0, 0xf4, 0x47, 0x00, 0x00, 0x00,
    0xbc, 0x64, 0x8f, 0xe3, 0x22, 0x00, 0x00, 0x00, 0x00, 0x00, 0x00, 0x5a, 0xf8, 0xee, 0x31, 0x00,
    0x00, 0x00, 0xbc, 0x64, 0x00, 0x90, 0xe2, 0x22, 0x00, 0x00, 0x00, 0x00, 0x59, 0xf4, 0x47, 0x79,
    0xed, 0x31, 0x00, 0x00, 0xbc, 0x64, 0x00, 0x00, 0x90, 0xe2, 0x23, 0x00, 0x00, 0x58, 0xf4, 0x47,
    0x00, 0x00, 0x7a, 0xed, 0x31, 0x00, 0xbc, 0x64, 0x00, 0x00, 0x00, 0x90, 0xe3, 0x34, 0x5f, 0xfa,
    0x67, 0x20, 0x20, 0x20, 0x20, 0x9a, 0xed, 0x3f, 0xc4, 0x64, 0x00, 0x00, 0x00, 0x00, 0x8f, 0xff,
    0xff, 0xff, 0xff, 0xff, 0xff, 0xff, 0xff, 0xff, 0xff, 0xff, 0xff, 0x64, 0x2c, 0xff, 0xff, 0x1c,
    0x2c, 0xff, 0xff, 0x1c, 0x2c, 0xff, 0xff, 0x1c, 0x27, 0xff, 0xff, 0x17, 0x0c, 0xff, 0xf8, 0x01,
    0x00, 0xec, 0xd8, 0x00, 0x00, 0x00, 0x00, 0x00, 0x2c, 0xff, 0xff, 0x1c, 0x2c, 0xff, 0xff, 0x1c,
    0xc4, 0xc0, 0x00, 0xf8, 0x88, 0xc4, 0xc0, 0x00, 0xf8, 0x88, 0xc4, 0xc0, 0x00, 0xf8, 0x88, 0xc4,
    0xc0, 0x00, 0xf8, 0x88, 0x00, 0x00, 0x00, 0x00, 0xc8, 0xa0, 0x00, 0xb1, 0xb7, 0x00, 0x00, 0x00,
    0x00, 0x00, 0x16, 0xfe, 0x52, 0x09, 0xf6, 0x67, 0x00, 0x00, 0x00, 0x64, 0xff, 0xff, 0xff, 0xff,
    0xff, 0xff, 0xff, 0xff, 0x04, 0x00, 0x00, 0x00, 0xb5, 0xb6, 0x00, 0x9d, 0xcf, 0x00, 0x00, 0x00,
    0x00, 0x00, 0x00, 0xeb, 0x7c, 0x00, 0xd4, 0x97, 0x00, 0x00, 0x00, 0x20, 0xff, 0xff, 0xff, 0xff,
    0xff, 0xff, 0xff, 0xff, 0x48, 0x00, 0x00, 0x00, 0x73, 0xf3, 0x02, 0x5b, 0xfd, 0x0c, 0x00, 0x00,
    0x00, 0x00, 0x00, 0xa7, 0xc1, 0x00, 0x8f, 0xd5, 0x00, 0x00, 0x00, 0x00, 0x00, 0x00, 0xda, 0x8d,
    0x00, 0xc2, 0xa1, 0x00, 0x00, 0x00, 0x00, 0x00, 0x00, 0x00, 0xfc, 0x0c, 0x00, 0x00, 0x00, 0x17,
    0x9a, 0xdb, 0xff, 0xde, 0x88, 0x16, 0x00, 0xbb, 0xff, 0x4f, 0xfc, 0x27, 0x6a, 0x7f, 0x00, 0xf0,
    0xff, 0x45, 0xfc, 0x0c, 0x00, 0x00, 0x00, 0xaf, 0xff, 0xff, 0xff, 0xba, 0x77, 0x0f, 0x00, 0x0b,
    0x76, 0xc0, 0xff, 0xff, 0xff, 0xd1, 0x01, 0x00, 0x00, 0x00, 0xfc, 0x3b, 0xf4, 0xff, 0x1b, 0xbc,
    0x51, 0x18, 0xfc, 0x26, 0xef, 0xeb, 0x04, 0x3b, 0xad, 0xe7, 0xff, 0xeb, 0xb6, 0x33, 0x00, 0x00,
    0x00, 0x00, 0xfc, 0x0c, 0x00, 0x00, 0x00, 0x00, 0x00, 0x00, 0xfc, 0x0c, 0x00, 0x00, 0x00, 0x02,
    0x93, 0xed, 0xe9, 0x82, 0x00, 0x00, 0x00, 0x8d, 0xd4, 0x06, 0x00, 0x00, 0x5e, 0xff, 0x45, 0x61,
    0xff, 0x45, 0x00, 0x38, 0xf9, 0x36, 0x00, 0x00, 0x00, 0x8a, 0xff, 0x06, 0x22, 0xff, 0x71, 0x07,
    0xd6, 0x89, 0x00, 0x00, 0x00, 0x00, 0x5d, 0xff, 0x45, 0x60, 0xff, 0x45, 0x87, 0xd8, 0x08, 0x00,
    0x00, 0x00, 0x00, 0x02, 0x93, 0xed, 0xea, 0x82, 0x34, 0xf9, 0x3a, 0x7d, 0xe8, 0xee, 0x96, 0x03,
    0x00, 0x00, 0x00, 0x00, 0x06, 0xd2, 0x8e, 0x42, 0xff, 0x65, 0x41, 0xff, 0x64, 0x00, 0x00, 0x00,
    0x00, 0x82, 0xdb, 0x0a, 0x6d, 0xff, 0x25, 0x03, 0xff, 0x91, 0x00, 0x00, 0x00, 0x30, 0xf9, 0x3e,
    0x00, 0x41, 0xff, 0x62, 0x41, 0xff, 0x63, 0x00, 0x00, 0x04, 0xcf, 0x94, 0x00, 0x00, 0x00, 0x7e,
    0xe8, 0xee, 0x96, 0x03, 0x00, 0x00, 0x24, 0xb5, 0xee, 0xec, 0xa4, 0x1f, 0x00, 0x00, 0x00, 0x00,
    0x00, 0xb5, 0xff, 0x9a, 0x0f, 0x48, 0x7d, 0x00, 0x00, 0x00, 0x00, 0x00, 0x88, 0xff, 0xdc, 0x13,
    0x00, 0x00, 0x00, 0x00, 0x00, 0x00, 0x31, 0xe7, 0xff, 0xff, 0xc4, 0x07, 0x00, 0xae, 0xff, 0x4b,
    0x03, 0xdd, 0xff, 0x94, 0xdb, 0xff, 0xa8, 0x01, 0xda, 0xff, 0x23, 0x2b, 0xff, 0xff, 0x13, 0x2f,
    0xf7, 0xff, 0xb7, 0xff, 0xdd, 0x00, 0x22, 0xff, 0xff, 0x18, 0x00, 0x63, 0xff, 0xff, 0xff, 0x6d,
    0x00, 0x00, 0xb5, 0xff, 0xac, 0x14, 0x2b, 0xe9, 0xff, 0xfe, 0x3d, 0x00, 0x00, 0x0a, 0x81, 0xda,
    0xf9, 0xef, 0xc8, 0xa9, 0xfe, 0xf5, 0x4a, 0xc4, 0xc0, 0xc4, 0xc0, 0xc4, 0xc0, 0xc4, 0xc0, 0x00,
    0x40, 0xff, 0xac, 0x00, 0xc6, 0xff, 0x3a, 0x30, 0xff, 0xdf, 0x00, 0x84, 0xff, 0x98, 0x00, 0xbb,
    0xff, 0x67, 0x00, 0xd6, 0xff, 0x50, 0x00, 0xd7, 0xff, 0x50, 0x00, 0xbc, 0xff, 0x67, 0x00, 0x85,
    0xff, 0x98, 0x00, 0x31, 0xff, 0xde, 0x00, 0x00, 0xc5, 0xff, 0x3a, 0x00, 0x40, 0xff, 0xad, 0xba,
    0xfe, 0x31, 0x00, 0x47, 0xff, 0xb5, 0x00, 0x03, 0xe9, 0xfe, 0x21, 0x00, 0xa5, 0xff, 0x74, 0x00,
    0x73, 0xff, 0xae, 0x00, 0x5d, 0xff, 0xc9, 0x00, 0x5d, 0xff, 0xc9, 0x00, 0x73, 0xff, 0xae, 0x00,
    0xa4, 0xff, 0x75, 0x02, 0xe8, 0xfe, 0x22, 0x46, 0xff, 0xb5, 0x00, 0xb9, 0xfe, 0x31, 0x00, 0x00,
    0x00, 0x24, 0xf0, 0x00, 0x00, 0x00, 0x7d, 0x96, 0x3a, 0xf0, 0x29, 0xb1, 0x4e, 0x12, 0x8a, 0xf0,
    0xfd, 0xe7, 0x70, 0x07, 0x12, 0x89, 0xef, 0xfd, 0xe5, 0x6f, 0x07, 0x7d, 0x96, 0x39, 0xf0, 0x28,
    0xb1, 0x4f, 0x00, 0x00, 0x24, 0xf0, 0x00, 0x00, 0x00, 0x00, 0x00, 0x00, 0x50, 0xff, 0x34, 0x00,
    0x00, 0x00, 0x00, 0x00, 0x00, 0x50, 0xff, 0x34, 0x00, 0x00, 0x00, 0x00, 0x00, 0x00, 0x50, 0xff,
    0x34, 0x00, 0x00, 0x00, 0xa0, 0xff, 0xff, 0xff, 0xff, 0xff, 0xff, 0xff, 0x84, 0xa0, 0xff, 0xff,
    0xff, 0xff, 0xff, 0xff, 0xff, 0x84, 0x00, 0x00, 0x00, 0x50, 0xff, 0x34, 0x00, 0x00, 0x00, 0x00,
    0x00, 0x00, 0x50, 0xff, 0x34, 0x00, 0x00, 0x00, 0x00, 0x00, 0x00, 0x50, 0xff, 0x34, 0x00, 0x00,
    0x00, 0x00, 0xac, 0xff, 0x9c, 0x00, 0xad, 0xff, 0x98, 0x00, 0xe0, 0xf5, 0x27, 0x2b, 0xff, 0x66,
    0x00, 0x4c, 0xff, 0xff, 0xff, 0xb0, 0x4c, 0xff, 0xff, 0xff, 0xb0, 0xac, 0xff, 0x9c, 0xac, 0xff,
    0x9c, 0x00, 0x00, 0x00, 0xcf, 0x98, 0x00, 0x00, 0x1d, 0xff, 0x4b, 0x00, 0x00, 0x6b, 0xf4, 0x08,
    0x00, 0x00, 0xb9, 0xaf, 0x00, 0x00, 0x0d, 0xf9, 0x61, 0x00, 0x00, 0x54, 0xfd, 0x15, 0x00, 0x00,
    0xa2, 0xc6, 0x00, 0x00, 0x03, 0xec, 0x78, 0x00, 0x00, 0x3e, 0xff, 0x2a, 0x00, 0x00, 0x8c, 0xdc,
    0x00, 0x00, 0x00, 0xd9, 0x8e, 0x00, 0x00, 0x00, 0x00, 0x03, 0x7e, 0xdf, 0xfa, 0xe1, 0x85, 0x05,
    0x00, 0x00, 0x93, 0xff, 0xa1, 0x12, 0x99, 0xff, 0x9e, 0x00, 0x15, 0xfb, 0xff, 0x35, 0x00, 0x2b,
    0xff, 0xfe, 0x1e, 0x4c, 0xff, 0xff, 0x17, 0x00, 0x0d, 0xff, 0xff, 0x56, 0x5c, 0xff, 0xff, 0x11,
    0x00, 0x06, 0xff, 0xff, 0x67, 0x4c, 0xff, 0xff, 0x18, 0x00, 0x0e, 0xff, 0xff, 0x56, 0x16, 0xfb,
    0xff, 0x36, 0x00, 0x2c, 0xff, 0xfe, 0x1e, 0x00, 0x93, 0xff, 0xa3, 0x12, 0x9b, 0xff, 0x9e, 0x00,
    0x00, 0x03, 0x7f, 0xe0, 0xfb, 0xe3, 0x86, 0x05, 0x00, 0x88, 0xff, 0xff, 0xff, 0xff, 0x00, 0x00,
    0x00, 0x00, 0x00, 0x50, 0xff, 0xff, 0x00, 0x00, 0x00, 0x00, 0x00, 0x50, 0xff, 0xff, 0x00, 0x00,
    0x00, 0x00, 0x00, 0x50, 0xff, 0xff, 0x00, 0x00, 0x00, 0x00, 0x00, 0x50, 0xff, 0xff, 0x00, 0x00,
    0x00, 0x00, 0x00, 0x50, 0xff, 0xff, 0x00, 0x00, 0x00, 0x00, 0x00, 0x50, 0xff, 0xff, 0x00, 0x00,
    0x00, 0x00, 0x00, 0x50, 0xff, 0xff, 0x00, 0x00, 0x00, 0x78, 0xff, 0xff, 0xff, 0xff, 0xff, 0xff,
    0x28, 0x34, 0xa5, 0xea, 0xf6, 0xd7, 0x75, 0x02, 0xb8, 0x4a, 0x0f, 0x35, 0xef, 0xff, 0x7b, 0x00,
    0x00, 0x00, 0x00, 0xa8, 0xff, 0xcb, 0x00, 0x00, 0x00, 0x03, 0xd7, 0xff, 0xb9, 0x00, 0x00, 0x00,
    0x8e, 0xff, 0xfa, 0x3a, 0x00, 0x00, 0x83, 0xff, 0xf6, 0x4b, 0x00, 0x00, 0x7f, 0xff, 0xf6, 0x43,
    0x00, 0x00, 0x7a, 0xff, 0xf8, 0x46, 0x00, 0x00, 0x00, 0xf8, 0xff, 0xff, 0xff, 0xff, 0xff, 0xec,
    0x00, 0x22, 0xa0, 0xe4, 0xf5, 0xdb, 0x89, 0x08, 0x00, 0x8e, 0x4a, 0x0e, 0x32, 0xed, 0xff, 0x8d,
    0x00, 0x00, 0x00, 0x00, 0x00, 0xb3, 0xff, 0xbb, 0x00, 0x00, 0x00, 0x03, 0x34, 0xec, 0xff, 0x64,
    0x00, 0x00, 0x80, 0xff, 0xff, 0xff, 0xab, 0x0b, 0x00, 0x00, 0x00, 0x04, 0x2d, 0xd4, 0xff, 0xb9,
    0x00, 0x00, 0x00, 0x00, 0x00, 0x7d, 0xff, 0xfa, 0x1e, 0xa7, 0x35, 0x0a, 0x28, 0xd1, 0xff, 0xbc,
    0x01, 0x53, 0xc3, 0xf2, 0xf0, 0xd4, 0x84, 0x10, 0x00, 0x00, 0x00, 0x23, 0xeb, 0xff, 0xff, 0x18,
    0x00, 0x00, 0x00, 0x13, 0xda, 0xf5, 0xff, 0xff, 0x18, 0x00, 0x00, 0x07, 0xc3, 0xf3, 0x64, 0xff,
    0xff, 0x18, 0x00, 0x01, 0xa8, 0xfe, 0x52, 0x38, 0xff, 0xff, 0x18, 0x00, 0x5c, 0xff, 0x83, 0x00,
    0x38, 0xff, 0xff, 0x18, 0x00, 0x6c, 0xff, 0xff, 0xff, 0xff, 0xff, 0xff, 0xff, 0x74, 0x00, 0x00,
    0x00, 0x00, 0x38, 0xff, 0xff, 0x18, 0x00, 0x00, 0x00, 0x00, 0x00, 0x38, 0xff, 0xff, 0x18, 0x00,
    0x00, 0x00, 0x00, 0x00, 0x38, 0xff, 0xff, 0x18, 0x00, 0xa0, 0xff, 0xff, 0xff, 0xff, 0xff, 0x74,
    0x00, 0xa0, 0xff, 0x54, 0x00, 0x00, 0x00, 0x00, 0x00, 0xa0, 0xff, 0x54, 0x00, 0x00, 0x00, 0x00,
    0x00, 0xa0, 0xff, 0xf6, 0xf9, 0xdd, 0x8c, 0x0e, 0x00, 0x7e, 0x57, 0x12, 0x2b, 0xd9, 0xff, 0xb1,
    0x00, 0x00, 0x00, 0x00, 0x00, 0x65, 0xff, 0xfe, 0x0d, 0x00, 0x00, 0x00, 0x00, 0x66, 0xff, 0xff,
    0x14, 0xbe, 0x47, 0x0f, 0x2a, 0xd7, 0xff, 0xb1, 0x00, 0x3d, 0xb0, 0xe6, 0xf5, 0xd5, 0x7b, 0x0a,
    0x00, 0x00, 0x00, 0x33, 0xb3, 0xef, 0xf0, 0xb2, 0x28, 0x00, 0x00, 0x3c, 0xf8, 0xe1, 0x3d, 0x0c,
    0x42, 0x85, 0x00, 0x00, 0xcb, 0xff, 0x5b, 0x00, 0x00, 0x00, 0x00, 0x00, 0x14, 0xff, 0xff, 0xcb,
    0xef, 0xf0, 0xb7, 0x2a, 0x00, 0x2a, 0xff, 0xff, 0xc9, 0x12, 0x6e, 0xff, 0xe4, 0x0d, 0x12, 0xff,
    0xff, 0x77, 0x00, 0x0c, 0xff, 0xff, 0x44, 0x00, 0xe1, 0xff, 0x77, 0x00, 0x0c, 0xff, 0xff, 0x38,
    0x00, 0x60, 0xff, 0xc9, 0x12, 0x6d, 0xff, 0xce, 0x05, 0x00, 0x00, 0x67, 0xd7, 0xf9, 0xe3, 0x9c,
    0x18, 0x00, 0x20, 0xff, 0xff, 0xff, 0xff, 0xff, 0xff, 0xff, 0x04, 0x00, 0x00, 0x00, 0x00, 0x00,
    0xc8, 0xff, 0xe5, 0x01, 0x00, 0x00, 0x00, 0x00, 0x38, 0xff, 0xff, 0x71, 0x00, 0x00, 0x00, 0x00,
    0x00, 0xa9, 0xff, 0xeb, 0x0a, 0x00, 0x00, 0x00, 0x00, 0x1c, 0xfb, 0xff, 0x7a, 0x00, 0x00, 0x00,
    0x00, 0x00, 0x89, 0xff, 0xf0, 0x0f, 0x00, 0x00, 0x00, 0x00, 0x0a, 0xed, 0xff, 0x83, 0x00, 0x00,
    0x00, 0x00, 0x00, 0x69, 0xff, 0xf4, 0x14, 0x00, 0x00, 0x00, 0x00, 0x01, 0xd7, 0xff, 0x8d, 0x00,
    0x00, 0x00, 0x00, 0x00, 0x1d, 0xa3, 0xe5, 0xf9, 0xe6, 0xa6, 0x1e, 0x00, 0x00, 0xc3, 0xff, 0xa1,
    0x0c, 0x99, 0xff, 0xca, 0x00, 0x00, 0xf4, 0xff, 0x57, 0x00, 0x50, 0xff, 0xfb, 0x01, 0x00, 0xa4,
    0xff, 0xa0, 0x0c, 0x99, 0xff, 0xac, 0x00, 0x00, 0x13, 0xc8, 0xff, 0xff, 0xff, 0xce, 0x17, 0x00,
    0x06, 0xd7, 0xff, 0x7c, 0x0a, 0x73, 0xff, 0xda, 0x08, 0x28, 0xff, 0xff, 0x24, 0x00, 0x1d, 0xff,
    0xff, 0x2f, 0x05, 0xe9, 0xff, 0x79, 0x09, 0x71, 0xff, 0xed, 0x09, 0x00, 0x2d, 0xae, 0xe7, 0xf9,
    0xe8, 0xb1, 0x31, 0x00, 0x00, 0x16, 0x99, 0xe1, 0xf8, 0xd6, 0x66, 0x00, 0x00, 0x04, 0xcb, 0xff,
    0x72, 0x11, 0xc6, 0xff, 0x6e, 0x00, 0x35, 0xff, 0xff, 0x13, 0x00, 0x70, 0xff, 0xea, 0x02, 0x41,
    0xff, 0xff, 0x13, 0x00, 0x71, 0xff, 0xff, 0x25, 0x0c, 0xe3, 0xff, 0x72, 0x11, 0xc5, 0xff, 0xff,
    0x32, 0x00, 0x2a, 0xb7, 0xf0, 0xf2, 0xca, 0xff, 0xff, 0x1b, 0x00, 0x00, 0x00, 0x00, 0x00, 0x57,
    0xff, 0xd2, 0x00, 0x00, 0x88, 0x43, 0x0c, 0x3b, 0xdf, 0xfa, 0x42, 0x00, 0x00, 0x28, 0xb3, 0xf0,
    0xf0, 0xb5, 0x37, 0x00, 0x00, 0x8c, 0xff, 0xc0, 0x8c, 0xff, 0xc0, 0x00, 0x00, 0x00, 0x00, 0x00,
    0x00, 0x00, 0x00, 0x00, 0x8c, 0xff, 0xc0, 0x8c, 0xff, 0xc0, 0x00, 0x8c, 0xff, 0xc0, 0x00, 0x8c,
    0xff, 0xc0, 0x00, 0x00, 0x00, 0x00, 0x00, 0x00, 0x00, 0x00, 0x00, 0x00, 0x00, 0x00, 0x00, 0x8c,
    0xff, 0xc0, 0x00, 0x8d, 0xff, 0xbc, 0x00, 0xc1, 0xfd, 0x41, 0x0f, 0xfb, 0x87, 0x00, 0x00, 0x00,
    0x00, 0x00, 0x00, 0x06, 0x4e, 0xa6, 0x78, 0x00, 0x00, 0x04, 0x46, 0x9e, 0xef, 0xff, 0xd5, 0x4d,
    0x31, 0x96, 0xea, 0xff, 0xd0, 0x7c, 0x28, 0x00, 0x00, 0xa0, 0xff, 0xe1, 0x47, 0x00, 0x00, 0x00,
    0x00, 0x00, 0x31, 0x97, 0xea, 0xff, 0xcf, 0x7b, 0x28, 0x00, 0x00, 0x00, 0x00, 0x04, 0x47, 0x9f,
    0xf0, 0xff, 0xd4, 0x4d, 0x00, 0x00, 0x00, 0x00, 0x00, 0x06, 0x4f, 0xa7, 0x78, 0xa0, 0xff, 0xff,
    0xff, 0xff, 0xff, 0xff, 0xff, 0x84, 0xa0, 0xff, 0xff, 0xff, 0xff, 0xff, 0xff, 0xff, 0x84, 0x00,
    0x00, 0x00, 0x00, 0x00, 0x00, 0x00, 0x00, 0x00, 0x00, 0x00, 0x00, 0x00, 0x00, 0x00, 0x00, 0x00,
    0x00, 0xa0, 0xff, 0xff, 0xff, 0xff, 0xff, 0xff, 0xff, 0x84, 0xa0, 0xff, 0xff, 0xff, 0xff, 0xff,
    0xff, 0xff, 0x84, 0x8e, 0x9d, 0x45, 0x03, 0x00, 0x00, 0x00, 0x00, 0x00, 0x60, 0xde, 0xff, 0xe9,
    0x95, 0x3d, 0x01, 0x00, 0x00, 0x00, 0x00, 0x32, 0x86, 0xd9, 0xff, 0xe3, 0x8d, 0x26, 0x00, 0x00,
    0x00, 0x00, 0x00, 0x59, 0xeb, 0xff, 0x84, 0x00, 0x00, 0x31, 0x85, 0xd8, 0xff, 0xe3, 0x8e, 0x26,
    0x60, 0xdd, 0xff, 0xe9, 0x96, 0x3e, 0x01, 0x00, 0x00, 0x8f, 0x9e, 0x46, 0x03, 0x00, 0x00, 0x00,
    0x00, 0x00, 0x00, 0x5b, 0xc7, 0xf5, 0xe4, 0x95, 0x09, 0x1b, 0xa3, 0x2c, 0x10, 0xc8, 0xff, 0x86,
    0x00, 0x00, 0x00, 0x00, 0xc0, 0xff, 0x9f, 0x00, 0x00, 0x00, 0x7e, 0xff, 0xfa, 0x3f, 0x00, 0x00,
    0x63, 0xff, 0xf7, 0x49, 0x00, 0x00, 0x00, 0xbe, 0xff, 0x90, 0x00, 0x00, 0x00, 0x00, 0x00, 0x00,
    0x00, 0x00, 0x00, 0x00, 0x00, 0xcc, 0xff, 0x80, 0x00, 0x00, 0x00, 0x00, 0xcc, 0xff, 0x80, 0x00,
    0x00, 0x00, 0x00, 0x00, 0x25, 0x97, 0xdf, 0xf9, 0xe9, 0xb1, 0x4a, 0x00, 0x00, 0x00, 0x00, 0x00,
    0x5b, 0xf1, 0x8e, 0x2f, 0x0a, 0x17, 0x60, 0xe1, 0x9a, 0x02, 0x00, 0x00, 0x39, 0xf5, 0x3f, 0x00,
    0x00, 0x00, 0x00, 0x00, 0x17, 0xe0, 0x68, 0x00, 0x00, 0xbd, 0x87, 0x00, 0x40, 0xd6, 0xef, 0xa3,
    0xff, 0x34, 0x5d, 0xdc, 0x00, 0x0a, 0xfc, 0x2e, 0x05, 0xeb, 0x9e, 0x0d, 0x99, 0xff, 0x34, 0x27,
    0xfe, 0x09, 0x1e, 0xff, 0x12, 0x21, 0xff, 0x50, 0x00, 0x49, 0xff, 0x34, 0x3f, 0xf5, 0x03, 0x0a,
    0xfd, 0x2b, 0x06, 0xed, 0x9f, 0x0c, 0x9a, 0xff, 0x4f, 0xc5, 0x91, 0x00, 0x00, 0xc1, 0x82, 0x00,
    0x44, 0xd8, 0xf1, 0xa4, 0xfb, 0xdb, 0x73, 0x04, 0x00, 0x00, 0x3f, 0xf4, 0x3a, 0x00, 0x00, 0x00,
    0x01, 0x03, 0x00, 0x00, 0x00, 0x00, 0x00, 0x00, 0x63, 0xf1, 0x7e, 0x24, 0x05, 0x1b, 0x71, 0xc6,
    0x0a, 0x00, 0x00, 0x00, 0x00, 0x00, 0x2c, 0xa0, 0xe3, 0xfa, 0xec, 0xb3, 0x45, 0x00, 0x00, 0x00,
    0x00, 0x00, 0x00, 0x9f, 0xff, 0xff, 0xad, 0x00, 0x00, 0x00, 0x00, 0x00, 0x0d, 0xf4, 0xff, 0xff,
    0xfa, 0x16, 0x00, 0x00, 0x00, 0x00, 0x67, 0xff, 0xeb, 0xdf, 0xff, 0x75, 0x00, 0x00, 0x00, 0x00,
    0xcb, 0xff, 0x97, 0x88, 0xff, 0xd8, 0x00, 0x00, 0x00, 0x2e, 0xff, 0xff, 0x3f, 0x30, 0xff, 0xff,
    0x3d, 0x00, 0x00, 0x93, 0xff, 0xe5, 0x02, 0x00, 0xd7, 0xff, 0xa1, 0x00, 0x08, 0xee, 0xff, 0xff,
    0xff, 0xff, 0xff, 0xff, 0xf6, 0x0f, 0x5b, 0xff, 0xf2, 0x06, 0x00, 0x00, 0x01, 0xe7, 0xff, 0x69,
    0xbe, 0xff, 0xaa, 0x00, 0x00, 0x00, 0x00, 0x9b, 0xff, 0xcd, 0xd0, 0xff, 0xff, 0xff, 0xf8, 0xd7,
    0x79, 0x00, 0xd0, 0xff, 0xa4, 0x00, 0x30, 0xfa, 0xff, 0x5b, 0xd0, 0xff, 0xa4, 0x00, 0x00, 0xdf,
    0xff, 0x91, 0xd0, 0xff, 0xa4, 0x00, 0x2e, 0xfa, 0xff, 0x5a, 0xd0, 0xff, 0xff, 0xff, 0xff, 0xff,
    0xc9, 0x0d, 0xd0, 0xff, 0xa4, 0x00, 0x14, 0xc5, 0xff, 0xb3, 0xd0, 0xff, 0xa4, 0x00, 0x00, 0x7d,
    0xff, 0xf4, 0xd0, 0xff, 0xa4, 0x00, 0x14, 0xc5, 0xff, 0xbf, 0xd0, 0xff, 0xff, 0xff, 0xf9, 0xe2,
    0xa0, 0x1a, 0x00, 0x00, 0x27, 0x9d, 0xe0, 0xfa, 0xf2, 0xd7, 0x79, 0x00, 0x43, 0xf6, 0xfd, 0x7d,
    0x18, 0x19, 0x55, 0x8a, 0x06, 0xe5, 0xff, 0xa2, 0x00, 0x00, 0x00, 0x00, 0x00, 0x3e, 0xff, 0xff,
    0x4c, 0x00, 0x00, 0x00, 0x00, 0x00, 0x56, 0xff, 0xff, 0x34, 0x00, 0x00, 0x00, 0x00, 0x00, 0x3e,
    0xff, 0xff, 0x4c, 0x00, 0x00, 0x00, 0x00, 0x00, 0x06, 0xe5, 0xff, 0xa0, 0x00, 0x00, 0x00, 0x00,
    0x00, 0x00, 0x46, 0xf7, 0xfd, 0x7b, 0x17, 0x16, 0x51, 0x89, 0x00, 0x00, 0x29, 0x9f, 0xe1, 0xfa,
    0xf5, 0xdb, 0x7b, 0xd0, 0xff, 0xff, 0xfb, 0xee, 0xcc, 0x7f, 0x0f, 0x00, 0x00, 0xd0, 0xff, 0xa4,
    0x05, 0x2c, 0xb0, 0xff, 0xdd, 0x1a, 0x00, 0xd0, 0xff, 0xa4, 0x00, 0x00, 0x04, 0xda, 0xff, 0xaa,
    0x00, 0xd0, 0xff, 0xa4, 0x00, 0x00, 0x00, 0x8a, 0xff, 0xf8, 0x05, 0xd0, 0xff, 0xa4, 0x00, 0x00,
    0x00, 0x70, 0xff, 0xff, 0x16, 0xd0, 0xff, 0xa4, 0x00, 0x00, 0x00, 0x8a, 0xff, 0xf8, 0x05, 0xd0,
    0xff, 0xa4, 0x00, 0x00, 0x04, 0xdb, 0xff, 0xaa, 0x00, 0xd0, 0xff, 0xa4, 0x04, 0x2b, 0xb0, 0xff,
    0xdd, 0x1b, 0x00, 0xd0, 0xff, 0xff, 0xfd, 0xef, 0xcf, 0x81, 0x0f, 0x00, 0x00, 0xd0, 0xff, 0xff,
    0xff, 0xff, 0xff, 0xc8, 0xd0, 0xff, 0xa4, 0x00, 0x00, 0x00, 0x00, 0xd0, 0xff, 0xa4, 0x00, 0x00,
    0x00, 0x00, 0xd0, 0xff, 0xa4, 0x00, 0x00, 0x00, 0x00, 0xd0, 0xff, 0xff, 0xff, 0xff, 0xff, 0x8c,
    0xd0, 0xff, 0xa4, 0x00, 0x00, 0x00, 0x00, 0xd0, 0xff, 0xa4, 0x00, 0x00, 0x00, 0x00, 0xd0, 0xff,
    0xa4, 0x00, 0x00, 0x00, 0x00, 0xd0, 0xff, 0xff, 0xff, 0xff, 0xff, 0xec, 0xd0, 0xff, 0xff, 0xff,
    0xff, 0xff, 0xc8, 0xd0, 0xff, 0xa4, 0x00, 0x00, 0x00, 0x00, 0xd0, 0xff, 0xa4, 0x00, 0x00, 0x00,
    0x00, 0xd0, 0xff, 0xa4, 0x00, 0x00, 0x00, 0x00, 0xd0, 0xff, 0xff, 0xff, 0xff, 0xff, 0x8c, 0xd0,
    0xff, 0xa4, 0x00, 0x00, 0x00, 0x00, 0xd0, 0xff, 0xa4, 0x00, 0x00, 0x00, 0x00, 0xd0, 0xff, 0xa4,
    0x00, 0x00, 0x00, 0x00, 0xd0, 0xff, 0xa4, 0x00, 0x00, 0x00, 0x00, 0x00, 0x00, 0x24, 0x99, 0xdc,
    0xf8, 0xf6, 0xe6, 0xc1, 0x3a, 0x00, 0x41, 0xf5, 0xfe, 0x86, 0x20, 0x0e, 0x36, 0x98, 0x54, 0x06,
    0xe4, 0xff, 0xa3, 0x00, 0x00, 0x00, 0x00, 0x00, 0x00, 0x3e, 0xff, 0xff, 0x4d, 0x00, 0x00, 0x00,
    0x00, 0x00, 0x00, 0x56, 0xff, 0xff, 0x34, 0x00, 0x18, 0xff, 0xff, 0xff, 0xb8, 0x3e, 0xff, 0xff,
    0x4c, 0x00, 0x00, 0x00, 0x9c, 0xff, 0xb8, 0x06, 0xe5, 0xff, 0x9e, 0x00, 0x00, 0x00, 0x9c, 0xff,
    0xb8, 0x00, 0x46, 0xf7, 0xfc, 0x7c, 0x1b, 0x0b, 0xb1, 0xff, 0xb8, 0x00, 0x00, 0x29, 0x9f, 0xe1,
    0xfa, 0xf5, 0xe4, 0xbe, 0x69, 0xd0, 0xff, 0xa4, 0x00, 0x00, 0x00, 0xc0, 0xff, 0xb0, 0xd0, 0xff,
    0xa4, 0x00, 0x00, 0x00, 0xc0, 0xff, 0xb0, 0xd0, 0xff, 0xa4, 0x00, 0x00, 0x00, 0xc0, 0xff, 0xb0,
    0xd0, 0xff, 0xa4, 0x00, 0x00, 0x00, 0xc0, 0xff, 0xb0, 0xd0, 0xff, 0xff, 0xff, 0xff, 0xff, 0xff,
    0xff, 0xb0, 0xd0, 0xff, 0xa4, 0x00, 0x00, 0x00, 0xc0, 0xff, 0xb0, 0xd0, 0xff, 0xa4, 0x00, 0x00,
    0x00, 0xc0, 0xff, 0xb0, 0xd0, 0xff, 0xa4, 0x00, 0x00, 0x00, 0xc0, 0xff, 0xb0, 0xd0, 0xff, 0xa4,
    0x00, 0x00, 0x00, 0xc0, 0xff, 0xb0, 0xd0, 0xff, 0xa4, 0xd0, 0xff, 0xa4, 0xd0, 0xff, 0xa4, 0xd0,
    0xff, 0xa4, 0xd0, 0xff, 0xa4, 0xd0, 0xff, 0xa4, 0xd0, 0xff, 0xa4, 0xd0, 0xff, 0xa4, 0xd0, 0xff,
    0xa4, 0x00, 0x00, 0xd0, 0xff, 0xa4, 0x00, 0x00, 0xd0, 0xff, 0xa4, 0x00, 0x00, 0xd0, 0xff, 0xa4,
    0x00, 0x00, 0xd0, 0xff, 0xa4, 0x00, 0x00, 0xd0, 0xff, 0xa4, 0x00, 0x00, 0xd0, 0xff, 0xa4, 0x00,
    0x00, 0xd0, 0xff, 0xa4, 0x00, 0x00, 0xd0, 0xff, 0xa4, 0x00, 0x00, 0xd0, 0xff, 0xa4, 0x00, 0x00,
    0xda, 0xff, 0x93, 0x02, 0x4b, 0xfe, 0xff, 0x49, 0xbb, 0xed, 0xc7, 0x58, 0x00, 0xd0, 0xff, 0xa4,
    0x00, 0x00, 0x64, 0xfd, 0xff, 0x77, 0x00, 0xd0, 0xff, 0xa4, 0x00, 0x74, 0xff, 0xfd, 0x67, 0x00,
    0x00, 0xd0, 0xff, 0xa4, 0x84, 0xff, 0xfa, 0x58, 0x00, 0x00, 0x00, 0xd0, 0xff, 0xf5, 0xff, 0xf6,
    0x4a, 0x00, 0x00, 0x00, 0x00, 0xd0, 0xff, 0xff, 0xff, 0xbd, 0x05, 0x00, 0x00, 0x00, 0x00, 0xd0,
    0xff, 0xdd, 0xfa, 0xff, 0xb5, 0x09, 0x00, 0x00, 0x00, 0xd0, 0xff, 0xa4, 0x49, 0xf6, 0xff, 0xc1,
    0x0d, 0x00, 0x00, 0xd0, 0xff, 0xa4, 0x00, 0x3e, 0xf1, 0xff, 0xcb, 0x13, 0x00, 0xd0, 0xff, 0xa4,
    0x00, 0x00, 0x34, 0xec, 0xff, 0xd4, 0x1a, 0xd0, 0xff, 0xa4, 0x00, 0x00, 0x00, 0x00, 0xd0, 0xff,
    0xa4, 0x00, 0x00, 0x00, 0x00, 0xd0, 0xff, 0xa4, 0x00, 0x00, 0x00, 0x00, 0xd0, 0xff, 0xa4, 0x00,
    0x00, 0x00, 0x00, 0xd0, 0xff, 0xa4, 0x00, 0x00, 0x00, 0x00, 0xd0, 0xff, 0xa4, 0x00, 0x00, 0x00,
    0x00, 0xd0, 0xff, 0xa4, 0x00, 0x00, 0x00, 0x00, 0xd0, 0xff, 0xa4, 0x00, 0x00, 0x00, 0x00, 0xd0,
    0xff, 0xff, 0xff, 0xff, 0xff, 0xec, 0xd0, 0xff, 0xff, 0x87, 0x00, 0x00, 0x00, 0x98, 0xff, 0xff,
    0xbc, 0xd0, 0xff, 0xff, 0xf0, 0x0e, 0x00, 0x17, 0xf7, 0xff, 0xff, 0xbc, 0xd0, 0xff, 0xe5, 0xff,
    0x77, 0x00, 0x88, 0xff, 0xe5, 0xff, 0xbc, 0xd0, 0xff, 0x8c, 0xe8, 0xe7, 0x16, 0xf0, 0xdd, 0x97,
    0xff, 0xbc, 0xd0, 0xff, 0x84, 0x7a, 0xff, 0xce, 0xff, 0x69, 0x94, 0xff, 0xbc, 0xd0, 0xff, 0x84,
    0x10, 0xf2, 0xff, 0xe9, 0x08, 0x94, 0xff, 0xbc, 0xd0, 0xff, 0x84, 0x00, 0x8c, 0xff, 0x7b, 0x00,
    0x94, 0xff, 0xbc, 0xd0, 0xff, 0x84, 0x00, 0x00, 0x00, 0x00, 0x00, 0x94, 0xff, 0xbc, 0xd0, 0xff,
    0x84, 0x00, 0x00, 0x00, 0x00, 0x00, 0x94, 0xff, 0xbc, 0xd0, 0xff, 0xfe, 0x34, 0x00, 0x00, 0xa0,
    0xff, 0xb0, 0xd0, 0xff, 0xff, 0xc2, 0x00, 0x00, 0xa0, 0xff, 0xb0, 0xd0, 0xff, 0xfd, 0xff, 0x51,
    0x00, 0xa0, 0xff, 0xb0, 0xd0, 0xff, 0xa6, 0xf9, 0xdb, 0x05, 0xa0, 0xff, 0xb0, 0xd0, 0xff, 0x84,
    0x8e, 0xff, 0x70, 0xa0, 0xff, 0xb0, 0xd0, 0xff, 0x84, 0x11, 0xed, 0xed, 0xb1, 0xff, 0xb0, 0xd0,
    0xff, 0x84, 0x00, 0x71, 0xff, 0xfd, 0xff, 0xb0, 0xd0, 0xff, 0x84, 0x00, 0x06, 0xdc, 0xff, 0xff,
    0xb0, 0xd0, 0xff, 0x84, 0x00, 0x00, 0x53, 0xff, 0xff, 0xb0, 0x00, 0x00, 0x36, 0xad, 0xe9, 0xfb,
    0xea, 0xaf, 0x39, 0x00, 0x00, 0x00, 0x53, 0xfb, 0xf5, 0x55, 0x0f, 0x50, 0xf3, 0xfc, 0x59, 0x00,
    0x09, 0xeb, 0xff, 0x8a, 0x00, 0x00, 0x00, 0x81, 0xff, 0xef, 0x0c, 0x41, 0xff, 0xff, 0x46, 0x00,
    0x00, 0x00, 0x3b, 0xff, 0xff, 0x48, 0x57, 0xff, 0xff, 0x32, 0x00, 0x00, 0x00, 0x27, 0xff, 0xff,
    0x5e, 0x42, 0xff, 0xff, 0x46, 0x00, 0x00, 0x00, 0x3b, 0xff, 0xff, 0x48, 0x09, 0xec, 0xff, 0x8a,
    0x00, 0x00, 0x00, 0x81, 0xff, 0xef, 0x0c, 0x00, 0x55, 0xfc, 0xf5, 0x55, 0x0e, 0x4f, 0xf3, 0xfd,
    0x5c, 0x00, 0x00, 0x00, 0x38, 0xaf, 0xea, 0xfb, 0xeb, 0xb1, 0x3c, 0x00, 0x00, 0xd0, 0xff, 0xff,
    0xff, 0xf6, 0xd7, 0x7b, 0x06, 0xd0, 0xff, 0xa4, 0x00, 0x27, 0xe7, 0xff, 0x8f, 0xd0, 0xff, 0xa4,
    0x00, 0x00, 0x97, 0xff, 0xe7, 0xd0, 0xff, 0xa4, 0x00, 0x00, 0x98, 0xff, 0xe7, 0xd0, 0xff, 0xa4,
    0x00, 0x26, 0xe7, 0xff, 0x8f, 0xd0, 0xff, 0xff, 0xff, 0xf7, 0xd8, 0x7c, 0x06, 0xd0, 0xff, 0xa4,
    0x00, 0x00, 0x00, 0x00, 0x00, 0xd0, 0xff, 0xa4, 0x00, 0x00, 0x00, 0x00, 0x00, 0xd0, 0xff, 0xa4,
    0x00, 0x00, 0x00, 0x00, 0x00, 0x00, 0x00, 0x36, 0xad, 0xe9, 0xfb, 0xea, 0xb0, 0x3a, 0x00, 0x00,
    0x00, 0x53, 0xfb, 0xf5, 0x55, 0x0f, 0x50, 0xf3, 0xfc, 0x58, 0x00, 0x08, 0xeb, 0xff, 0x8a, 0x00,
    0x00, 0x00, 0x81, 0xff, 0xed, 0x0b, 0x41, 0xff, 0xff, 0x46, 0x00, 0x00, 0x00, 0x3b, 0xff, 0xff,
    0x46, 0x57, 0xff, 0xff, 0x32, 0x00, 0x00, 0x00, 0x27, 0xff, 0xff, 0x5d, 0x42, 0xff, 0xff, 0x44,
    0x00, 0x00, 0x00, 0x3b, 0xff, 0xff, 0x46, 0x09, 0xec, 0xff, 0x84, 0x00, 0x00, 0x00, 0x81, 0xff,
    0xf0, 0x0c, 0x00, 0x56, 0xfc, 0xf2, 0x4f, 0x0e, 0x4f, 0xf3, 0xff, 0x65, 0x00, 0x00, 0x00, 0x37,
    0xac, 0xe8, 0xfd, 0xff, 0xf2, 0x50, 0x00, 0x00, 0x00, 0x00, 0x00, 0x00, 0x00, 0x08, 0xcd, 0xff,
    0x60, 0x00, 0x00, 0x00, 0x00, 0x00, 0x00, 0x00, 0x00, 0x21, 0xee, 0xfa, 0x40, 0x00, 0xd0, 0xff,
    0xff, 0xff, 0xef, 0xcb, 0x59, 0x00, 0x00, 0xd0, 0xff, 0xa4, 0x02, 0x55, 0xff, 0xfe, 0x3a, 0x00,
    0xd0, 0xff, 0xa4, 0x00, 0x00, 0xf3, 0xff, 0x7b, 0x00, 0xd0, 0xff, 0xa4, 0x00, 0x00, 0xf4, 0xff,
    0x75, 0x00, 0xd0, 0xff, 0xa4, 0x02, 0x55, 0xff, 0xee, 0x1e, 0x00, 0xd0, 0xff, 0xff, 0xff, 0xff,
    0xf6, 0x49, 0x00, 0x00, 0xd0, 0xff, 0xa4, 0x0d, 0x77, 0xff, 0xf8, 0x3c, 0x00, 0xd0, 0xff, 0xa4,
    0x00, 0x00, 0xba, 0xff, 0xd7, 0x05, 0xd0, 0xff, 0xa4, 0x00, 0x00, 0x2a, 0xfb, 0xff, 0x74, 0x00,
    0x13, 0x96, 0xe1, 0xfa, 0xf5, 0xe2, 0x9b, 0x00, 0x00, 0xb3, 0xff, 0x7b, 0x0a, 0x1e, 0x62, 0xa2,
    0x00, 0x04, 0xfa, 0xff, 0x42, 0x00, 0x00, 0x00, 0x00, 0x00, 0x00, 0xf0, 0xff, 0xf4, 0xa7, 0x6a,
    0x24, 0x00, 0x00, 0x00, 0x63, 0xfa, 0xff, 0xff, 0xff, 0xff, 0xa3, 0x02, 0x00, 0x00, 0x20, 0x71,
    0xb6, 0xf6, 0xff, 0xff, 0x48, 0x00, 0x00, 0x00, 0x00, 0x00, 0x1d, 0xfc, 0xff, 0x56, 0x00, 0xc6,
    0x5e, 0x22, 0x07, 0x47, 0xfe, 0xf1, 0x1a, 0x00, 0xae, 0xda, 0xf1, 0xfb, 0xe9, 0xb8, 0x39, 0x00,
    0xf0, 0xff, 0xff, 0xff, 0xff, 0xff, 0xff, 0xff, 0xcc, 0x00, 0x00, 0x00, 0xc8, 0xff, 0xa8, 0x00,
    0x00, 0x00, 0x00, 0x00, 0x00, 0xc8, 0xff, 0xa8, 0x00, 0x00, 0x00, 0x00, 0x00, 0x00, 0xc8, 0xff,
    0xa8, 0x00, 0x00, 0x00, 0x00, 0x00, 0x00, 0xc8, 0xff, 0xa8, 0x00, 0x00, 0x00, 0x00, 0x00, 0x00,
    0xc8, 0xff, 0xa8, 0x00, 0x00, 0x00, 0x00, 0x00, 0x00, 0xc8, 0xff, 0xa8, 0x00, 0x00, 0x00, 0x00,
    0x00, 0x00, 0xc8, 0xff, 0xa8, 0x00, 0x00, 0x00, 0x00, 0x00, 0x00, 0xc8, 0xff, 0xa8, 0x00, 0x00,
    0x00, 0xd0, 0xff, 0xa4, 0x00, 0x00, 0x14, 0xff, 0xff, 0x5c, 0xd0, 0xff, 0xa4, 0x00, 0x00, 0x14,
    0xff, 0xff, 0x5c, 0xd0, 0xff, 0xa4, 0x00, 0x00, 0x14, 0xff, 0xff, 0x5c, 0xd0, 0xff, 0xa4, 0x00,
    0x00, 0x14, 0xff, 0xff, 0x5c, 0xd0, 0xff, 0xa4, 0x00, 0x00, 0x14, 0xff, 0xff, 0x5c, 0xcf, 0xff,
    0xa4, 0x00, 0x00, 0x14, 0xff, 0xff, 0x5b, 0xb0, 0xff, 0xb6, 0x00, 0x00, 0x27, 0xff, 0xff, 0x46,
    0x53, 0xff, 0xf5, 0x36, 0x0c, 0x95, 0xff, 0xe0, 0x09, 0x00, 0x60, 0xca, 0xf5, 0xfc, 0xe6, 0xa4,
    0x20, 0x00, 0xbf, 0xff, 0xb3, 0x00, 0x00, 0x00, 0x00, 0xa5, 0xff, 0xcd, 0x5b, 0xff, 0xfc, 0x18,
    0x00, 0x00, 0x0e, 0xf6, 0xff, 0x69, 0x08, 0xee, 0xff, 0x75, 0x00, 0x00, 0x66, 0xff, 0xf6, 0x0f,
    0x00, 0x93, 0xff, 0xd6, 0x00, 0x00, 0xc7, 0xff, 0xa1, 0x00, 0x00, 0x2e, 0xff, 0xff, 0x37, 0x28,
    0xff, 0xff, 0x3d, 0x00, 0x00, 0x00, 0xcb, 0xff, 0x98, 0x89, 0xff, 0xd8, 0x00, 0x00, 0x00, 0x00,
    0x67, 0xff, 0xf0, 0xe7, 0xff, 0x75, 0x00, 0x00, 0x00, 0x00, 0x0d, 0xf4, 0xff, 0xff, 0xfa, 0x16,
    0x00, 0x00, 0x00, 0x00, 0x00, 0x9e, 0xff, 0xff, 0xad, 0x00, 0x00, 0x00, 0x7d, 0xff, 0xdb, 0x00,
    0x00, 0x1f, 0xff, 0xff, 0x77, 0x00, 0x00, 0x85, 0xff, 0xcf, 0x3d, 0xff, 0xff, 0x1c, 0x00, 0x60,
    0xff, 0xff, 0xb7, 0x00, 0x00, 0xc5, 0xff, 0x90, 0x06, 0xf6, 0xff, 0x5c, 0x00, 0x9f, 0xfe, 0xd4,
    0xf2, 0x03, 0x0a, 0xfa, 0xff, 0x50, 0x00, 0xbd, 0xff, 0x9c, 0x00, 0xdf, 0xd2, 0x82, 0xff, 0x36,
    0x45, 0xff, 0xfe, 0x13, 0x00, 0x7d, 0xff, 0xdc, 0x1e, 0xff, 0x92, 0x42, 0xff, 0x75, 0x85, 0xff,
    0xd1, 0x00, 0x00, 0x3d, 0xff, 0xff, 0x7a, 0xff, 0x52, 0x08, 0xf8, 0xb5, 0xc5, 0xff, 0x92, 0x00,
    0x00, 0x06, 0xf6, 0xff, 0xec, 0xfe, 0x14, 0x00, 0xc1, 0xf2, 0xfa, 0xff, 0x52, 0x00, 0x00, 0x00,
    0xbd, 0xff, 0xff, 0xd3, 0x00, 0x00, 0x81, 0xff, 0xff, 0xfe, 0x14, 0x00, 0x00, 0x00, 0x7c, 0xff,
    0xff, 0x93, 0x00, 0x00, 0x40, 0xff, 0xff, 0xd3, 0x00, 0x00, 0x46, 0xfe, 0xfe, 0x48, 0x00, 0x00,
    0x49, 0xfe, 0xfe, 0x48, 0x00, 0x8d, 0xff, 0xe8, 0x16, 0x16, 0xe8, 0xff, 0x8f, 0x00, 0x00, 0x06,
    0xcf, 0xff, 0xb4, 0xb5, 0xff, 0xd0, 0x07, 0x00, 0x00, 0x00, 0x28, 0xf5, 0xff, 0xff, 0xf5, 0x29,
    0x00, 0x00, 0x00, 0x00, 0x00, 0xa7, 0xff, 0xff, 0xa7, 0x00, 0x00, 0x00, 0x00, 0x00, 0x42, 0xfd,
    0xff, 0xff, 0xfd, 0x42, 0x00, 0x00, 0x00, 0x12, 0xe4, 0xff, 0x96, 0x96, 0xff, 0xe4, 0x13, 0x00,
    0x00, 0xad, 0xff, 0xd6, 0x09, 0x09, 0xd4, 0xff, 0xaf, 0x00, 0x65, 0xff, 0xf9, 0x31, 0x00, 0x00,
    0x2d, 0xf7, 0xff, 0x68, 0x03, 0xc4, 0xff, 0xd8, 0x09, 0x00, 0x00, 0x7b, 0xff, 0xfb, 0x36, 0x00,
    0x22, 0xf3, 0xff, 0x8e, 0x00, 0x2d, 0xf9, 0xff, 0x80, 0x00, 0x00, 0x00, 0x64, 0xff, 0xfd, 0x41,
    0xcd, 0xff, 0xc9, 0x04, 0x00, 0x00, 0x00, 0x00, 0xb2, 0xff, 0xf8, 0xff, 0xf5, 0x26, 0x00, 0x00,
    0x00, 0x00, 0x00, 0x16, 0xea, 0xff, 0xff, 0x69, 0x00, 0x00, 0x00, 0x00, 0x00, 0x00, 0x00, 0x87,
    0xff, 0xee, 0x00, 0x00, 0x00, 0x00, 0x00, 0x00, 0x00, 0x00, 0x84, 0xff, 0xec, 0x00, 0x00, 0x00,
    0x00, 0x00, 0x00, 0x00, 0x00, 0x84, 0xff, 0xec, 0x00, 0x00, 0x00, 0x00, 0x00, 0x00, 0x00, 0x00,
    0x84, 0xff, 0xec, 0x00, 0x00, 0x00, 0x00, 0x44, 0xff, 0xff, 0xff, 0xff, 0xff, 0xff, 0xff, 0xb4,
    0x00, 0x00, 0x00, 0x00, 0x02, 0xb7, 0xff, 0xff, 0x9f, 0x00, 0x00, 0x00, 0x00, 0x84, 0xff, 0xff,
    0xe0, 0x13, 0x00, 0x00, 0x00, 0x4e, 0xfe, 0xff, 0xf7, 0x32, 0x00, 0x00, 0x00, 0x26, 0xf1, 0xff,
    0xff, 0x5f, 0x00, 0x00, 0x00, 0x0c, 0xd5, 0xff, 0xff, 0x95, 0x00, 0x00, 0x00, 0x00, 0xaa, 0xff,
    0xff, 0xc5, 0x05, 0x00, 0x00, 0x00, 0x57, 0xff, 0xff, 0xe7, 0x19, 0x00, 0x00, 0x00, 0x00, 0x6c,
    0xff, 0xff, 0xff, 0xff, 0xff, 0xff, 0xff, 0xd8, 0xe0, 0xff, 0xff, 0xff, 0x10, 0xe0, 0xff, 0x48,
    0x00, 0x00, 0xe0, 0xff, 0x48, 0x00, 0x00, 0xe0, 0xff, 0x48, 0x00, 0x00, 0xe0, 0xff, 0x48, 0x00,
    0x00, 0xe0, 0xff, 0x48, 0x00, 0x00, 0xe0, 0xff, 0x48, 0x00, 0x00, 0xe0, 0xff, 0x48, 0x00, 0x00,
    0xe0, 0xff, 0x48, 0x00, 0x00, 0xe0, 0xff, 0x48, 0x00, 0x00, 0xe0, 0xff, 0x48, 0x00, 0x00, 0xe0,
    0xff, 0xff, 0xff, 0x10, 0xd9, 0x8e, 0x00, 0x00, 0x00, 0x8c, 0xdc, 0x00, 0x00, 0x00, 0x3e, 0xff,
    0x2a, 0x00, 0x00, 0x03, 0xec, 0x78, 0x00, 0x00, 0x00, 0xa2, 0xc6, 0x00, 0x00, 0x00, 0x54, 0xfd,
    0x15, 0x00, 0x00, 0x0d, 0xf9, 0x61, 0x00, 0x00, 0x00, 0xb9, 0xaf, 0x00, 0x00, 0x00, 0x6b, 0xf4,
    0x08, 0x00, 0x00, 0x1d, 0xff, 0x4b, 0x00, 0x00, 0x00, 0xcf, 0x99, 0x20, 0xff, 0xff, 0xff, 0xd4,
    0x00, 0x00, 0x54, 0xff, 0xd4, 0x00, 0x00, 0x54, 0xff, 0xd4, 0x00, 0x00, 0x54, 0xff, 0xd4, 0x00,
    0x00, 0x54, 0xff, 0xd4, 0x00, 0x00, 0x54, 0xff, 0xd4, 0x00, 0x00, 0x54, 0xff, 0xd4, 0x00, 0x00,
    0x54, 0xff, 0xd4, 0x00, 0x00, 0x54, 0xff, 0xd4, 0x00, 0x00, 0x54, 0xff, 0xd4, 0x00, 0x00, 0x54,
    0xff, 0xd4, 0x20, 0xff, 0xff, 0xff, 0xd4, 0x00, 0x00, 0x04, 0xbb, 0xff, 0xa2, 0x00, 0x00, 0x00,
    0x00, 0x00, 0x96, 0xff, 0xf8, 0xff, 0x79, 0x00, 0x00, 0x00, 0x6e, 0xff, 0xa2, 0x15, 0xb4, 0xfe,
    0x52, 0x00, 0x47, 0xfa, 0x78, 0x00, 0x00, 0x02, 0x8c, 0xf5, 0x32, 0xff, 0xff, 0xff, 0xff, 0xff,
    0xff, 0x80, 0x12, 0xc0, 0xca, 0x0b, 0x00, 0x00, 0x06, 0xa0, 0xb7, 0x04, 0x00, 0xd0, 0xff, 0xff,
    0xfa, 0xd9, 0x73, 0x00, 0x00, 0x00, 0x00, 0x01, 0x22, 0xd6, 0xff, 0x52, 0x00, 0x00, 0x00, 0x00,
    0x00, 0x90, 0xff, 0xa1, 0x01, 0x78, 0xd5, 0xf3, 0xff, 0xff, 0xff, 0xbd, 0x4d, 0xff, 0xf3, 0x2b,
    0x01, 0x96, 0xff, 0xc0, 0x54, 0xff, 0xf0, 0x25, 0x2c, 0xea, 0xff, 0xc0, 0x02, 0x8f, 0xed, 0xec,
    0xaf, 0xa4, 0xff, 0xc0, 0xe8, 0xff, 0x5c, 0x00, 0x00, 0x00, 0x00, 0x00, 0xe8, 0xff, 0x5c, 0x00,
    0x00, 0x00, 0x00, 0x00, 0xe8, 0xff, 0x5c, 0x00, 0x00, 0x00, 0x00, 0x00, 0xe8, 0xff, 0x8a, 0xbd,
    0xf1, 0xd6, 0x4e, 0x00, 0xe8, 0xff, 0xda, 0x1d, 0x3f, 0xfb, 0xfc, 0x2d, 0xe8, 0xff, 0x79, 0x00,
    0x00, 0xbd, 0xff, 0x90, 0xe8, 0xff, 0x61, 0x00, 0x00, 0xa6, 0xff, 0xae, 0xe8, 0xff, 0x79, 0x00,
    0x00, 0xbd, 0xff, 0x90, 0xe8, 0xff, 0xda, 0x1d, 0x3e, 0xfb, 0xfd, 0x2f, 0xe8, 0xff, 0x8b, 0xc1,
    0xf2, 0xd7, 0x51, 0x00, 0x00, 0x10, 0x88, 0xd8, 0xf4, 0xca, 0x3e, 0x05, 0xd1, 0xff, 0xaa, 0x16,
    0x26, 0x86, 0x4c, 0xff, 0xff, 0x15, 0x00, 0x00, 0x00, 0x6b, 0xff, 0xf4, 0x00, 0x00, 0x00, 0x00,
    0x4c, 0xff, 0xff, 0x15, 0x00, 0x00, 0x00, 0x05, 0xd1, 0xff, 0xaa, 0x16, 0x23, 0x8b, 0x00, 0x10,
    0x88, 0xd9, 0xf5, 0xcc, 0x3f, 0x00, 0x00, 0x00, 0x00, 0x00, 0x14, 0xff, 0xff, 0x38, 0x00, 0x00,
    0x00, 0x00, 0x00, 0x14, 0xff, 0xff, 0x38, 0x00, 0x00, 0x00, 0x00, 0x00, 0x14, 0xff, 0xff, 0x38,
    0x00, 0x23, 0xbc, 0xf2, 0xd1, 0x6d, 0xff, 0xff, 0x38, 0x05, 0xd9, 0xff, 0x81, 0x10, 0xa4, 0xff,
    0xff, 0x38, 0x45, 0xff, 0xff, 0x0d, 0x00, 0x31, 0xff, 0xff, 0x38, 0x62, 0xff, 0xf5, 0x00, 0x00,
    0x1a, 0xff, 0xff, 0x38, 0x45, 0xff, 0xff, 0x0d, 0x00, 0x31, 0xff, 0xff, 0x38, 0x05, 0xdb, 0xff,
    0x81, 0x10, 0xa4, 0xff, 0xff, 0x38, 0x00, 0x25, 0xbe, 0xf3, 0xd5, 0x6f, 0xff, 0xff, 0x38, 0x00,
    0x11, 0x8f, 0xdb, 0xf5, 0xd6, 0x72, 0x03, 0x00, 0x05, 0xd2, 0xff, 0x86, 0x0f, 0xa0, 0xff, 0x94,
    0x00, 0x4c, 0xff, 0xfa, 0x09, 0x00, 0x34, 0xff, 0xfb, 0x0e, 0x6b, 0xff, 0xff, 0xff, 0xff, 0xff,
    0xff, 0xff, 0x2c, 0x4d, 0xff, 0xf6, 0x05, 0x00, 0x00, 0x00, 0x00, 0x00, 0x05, 0xd3, 0xff, 0x8d,
    0x0e, 0x1c, 0x5b, 0xae, 0x00, 0x00, 0x11, 0x8b, 0xd9, 0xf6, 0xde, 0x9e, 0x2b, 0x00, 0x00, 0x10,
    0xaf, 0xf0, 0xff, 0xc4, 0x00, 0x7e, 0xff, 0xcc, 0x06, 0x00, 0x00, 0x9f, 0xff, 0xa8, 0x00, 0x00,
    0xc0, 0xff, 0xff, 0xff, 0xff, 0x98, 0x00, 0xa0, 0xff, 0xa8, 0x00, 0x00, 0x00, 0xa0, 0xff, 0xa8,
    0x00, 0x00, 0x00, 0xa0, 0xff, 0xa8, 0x00, 0x00, 0x00, 0xa0, 0xff, 0xa8, 0x00, 0x00, 0x00, 0xa0,
    0xff, 0xa8, 0x00, 0x00, 0x00, 0xa0, 0xff, 0xa8, 0x00, 0x00, 0x00, 0x22, 0xbb, 0xf2, 0xd2, 0x6e,
    0xff, 0xff, 0x38, 0x05, 0xd9, 0xff, 0x86, 0x11, 0xa6, 0xff, 0xff, 0x38, 0x44, 0xff, 0xff, 0x0f,
    0x00, 0x32, 0xff, 0xff, 0x38, 0x62, 0xff, 0xf5, 0x00, 0x00, 0x1a, 0xff, 0xff, 0x38, 0x44, 0xff,
    0xff, 0x0c, 0x00, 0x32, 0xff, 0xff, 0x38, 0x05, 0xd9, 0xff, 0x7f, 0x10, 0xa6, 0xff, 0xff, 0x38,
    0x00, 0x23, 0xbc, 0xf3, 0xd5, 0x74, 0xff, 0xff, 0x34, 0x00, 0x00, 0x00, 0x00, 0x00, 0x3d, 0xff,
    0xfd, 0x13, 0x00, 0x72, 0x5a, 0x11, 0x23, 0xc3, 0xff, 0x9a, 0x00, 0x00, 0x17, 0x9c, 0xe7, 0xf0,
    0xcd, 0x68, 0x04, 0x00, 0xe8, 0xff, 0x5c, 0x00, 0x00, 0x00, 0x00, 0x00, 0xe8, 0xff, 0x5c, 0x00,
    0x00, 0x00, 0x00, 0x00, 0xe8, 0xff, 0x5c, 0x00, 0x00, 0x00, 0x00, 0x00, 0xe8, 0xff, 0x87, 0xb9,
    0xf1, 0xe2, 0x65, 0x00, 0xe8, 0xff, 0xd8, 0x1d, 0x5a, 0xff, 0xfc, 0x17, 0xe8, 0xff, 0x73, 0x00,
    0x11, 0xff, 0xff, 0x39, 0xe8, 0xff, 0x5c, 0x00, 0x0c, 0xff, 0xff, 0x3c, 0xe8, 0xff, 0x5c, 0x00,
    0x0c, 0xff, 0xff, 0x3c, 0xe8, 0xff, 0x5c, 0x00, 0x0c, 0xff, 0xff, 0x3c, 0xe8, 0xff, 0x5c, 0x00,
    0x0c, 0xff, 0xff, 0x3c, 0xe8, 0xff, 0x5c, 0xe8, 0xff, 0x5c, 0x00, 0x00, 0x00, 0xe8, 0xff, 0x5c,
    0xe8, 0xff, 0x5c, 0xe8, 0xff, 0x5c, 0xe8, 0xff, 0x5c, 0xe8, 0xff, 0x5c, 0xe8, 0xff, 0x5c, 0xe8,
    0xff, 0x5c, 0x00, 0x00, 0xe8, 0xff, 0x5c, 0x00, 0x00, 0xe8, 0xff, 0x5c, 0x00, 0x00, 0x00, 0x00,
    0x00, 0x00, 0x00, 0xe8, 0xff, 0x5c, 0x00, 0x00, 0xe8, 0xff, 0x5c, 0x00, 0x00, 0xe8, 0xff, 0x5c,
    0x00, 0x00, 0xe8, 0xff, 0x5c, 0x00, 0x00, 0xe8, 0xff, 0x5c, 0x00, 0x00, 0xe8, 0xff, 0x5c, 0x00,
    0x00, 0xe8, 0xff, 0x5c, 0x00, 0x00, 0xeb, 0xff, 0x55, 0x00, 0x2a, 0xfd, 0xfd, 0x26, 0x70, 0xfe,
    0xe0, 0x66, 0x00, 0xe8, 0xff, 0x5c, 0x00, 0x00, 0x00, 0x00, 0x00, 0xe8, 0xff, 0x5c, 0x00, 0x00,
    0x00, 0x00, 0x00, 0xe8, 0xff, 0x5c, 0x00, 0x00, 0x00, 0x00, 0x00, 0xe8, 0xff, 0x5c, 0x00, 0x86,
    0xff, 0xe7, 0x2d, 0xe8, 0xff, 0x5c, 0x8d, 0xff, 0xdd, 0x22, 0x00, 0xe8, 0xff, 0xd6, 0xff, 0xd2,
    0x18, 0x00, 0x00, 0xe8, 0xff, 0xff, 0xff, 0x77, 0x00, 0x00, 0x00, 0xe8, 0xff, 0xa0, 0xf8, 0xff,
    0x6a, 0x00, 0x00, 0xe8, 0xff, 0x5c, 0x4e, 0xfb, 0xfe, 0x68, 0x00, 0xe8, 0xff, 0x5c, 0x00, 0x58,
    0xfd, 0xfe, 0x65, 0xe8, 0xff, 0x5c, 0xe8, 0xff, 0x5c, 0xe8, 0xff, 0x5c, 0xe8, 0xff, 0x5c, 0xe8,
    0xff, 0x5c, 0xe8, 0xff, 0x5c, 0xe8, 0xff, 0x5c, 0xe8, 0xff, 0x5c, 0xe8, 0xff, 0x5c, 0xe8, 0xff,
    0x5c, 0xec, 0xff, 0x84, 0xc1, 0xf5, 0xd4, 0x47, 0x91, 0xef, 0xee, 0x9c, 0x03, 0xec, 0xff, 0xce,
    0x15, 0x93, 0xff, 0xff, 0x73, 0x17, 0xeb, 0xff, 0x5b, 0xec, 0xff, 0x70, 0x00, 0x5e, 0xff, 0xfe,
    0x07, 0x00, 0xc4, 0xff, 0x81, 0xec, 0xff, 0x5c, 0x00, 0x58, 0xff, 0xf0, 0x00, 0x00, 0xc4, 0xff,
    0x84, 0xec, 0xff, 0x5c, 0x00, 0x58, 0xff, 0xf0, 0x00, 0x00, 0xc4, 0xff, 0x84, 0xec, 0xff, 0x5c,
    0x00, 0x58, 0xff, 0xf0, 0x00, 0x00, 0xc4, 0xff, 0x84, 0xec, 0xff, 0x5c, 0x00, 0x58, 0xff, 0xf0,
    0x00, 0x00, 0xc4, 0xff, 0x84, 0xe8, 0xff, 0x87, 0xb9, 0xf1, 0xe2, 0x65, 0x00, 0xe8, 0xff, 0xd8,
    0x1d, 0x5a, 0xff, 0xfc, 0x17, 0xe8, 0xff, 0x73, 0x00, 0x11, 0xff, 0xff, 0x39, 0xe8, 0xff, 0x5c,
    0x00, 0x0c, 0xff, 0xff, 0x3c, 0xe8, 0xff, 0x5c, 0x00, 0x0c, 0xff, 0xff, 0x3c, 0xe8, 0xff, 0x5c,
    0x00, 0x0c, 0xff, 0xff, 0x3c, 0xe8, 0xff, 0x5c, 0x00, 0x0c, 0xff, 0xff, 0x3c, 0x00, 0x12, 0x91,
    0xdb, 0xf6, 0xda, 0x8a, 0x0e, 0x00, 0x06, 0xd4, 0xff, 0x82, 0x0f, 0x93, 0xff, 0xc7, 0x02, 0x4d,
    0xff, 0xfe, 0x0b, 0x00, 0x1d, 0xff, 0xff, 0x3c, 0x6b, 0xff, 0xf1, 0x00, 0x00, 0x06, 0xff, 0xff,
    0x5a, 0x4d, 0xff, 0xfe, 0x0b, 0x00, 0x1d, 0xff, 0xff, 0x3d, 0x06, 0xd6, 0xff, 0x82, 0x0f, 0x93,
    0xff, 0xc9, 0x02, 0x00, 0x14, 0x93, 0xdd, 0xf7, 0xdc, 0x8c, 0x10, 0x00, 0xe8, 0xff, 0x8a, 0xbd,
    0xf1, 0xd6, 0x4e, 0x00, 0xe8, 0xff, 0xda, 0x1d, 0x3f, 0xfb, 0xfc, 0x2d, 0xe8, 0xff, 0x79, 0x00,
    0x00, 0xbd, 0xff, 0x90, 0xe8, 0xff, 0x61, 0x00, 0x00, 0xa6, 0xff, 0xae, 0xe8, 0xff, 0x79, 0x00,
    0x00, 0xbd, 0xff, 0x90, 0xe8, 0xff, 0xda, 0x1d, 0x3e, 0xfb, 0xfd, 0x2f, 0xe8, 0xff, 0x8b, 0xc1,
    0xf2, 0xd7, 0x51, 0x00, 0xe8, 0xff, 0x5c, 0x00, 0x00, 0x00, 0x00, 0x00, 0xe8, 0xff, 0x5c, 0x00,
    0x00, 0x00, 0x00, 0x00, 0xe8, 0xff, 0x5c, 0x00, 0x00, 0x00, 0x00, 0x00, 0x00, 0x23, 0xbc, 0xf2,
    0xd2, 0x6e, 0xff, 0xff, 0x38, 0x05, 0xd9, 0xff, 0x81, 0x10, 0xa4, 0xff, 0xff, 0x38, 0x45, 0xff,
    0xff, 0x0d, 0x00, 0x31, 0xff, 0xff, 0x38, 0x62, 0xff, 0xf5, 0x00, 0x00, 0x1a, 0xff, 0xff, 0x38,
    0x44, 0xff, 0xff, 0x0d, 0x00, 0x31, 0xff, 0xff, 0x38, 0x05, 0xd9, 0xff, 0x81, 0x10, 0xa4, 0xff,
    0xff, 0x38, 0x00, 0x23, 0xbc, 0xf3, 0xd5, 0x6f, 0xff, 0xff, 0x38, 0x00, 0x00, 0x00, 0x00, 0x00,
    0x14, 0xff, 0xff, 0x38, 0x00, 0x00, 0x00, 0x00, 0x00, 0x14, 0xff, 0xff, 0x38, 0x00, 0x00, 0x00,
    0x00, 0x00, 0x14, 0xff, 0xff, 0x38, 0xe8, 0xff, 0x8c, 0xbf, 0xf3, 0x60, 0xe8, 0xff, 0xde, 0x2c,
    0x00, 0x00, 0xe8, 0xff, 0x75, 0x00, 0x00, 0x00, 0xe8, 0xff, 0x5c, 0x00, 0x00, 0x00, 0xe8, 0xff,
    0x5c, 0x00, 0x00, 0x00, 0xe8, 0xff, 0x5c, 0x00, 0x00, 0x00, 0xe8, 0xff, 0x5c, 0x00, 0x00, 0x00,
    0x00, 0x70, 0xd9, 0xf6, 0xde, 0x97, 0x1d, 0x00, 0x32, 0xff, 0xcf, 0x10, 0x1c, 0x68, 0x88, 0x00,
    0x41, 0xff, 0xee, 0x6c, 0x3f, 0x0f, 0x00, 0x00, 0x03, 0xa6, 0xfe, 0xff, 0xff, 0xfb, 0x88, 0x00,
    0x00, 0x00, 0x10, 0x3d, 0x88, 0xff, 0xff, 0x0f, 0x34, 0x9c, 0x32, 0x09, 0x40, 0xff, 0xf2, 0x05,
    0x03, 0x5a, 0xc3, 0xf2, 0xef, 0xc2, 0x40, 0x00, 0x00, 0xb4, 0xff, 0x94, 0x00, 0x00, 0x00, 0xb4,
    0xff, 0x94, 0x00, 0x00, 0xd4, 0xff, 0xff, 0xff, 0xff, 0xec, 0x00, 0xb4, 0xff, 0x94, 0x00, 0x00,
    0x00, 0xb4, 0xff, 0x94, 0x00, 0x00, 0x00, 0xb4, 0xff, 0x94, 0x00, 0x00, 0x00, 0xb3, 0xff, 0x94,
    0x00, 0x00, 0x00, 0x9d, 0xff, 0xb4, 0x04, 0x00, 0x00, 0x2b, 0xcd, 0xf8, 0xff, 0xb8, 0xfc, 0xff,
    0x4b, 0x00, 0x1c, 0xff, 0xff, 0x28, 0xfc, 0xff, 0x4a, 0x00, 0x1c, 0xff, 0xff, 0x28, 0xfc, 0xff,
    0x48, 0x00, 0x1c, 0xff, 0xff, 0x28, 0xfc, 0xff, 0x48, 0x00, 0x1c, 0xff, 0xff, 0x28, 0xf9, 0xff,
    0x4e, 0x00, 0x33, 0xff, 0xff, 0x28, 0xd3, 0xff, 0x94, 0x0f, 0xa7, 0xff, 0xff, 0x28, 0x3a, 0xd1,
    0xf6, 0xd0, 0x6c, 0xff, 0xff, 0x28, 0x9a, 0xff, 0xa6, 0x00, 0x00, 0x2e, 0xff, 0xfb, 0x19, 0x34,
    0xff, 0xf6, 0x0d, 0x00, 0x8c, 0xff, 0xae, 0x00, 0x00, 0xcd, 0xff, 0x60, 0x03, 0xe6, 0xff, 0x48,
    0x00, 0x00, 0x68, 0xff, 0xbe, 0x47, 0xff, 0xdf, 0x02, 0x00, 0x00, 0x0e, 0xf4, 0xfe, 0xbf, 0xff,
    0x7b, 0x00, 0x00, 0x00, 0x00, 0x9d, 0xff, 0xff, 0xfb, 0x19, 0x00, 0x00, 0x00, 0x00, 0x37, 0xff,
    0xff, 0xaf, 0x00, 0x00, 0x00, 0x6a, 0xff, 0xca, 0x00, 0x11, 0xfe, 0xfe, 0x15, 0x00, 0xc8, 0xff,
    0x6d, 0x25, 0xff, 0xfc, 0x0d, 0x50, 0xff, 0xff, 0x54, 0x0c, 0xfb, 0xff, 0x28, 0x00, 0xe0, 0xff,
    0x48, 0x90, 0xea, 0xeb, 0x94, 0x47, 0xff, 0xe4, 0x00, 0x00, 0x9c, 0xff, 0x87, 0xd0, 0xac, 0xad,
    0xd5, 0x87, 0xff, 0x9f, 0x00, 0x00, 0x58, 0xff, 0xd6, 0xfd, 0x6d, 0x6d, 0xff, 0xd9, 0xff, 0x5b,
    0x00, 0x00, 0x14, 0xfe, 0xff, 0xff, 0x2e, 0x2d, 0xff, 0xff, 0xff, 0x17, 0x00, 0x00, 0x00, 0xce,
    0xff, 0xed, 0x01, 0x01, 0xea, 0xff, 0xd2, 0x00, 0x00, 0x4d, 0xff, 0xf2, 0x22, 0x00, 0xb2, 0xff,
    0xaf, 0x00, 0x00, 0x8d, 0xff, 0xc5, 0x6a, 0xff, 0xde, 0x10, 0x00, 0x00, 0x05, 0xc7, 0xff, 0xfe,
    0xf9, 0x34, 0x00, 0x00, 0x00, 0x00, 0x4d, 0xff, 0xff, 0xb1, 0x00, 0x00, 0x00, 0x00, 0x0e, 0xdc,
    0xff, 0xf7, 0xff, 0x51, 0x00, 0x00, 0x00, 0xab, 0xff, 0xad, 0x4c, 0xff, 0xef, 0x20, 0x00, 0x6c,
    0xff, 0xe4, 0x12, 0x00, 0x94, 0xff, 0xca, 0x06, 0xa2, 0xff, 0xa2, 0x00, 0x00, 0x34, 0xff, 0xfa,
    0x13, 0x36, 0xff, 0xf7, 0x12, 0x00, 0x8c, 0xff, 0xb2, 0x00, 0x00, 0xca, 0xff, 0x70, 0x01, 0xe2,
    0xff, 0x56, 0x00, 0x00, 0x5e, 0xff, 0xd6, 0x3b, 0xff, 0xf1, 0x08, 0x00, 0x00, 0x07, 0xea, 0xff,
    0xca, 0xff, 0x9e, 0x00, 0x00, 0x00, 0x00, 0x86, 0xff, 0xff, 0xff, 0x42, 0x00, 0x00, 0x00, 0x00,
    0x1d, 0xfc, 0xff, 0xe4, 0x02, 0x00, 0x00, 0x00, 0x00, 0x00, 0xc3, 0xff, 0x8a, 0x00, 0x00, 0x00,
    0x00, 0x00, 0x22, 0xf2, 0xf9, 0x25, 0x00, 0x00, 0x00, 0x00, 0xb4, 0xfe, 0xde, 0x56, 0x00, 0x00,
    0x00, 0x00, 0x40, 0xff, 0xff, 0xff, 0xff, 0xff, 0xf0, 0x00, 0x00, 0x00, 0x2c, 0xf0, 0xff, 0xe8,
    0x00, 0x00, 0x1b, 0xe2, 0xff, 0xfb, 0x48, 0x00, 0x0e, 0xd0, 0xff, 0xff, 0x64, 0x00, 0x05, 0xba,
    0xff, 0xff, 0x84, 0x00, 0x00, 0x64, 0xff, 0xff, 0xa3, 0x00, 0x00, 0x00, 0x6c, 0xff, 0xff, 0xff,
    0xff, 0xff, 0xf0, 0x00, 0x00, 0x06, 0xa1, 0xec, 0xff, 0xa0, 0x00, 0x00, 0x53, 0xff, 0xe8, 0x1b,
    0x00, 0x00, 0x00, 0x68, 0xff, 0xc2, 0x00, 0x00, 0x00, 0x00, 0x6f, 0xff, 0xbd, 0x00, 0x00, 0x00,
    0x12, 0xbb, 0xff, 0x9b, 0x00, 0x00, 0x60, 0xff, 0xff, 0xe5, 0x1d, 0x00, 0x00, 0x00, 0x17, 0xca,
    0xff, 0x92, 0x00, 0x00, 0x00, 0x00, 0x76, 0xff, 0xba, 0x00, 0x00, 0x00, 0x00, 0x68, 0xff, 0xc0,
    0x00, 0x00, 0x00, 0x00, 0x67, 0xff, 0xc6, 0x00, 0x00, 0x00, 0x00, 0x49, 0xff, 0xf0, 0x22, 0x00,
    0x00, 0x00, 0x02, 0x97, 0xeb, 0xff, 0xa0, 0x58, 0xff, 0x18, 0x58, 0xff, 0x18, 0x58, 0xff, 0x18,
    0x58, 0xff, 0x18, 0x58, 0xff, 0x18, 0x58, 0xff, 0x18, 0x58, 0xff, 0x18, 0x58, 0xff, 0x18, 0x58,
    0xff, 0x18, 0x58, 0xff, 0x18, 0x58, 0xff, 0x18, 0x58, 0xff, 0x18, 0x58, 0xff, 0x18, 0x60, 0xff,
    0xf3, 0xbe, 0x1f, 0x00, 0x00, 0x00, 0x0d, 0xb9, 0xff, 0x93, 0x00, 0x00, 0x00, 0x00, 0x82, 0xff,
    0xa8, 0x00, 0x00, 0x00, 0x00, 0x7e, 0xff, 0xae, 0x00, 0x00, 0x00, 0x00, 0x5b, 0xff, 0xe7, 0x25,
    0x00, 0x00, 0x00, 0x02, 0xbd, 0xff, 0xff, 0xa0, 0x00, 0x00, 0x52, 0xff, 0xf1, 0x2e, 0x01, 0x00,
    0x00, 0x7b, 0xff, 0xb6, 0x00, 0x00, 0x00, 0x00, 0x80, 0xff, 0xa8, 0x00, 0x00, 0x00, 0x00, 0x87,
    0xff, 0xa7, 0x00, 0x00, 0x00, 0x10, 0xc4, 0xff, 0x88, 0x00, 0x00, 0x60, 0xff, 0xf2, 0xb8, 0x17,
    0x00, 0x00, 0x00, 0x00, 0x00, 0x00, 0x00, 0x00, 0x00, 0x00, 0x03, 0x16, 0xa7, 0xf5, 0xdf, 0x83,
    0x25, 0x0b, 0x64, 0x77, 0x9d, 0xff, 0xff, 0xff, 0xff, 0xff, 0xff, 0xff, 0x81, 0x7c, 0x4f, 0x0e,
    0x2e, 0x8f, 0xe6, 0xe9, 0x99, 0x0d,
};

static const uifont_glyph_t uifont_bold_glyphs[] = {
    {     0, 10, 10,   1,  10, 12 }, /* 0x01 */
    {   100, 14,  8,   0,   8, 15 }, /* 0x02 */
    {   212,  7, 10,   2,  10, 11 }, /* 0x03 */
    {   282,  7,  4,   2,  10, 11 }, /* 0x04 */
    {   310,  8,  8,   1,   9, 11 }, /* 0x05 */
    {   374,  7,  7,   0,   7,  7 }, /* 0x06 */
    {   423, 11, 11,   0,   9, 11 }, /* 0x07 */
    {     0,  0,  0,   0,   0,  0 }, /* 0x08 */
    {     0,  0,  0,   0,   0,  0 }, /* 0x09 */
    {     0,  0,  0,   0,   0,  0 }, /* 0x0a */
    {   544,  6,  5,   1,   7,  8 }, /* 0x0b */
    {   574, 11,  2,   1,   2, 13 }, /* 0x0c */
    {     0,  0,  0,   0,   0,  0 }, /* 0x0d */
    {   596, 11,  6,   0,   7, 11 }, /* 0x0e */
    {   662,  9,  8,   1,   8, 11 }, /* 0x0f */
    {   734, 13,  2,   0,   5, 13 }, /* 0x10 */
    {   760, 18, 10,   0,  10, 18 }, /* 0x11 */
    {     0,  0,  0,   0,   0,  0 }, /* 0x12 */
    {     0,  0,  0,   0,   0,  0 }, /* 0x13 */
    {     0,  0,  0,   0,   0,  0 }, /* 0x14 */
    {     0,  0,  0,   0,   0,  0 }, /* 0x15 */
    {     0,  0,  0,   0,   0,  0 }, /* 0x16 */
    {     0,  0,  0,   0,   0,  0 }, /* 0x17 */
    {     0,  0,  0,   0,   0,  0 }, /* 0x18 */
    {     0,  0,  0,   0,   0,  0 }, /* 0x19 */
    {     0,  0,  0,   0,   0,  0 }, /* 0x1a */
    {     0,  0,  0,   0,   0,  0 }, /* 0x1b */
    {     0,  0,  0,   0,   0,  0 }, /* 0x1c */
    {     0,  0,  0,   0,   0,  0 }, /* 0x1d */
    {     0,  0,  0,   0,   0,  0 }, /* 0x1e */
    {     0,  0,  0,   0,   0,  0 }, /* 0x1f */
    {     0,  0,  0,   0,   0,  5 }, /* ' ' */
    {   940,  4,  9,   1,   9,  6 }, /* '!' */
    {   976,  5,  4,   1,   9,  7 }, /* '"' */
    {   996, 11,  9,   0,   9, 11 }, /* '#' */
    {  1095,  8, 11,   1,   9,  9 }, /* '$' */
    {  1183, 13,  9,   0,   9, 13 }, /* '%' */
    {  1300, 11,  9,   0,   9, 11 }, /* '&' */
    {  1399,  2,  4,   1,   9,  4 }, /* "'" */
    {  1407,  4, 12,   1,  10,  6 }, /* '(' */
    {  1455,  4, 12,   1,  10,  6 }, /* ')' */
    {  1503,  7,  6,   0,   9,  7 }, /* '*' */
    {  1545,  9,  8,   1,   8, 11 }, /* '+' */
    {  1617,  4,  4,   0,   2,  5 }, /* ',' */
    {  1633,  5,  2,   0,   5,  5 }, /* '-' */
    {  1643,  3,  2,   1,   2,  5 }, /* '.' */
    {  1649,  5, 11,   0,   9,  5 }, /* '/' */
    {  1704,  9,  9,   0,   9,  9 }, /* '0' */
    {  1785,  8,  9,   1,   9,  9 }, /* '1' */
    {  1857,  7,  9,   1,   9,  9 }, /* '2' */
    {  1920,  8,  9,   0,   9,  9 }, /* '3' */
    {  1992,  9,  9,   0,   9,  9 }, /* '4' */
    {  2073,  8,  9,   1,   9,  9 }, /* '5' */
    {  2145,  9,  9,   0,   9,  9 }, /* '6' */
    {  2226,  9,  9,   0,   9,  9 }, /* '7' */
    {  2307,  9,  9,   0,   9,  9 }, /* '8' */
    {  2388,  9,  9,   0,   9,  9 }, /* '9' */
    {  2469,  3,  7,   1,   7,  5 }, /* ':' */
    {  2490,  4,  9,   0,   7,  5 }, /* ';' */
    {  2526,  9,  7,   1,   8, 11 }, /* '<' */
    {  2589,  9,  6,   1,   7, 11 }, /* '=' */
    {  2643,  9,  7,   1,   8, 11 }, /* '>' */
    {  2706,  7,  9,   0,   9,  8 }, /* '?' */
    {  2769, 13, 11,   0,   9, 13 }, /* '@' */
    {  2912, 10,  9,   0,   9, 10 }, /* 'A' */
    {  3002,  8,  9,   1,   9, 10 }, /* 'B' */
    {  3074,  9,  9,   0,   9, 10 }, /* 'C' */
    {  3155, 10,  9,   1,   9, 11 }, /* 'D' */
    {  3245,  7,  9,   1,   9,  9 }, /* 'E' */
    {  3308,  7,  9,   1,   9,  9 }, /* 'F' */
    {  3371, 10,  9,   0,   9, 11 }, /* 'G' */
    {  3461,  9,  9,   1,   9, 11 }, /* 'H' */
    {  3542,  3,  9,   1,   9,  5 }, /* 'I' */
    {  3569,  5, 12,  -1,   9,  5 }, /* 'J' */
    {  3629, 10,  9,   1,   9, 10 }, /* 'K' */
    {  3719,  7,  9,   1,   9,  8 }, /* 'L' */
    {  3782, 11,  9,   1,   9, 13 }, /* 'M' */
    {  3881,  9,  9,   1,   9, 11 }, /* 'N' */
    {  3962, 11,  9,   0,   9, 11 }, /* 'O' */
    {  4061,  8,  9,   1,   9, 10 }, /* 'P' */
    {  4133, 11, 11,   0,   9, 11 }, /* 'Q' */
    {  4254,  9,  9,   1,   9, 10 }, /* 'R' */
    {  4335,  9,  9,   0,   9,  9 }, /* 'S' */
    {  4416,  9,  9,   0,   9,  9 }, /* 'T' */
    {  4497,  9,  9,   1,   9, 11 }, /* 'U' */
    {  4578, 10,  9,   0,   9, 10 }, /* 'V' */
    {  4668, 14,  9,   0,   9, 14 }, /* 'W' */
    {  4794, 10,  9,   0,   9, 10 }, /* 'X' */
    {  4884, 11,  9,  -1,   9,  9 }, /* 'Y' */
    {  4983,  9,  9,   0,   9,  9 }, /* 'Z' */
    {  5064,  5, 12,   1,  10,  6 }, /* '[' */
    {  5124,  5, 11,   0,   9,  5 }, /* '\\' */
    {  5179,  5, 12,   0,  10,  6 }, /* ']' */
    {  5239,  9,  4,   1,   9, 11 }, /* '^' */
    {  5275,  7,  1,   0,  -2,  6 }, /* '_' */
    {  5282,  5,  2,   0,  10,  6 }, /* '`' */
    {  5292,  8,  7,   0,   7,  9 }, /* 'a' */
    {  5348,  8, 10,   1,  10,  9 }, /* 'b' */
    {  5428,  7,  7,   0,   7,  8 }, /* 'c' */
    {  5477,  9, 10,   0,  10,  9 }, /* 'd' */
    {  5567,  9,  7,   0,   7,  9 }, /* 'e' */
    {  5630,  6, 10,   0,  10,  6 }, /* 'f' */
    {  5690,  9, 10,   0,   7,  9 }, /* 'g' */
    {  5780,  8, 10,   1,  10,  9 }, /* 'h' */
    {  5860,  3, 10,   1,  10,  4 }, /* 'i' */
    {  5890,  5, 13,  -1,  10,  4 }, /* 'j' */
    {  5955,  8, 10,   1,  10,  9 }, /* 'k' */
    {  6035,  3, 10,   1,  10,  4 }, /* 'l' */
    {  6065, 12,  7,   1,   7, 14 }, /* 'm' */
    {  6149,  8,  7,   1,   7,  9 }, /* 'n' */
    {  6205,  9,  7,   0,   7,  9 }, /* 'o' */
    {  6268,  8, 10,   1,   7,  9 }, /* 'p' */
    {  6348,  9, 10,   0,   7,  9 }, /* 'q' */
    {  6438,  6,  7,   1,   7,  6 }, /* 'r' */
    {  6480,  8,  7,   0,   7,  8 }, /* 's' */
    {  6536,  6,  9,   0,   9,  6 }, /* 't' */
    {  6590,  8,  7,   1,   7,  9 }, /* 'u' */
    {  6646,  9,  7,   0,   7,  8 }, /* 'v' */
    {  6709, 12,  7,   0,   7, 12 }, /* 'w' */
    {  6793,  9,  7,   0,   7,  8 }, /* 'x' */
    {  6856,  9, 10,   0,   7,  8 }, /* 'y' */
    {  6946,  7,  7,   0,   7,  8 }, /* 'z' */
    {  6995,  7, 12,   1,  10,  9 }, /* '{' */
    {  7079,  3, 13,   1,  10,  5 }, /* '|' */
    {  7118,  7, 12,   1,  10,  9 }, /* '}' */
    {  7202,  9,  4,   1,   6, 11 }, /* '~' */
};

const uifont_t uifont_bold = {
    1, 126, 13, 4, 17,
    uifont_bold_glyphs, uifont_bold_pixels
};

/* --- uifont_title: 126 glyphs, 20250 bytes of coverage ------------ */
static const uint8_t uifont_title_pixels[] = {
    0x00, 0x00, 0x1b, 0x84, 0xa9, 0x8c, 0x26, 0x00, 0x00, 0x00, 0x00, 0x08, 0x6a, 0xa6, 0x9b, 0x46,
    0x00, 0x00, 0x00, 0x31, 0xed, 0xff, 0xff, 0xff, 0xf7, 0x48, 0x00, 0x00, 0x0c, 0xca, 0xff, 0xff,
    0xff, 0xff, 0x83, 0x00, 0x00, 0xce, 0xff, 0x8f, 0x34, 0x78, 0xfe, 0xe8, 0x07, 0x00, 0x86, 0xff,
    0xc1, 0x3b, 0x54, 0xea, 0xff, 0x34, 0x16, 0xff, 0xd5, 0x00, 0x00, 0x00, 0xb3, 0xff, 0x39, 0x00,
    0xce, 0xff, 0x1b, 0x00, 0x00, 0x6b, 0xff, 0x7d, 0x17, 0xff, 0xd3, 0x00, 0x00, 0x00, 0x94, 0xff,
    0x47, 0x00, 0xdc, 0xfc, 0x00, 0x00, 0x00, 0x68, 0xff, 0x7e, 0x00, 0xd0, 0xff, 0x88, 0x27, 0x20,
    0xa1, 0xff, 0x5f, 0x20, 0xe0, 0xfc, 0x20, 0x20, 0x4b, 0xe7, 0xff, 0x37, 0x00, 0x35, 0xf1, 0xff,
    0xff, 0xff, 0xff, 0xff, 0xff, 0xff, 0xff, 0xff, 0xff, 0xff, 0xff, 0xff, 0x8b, 0x00, 0x00, 0x00,
    0x20, 0x8d, 0xb4, 0xb8, 0xe1, 0xff, 0xcc, 0xb8, 0xf5, 0xfe, 0xb8, 0xb7, 0xa4, 0x4f, 0x00, 0x00,
    0x00, 0x00, 0x00, 0x00, 0x00, 0x00, 0x94, 0xff, 0x48, 0x00, 0xdc, 0xfc, 0x00, 0x00, 0x00, 0x00,
    0x00, 0x00, 0x00, 0x00, 0x01, 0x3f, 0x68, 0x6c, 0xc1, 0xff, 0x95, 0x6c, 0xeb, 0xfd, 0x6c, 0x6b,
    0x57, 0x11, 0x00, 0x00, 0x00, 0x11, 0xc1, 0xff, 0xff, 0xff, 0xff, 0xff, 0xff, 0xff, 0xff, 0xff,
    0xff, 0xff, 0xff, 0xef, 0x47, 0x00, 0x00, 0xa9, 0xff, 0xcd, 0x77, 0x70, 0xc3, 0xff, 0x98, 0x70,
    0xeb, 0xfd, 0x70, 0x70, 0x9c, 0xfd, 0xf4, 0x1b, 0x0d, 0xfc, 0xe7, 0x0a, 0x00, 0x00, 0x94, 0xff,
    0x48, 0x00, 0xdc, 0xfc, 0x00, 0x00, 0x00, 0x88, 0xff, 0x70, 0x1d, 0xff, 0xc5, 0x00, 0x00, 0x00,
    0xa0, 0xff, 0x41, 0x00, 0xd6, 0xfe, 0x09, 0x00, 0x00, 0x5a, 0xff, 0x84, 0x03, 0xea, 0xfb, 0x42,
    0x00, 0x2c, 0xf0, 0xfa, 0x15, 0x00, 0xa5, 0xff, 0x83, 0x01, 0x0f, 0xc5, 0xff, 0x53, 0x00, 0x64,
    0xff, 0xff, 0xe7, 0xfd, 0xff, 0x84, 0x00, 0x00, 0x28, 0xf3, 0xff, 0xed, 0xf7, 0xff, 0xc5, 0x03,
    0x00, 0x00, 0x59, 0xd5, 0xfa, 0xdd, 0x6f, 0x00, 0x00, 0x00, 0x00, 0x30, 0xbb, 0xf7, 0xec, 0x97,
    0x0d, 0x00, 0x37, 0xa8, 0xa8, 0xa8, 0xa8, 0xa8, 0xa8, 0xa8, 0x4a, 0x00, 0x00, 0x00, 0x00, 0x00,
    0x00, 0x8d, 0xa8, 0xa8, 0xa8, 0xa8, 0xa8, 0xa8, 0x70, 0x54, 0xff, 0xff, 0xff, 0xff, 0xff, 0xff,
    0xff, 0xf2, 0x2b, 0x00, 0x00, 0x00, 0x00, 0x00, 0xd8, 0xff, 0xff, 0xff, 0xff, 0xff, 0xff, 0xac,
    0x4d, 0xec, 0xec, 0xec, 0xec, 0xec, 0xed, 0xff, 0xff, 0xdd, 0x13, 0x00, 0x00, 0x00, 0x00, 0xc7,
    0xec, 0xec, 0xec, 0xec, 0xec, 0xec, 0x9e, 0x00, 0x00, 0x00, 0x00, 0x00, 0x00, 0x00, 0xa2, 0xff,
    0xff, 0xbe, 0x04, 0x00, 0x00, 0x00, 0x00, 0x00, 0x00, 0x00, 0x00, 0x00, 0x00, 0x00, 0x00, 0x00,
    0x00, 0x00, 0x00, 0x00, 0x00, 0x07, 0xc8, 0xff, 0xff, 0x96, 0x00, 0x00, 0x00, 0x00, 0x00, 0x00,
    0x00, 0x00, 0x00, 0x00, 0x00, 0x00, 0x00, 0x00, 0x00, 0x00, 0x00, 0x00, 0x00, 0x19, 0xe4, 0xff,
    0xff, 0x68, 0x00, 0x00, 0x00, 0x00, 0x00, 0x00, 0x00, 0x00, 0x00, 0x00, 0x00, 0x00, 0x00, 0x00,
    0x00, 0x00, 0x00, 0x00, 0x00, 0x34, 0xf7, 0xff, 0xfa, 0x3f, 0x00, 0x00, 0x00, 0x00, 0x00, 0x00,
    0x00, 0x00, 0x00, 0x00, 0x00, 0x00, 0x00, 0x00, 0x00, 0x00, 0x00, 0x00, 0x00, 0x5a, 0xff, 0xff,
    0xeb, 0x21, 0x00, 0x00, 0x00, 0x00, 0x00, 0x00, 0x00, 0x00, 0x00, 0x00, 0x00, 0x00, 0x00, 0x00,
    0x00, 0x00, 0x00, 0x00, 0x00, 0x87, 0xff, 0xff, 0xd2, 0x0c, 0x00, 0x00, 0x00, 0x00, 0x00, 0x00,
    0x00, 0x00, 0x00, 0x00, 0x00, 0x00, 0x00, 0x00, 0x00, 0x00, 0x00, 0x00, 0x02, 0xb2, 0xff, 0xff,
    0xaf, 0x01, 0x00, 0x00, 0x00, 0x00, 0x00, 0x00, 0x00, 0x00, 0x00, 0x00, 0x00, 0x00, 0x00, 0x00,
    0x00, 0x00, 0x00, 0x00, 0x0d, 0xd4, 0xff, 0xff, 0xb2, 0x94, 0x94, 0x94, 0x94, 0x94, 0x63, 0x00,
    0x00, 0x00, 0x00, 0x00, 0x00, 0x00, 0x00, 0x00, 0x00, 0x00, 0x00, 0x00, 0x22, 0xed, 0xff, 0xff,
    0xff, 0xff, 0xff, 0xff, 0xff, 0xac, 0x00, 0x00, 0x00, 0x00, 0x00, 0x00, 0x00, 0x00, 0x00, 0x00,
    0x00, 0x00, 0x00, 0x00, 0x42, 0xfb, 0xff, 0xff, 0xff, 0xff, 0xff, 0xff, 0xac, 0x00, 0x00, 0x00,
    0x00, 0x00, 0x11, 0x47, 0x00, 0x00, 0x00, 0x00, 0x00, 0x00, 0x00, 0x00, 0x00, 0x00, 0x11, 0xce,
    0xfb, 0x53, 0x00, 0x00, 0x00, 0x00, 0x00, 0x00, 0x00, 0x00, 0x11, 0xce, 0xf8, 0xd2, 0xfb, 0x53,
    0x00, 0x00, 0x00, 0x00, 0x00, 0x00, 0x11, 0xce, 0xf8, 0x4b, 0x0e, 0xc6, 0xfb, 0x53, 0x00, 0x00,
    0x00, 0x00, 0x11, 0xce, 0xff, 0x7e, 0x00, 0x00, 0x2a, 0xe4, 0xfb, 0x53, 0x00, 0x00, 0x11, 0xce,
    0xff, 0xff, 0xfc, 0x00, 0x00, 0x8c, 0xff, 0xff, 0xfb, 0x53, 0x00, 0x27, 0x4c, 0x4c, 0xa8, 0xfc,
    0x00, 0x00, 0x8c, 0xf7, 0x4c, 0x4c, 0x47, 0x01, 0x00, 0x00, 0x00, 0x84, 0xfc, 0x00, 0x00, 0x8c,
    0xf4, 0x00, 0x00, 0x00, 0x00, 0x00, 0x00, 0x00, 0x84, 0xfc, 0x00, 0x00, 0x8c, 0xf4, 0x00, 0x00,
    0x00, 0x00, 0x00, 0x00, 0x00, 0x84, 0xfc, 0x00, 0x00, 0x8c, 0xf4, 0x00, 0x00, 0x00, 0x00, 0x00,
    0x00, 0x00, 0x84, 0xfc, 0x00, 0x00, 0x8c, 0xf4, 0x00, 0x00, 0x00, 0x00, 0x00, 0x00, 0x00, 0x84,
    0xfc, 0x00, 0x00, 0x8c, 0xf4, 0x00, 0x00, 0x00, 0x00, 0x00, 0x00, 0x00, 0x84, 0xfc, 0x00, 0x00,
    0x8c, 0xf4, 0x00, 0x00, 0x00, 0x00, 0x00, 0x00, 0x00, 0x84, 0xfc, 0x00, 0x00, 0x8c, 0xf4, 0x00,
    0x00, 0x00, 0x00, 0x00, 0x00, 0x00, 0x84, 0xfc, 0x00, 0x00, 0x8c, 0xf4, 0x00, 0x00, 0x00, 0x00,
    0x00, 0x00, 0x00, 0x84, 0xfe, 0x80, 0x80, 0xc6, 0xf4, 0x00, 0x00, 0x00, 0x00, 0x00, 0x00, 0x00,
    0x84, 0xff, 0xff, 0xff, 0xff, 0xf4, 0x00, 0x00, 0x00, 0x00, 0x00, 0x00, 0x00, 0x00, 0x10, 0x1b,
    0x01, 0x00, 0x00, 0x00, 0x00, 0x00, 0x00, 0x00, 0x34, 0xef, 0xff, 0x95, 0x01, 0x00, 0x00, 0x00,
    0x00, 0x00, 0x34, 0xef, 0xff, 0xff, 0xff, 0x95, 0x01, 0x00, 0x00, 0x00, 0x34, 0xef, 0xff, 0xff,
    0xff, 0xff, 0xff, 0x95, 0x01, 0x00, 0x34, 0xef, 0xff, 0xdc, 0x1c, 0x00, 0x85, 0xff, 0xff, 0x95,
    0x01, 0x5b, 0xfd, 0xdd, 0x1d, 0x00, 0x00, 0x00, 0x86, 0xff, 0xc3, 0x09, 0x00, 0x55, 0x1d, 0x00,
    0x00, 0x00, 0x00, 0x00, 0x67, 0x0c, 0x00, 0x00, 0x00, 0x00, 0x00, 0x00, 0x00, 0x00, 0x00, 0x00,
    0x6b, 0xc3, 0x72, 0x00, 0x00, 0x00, 0x00, 0x00, 0x00, 0x00, 0x00, 0x7d, 0xff, 0xd8, 0x0d, 0x00,
    0x00, 0x00, 0x00, 0x00, 0x00, 0x00, 0x4d, 0xfe, 0xf4, 0x2b, 0x00, 0x00, 0x00, 0x00, 0x00, 0x00,
    0x00, 0x1e, 0xee, 0xff, 0x58, 0x00, 0x00, 0x00, 0x00, 0x00, 0x00, 0x00, 0x03, 0xc4, 0xff, 0x90,
    0x00, 0x00, 0x00, 0x00, 0x00, 0x00, 0x00, 0x00, 0x79, 0xff, 0xc4, 0x04, 0x00, 0x00, 0x00, 0x00,
    0x00, 0x00, 0x00, 0x2d, 0xf9, 0xef, 0x1c, 0x00, 0x00, 0x00, 0x00, 0x4c, 0xec, 0x64, 0x03, 0xc9,
    0xff, 0x5c, 0x00, 0x00, 0x00, 0x00, 0x00, 0xa0, 0xff, 0xd2, 0x7a, 0xff, 0xad, 0x00, 0x00, 0x00,
    0x00, 0x00, 0x00, 0x5b, 0xff, 0xff, 0xff, 0xe9, 0x15, 0x00, 0x00, 0x00, 0x00, 0x00, 0x00, 0x0e,
    0xf7, 0xff, 0xff, 0x50, 0x00, 0x00, 0x00, 0x00, 0x00, 0x00, 0x00, 0x00, 0x80, 0xdc, 0x87, 0x00,
    0x00, 0x00, 0x00, 0x00, 0x00, 0x00, 0x00, 0x08, 0x00, 0x00, 0x00, 0x00, 0x00, 0x00, 0x00, 0x00,
    0x00, 0x00, 0xdb, 0x77, 0x0b, 0x00, 0x00, 0x00, 0x00, 0x00, 0x00, 0x00, 0x00, 0xf0, 0xff, 0xeb,
    0x77, 0x0b, 0x00, 0x00, 0x00, 0x00, 0x00, 0x00, 0xf0, 0xff, 0xff, 0xff, 0xeb, 0x76, 0x0b, 0x00,
    0x00, 0x00, 0x00, 0xf0, 0xff, 0xff, 0xff, 0xff, 0xff, 0xea, 0x76, 0x0b, 0x00, 0x00, 0xf0, 0xff,
    0xff, 0xff, 0xff, 0xff, 0xff, 0xff, 0xea, 0x76, 0x0b, 0xf0, 0xff, 0xff, 0xff, 0xff, 0xff, 0xff,
    0xff, 0xff, 0xf3, 0x71, 0xf0, 0xff, 0xff, 0xff, 0xff, 0xff, 0xff, 0xf3, 0x88, 0x13, 0x00, 0xf0,
    0xff, 0xff, 0xff, 0xff, 0xf4, 0x89, 0x14, 0x00, 0x00, 0x00, 0xf0, 0xff, 0xff, 0xf4, 0x8a, 0x14,
    0x00, 0x00, 0x00, 0x00, 0x00, 0xf0, 0xf5, 0x8b, 0x15, 0x00, 0x00, 0x00, 0x00, 0x00, 0x00, 0x00,
    0x7f, 0x16, 0x00, 0x00, 0x00, 0x00, 0x00, 0x00, 0x00, 0x00, 0x00, 0x00, 0x00, 0x00, 0x00, 0x00,
    0x00, 0x00, 0x05, 0x13, 0x08, 0x00, 0x00, 0x00, 0x00, 0x00, 0x00, 0x00, 0x00, 0x00, 0x00, 0x00,
    0x12, 0x7c, 0xd0, 0xfc, 0xff, 0xff, 0xdc, 0x8f, 0x21, 0x00, 0x00, 0x00, 0x00, 0x00, 0x00, 0x00,
    0x4a, 0xed, 0xff, 0xff, 0xff, 0xff, 0xff, 0xff, 0xff, 0xfa, 0x6e, 0x00, 0x00, 0x00, 0x00, 0x00,
    0x6b, 0xfe, 0xff, 0xff, 0xff, 0xff, 0xff, 0xff, 0xff, 0xff, 0xff, 0xff, 0x9c, 0x00, 0x00, 0x00,
    0x3a, 0xfb, 0xff, 0xff, 0xff, 0xff, 0xff, 0xff, 0xff, 0xff, 0xff, 0xff, 0xff, 0xff, 0x68, 0x00,
    0x03, 0xd9, 0xff, 0xff, 0xff, 0xff, 0xff, 0xff, 0xff, 0xff, 0xff, 0xff, 0xff, 0xff, 0xff, 0xf7,
    0x19, 0x4c, 0xff, 0xff, 0xff, 0xff, 0xff, 0xff, 0xff, 0xff, 0xff, 0xff, 0xff, 0xff, 0xff, 0xff,
    0xff, 0x80, 0x96, 0xff, 0xff, 0xff, 0xff, 0xff, 0xff, 0xff, 0xff, 0xff, 0xff, 0xff, 0xff, 0xff,
    0xff, 0xff, 0xc9, 0xbe, 0xff, 0xff, 0xff, 0xff, 0xff, 0xff, 0xff, 0xff, 0xff, 0xff, 0xff, 0xff,
    0xff, 0xff, 0xff, 0xf1, 0xc7, 0xff, 0xff, 0xff, 0xff, 0xff, 0xff, 0xff, 0xff, 0xff, 0xff, 0xff,
    0xff, 0xff, 0xff, 0xff, 0xfa, 0xb2, 0xff, 0xff, 0xff, 0xff, 0xff, 0xff, 0xff, 0xff, 0xff, 0xff,
    0xff, 0xff, 0xff, 0xff, 0xff, 0xe6, 0x7e, 0xff, 0xff, 0xff, 0xff, 0xff, 0xff, 0xff, 0xff, 0xff,
    0xff, 0xff, 0xff, 0xff, 0xff, 0xff, 0xb1, 0x27, 0xfe, 0xff, 0xff, 0xff, 0xff, 0xff, 0xff, 0xff,
    0xff, 0xff, 0xff, 0xff, 0xff, 0xff, 0xff, 0x59, 0x00, 0xa3, 0xff, 0xff, 0xff, 0xff, 0xff, 0xff,
    0xff, 0xff, 0xff, 0xff, 0xff, 0xff, 0xff, 0xd3, 0x03, 0x00, 0x0e, 0xdb, 0xff, 0xff, 0xff, 0xff,
    0xff, 0xff, 0xff, 0xff, 0xff, 0xff, 0xff, 0xf3, 0x28, 0x00, 0x00, 0x00, 0x27, 0xd8, 0xff, 0xff,
    0xff, 0xff, 0xff, 0xff, 0xff, 0xff, 0xff, 0xec, 0x45, 0x00, 0x00, 0x00, 0x00, 0x00, 0x0d, 0x9c,
    0xfc, 0xff, 0xff, 0xff, 0xff, 0xff, 0xff, 0xb8, 0x1e, 0x00, 0x00, 0x00, 0x00, 0x00, 0x00, 0x00,
    0x00, 0x1d, 0x6d, 0x9e, 0xb0, 0xa3, 0x78, 0x2b, 0x00, 0x00, 0x00, 0x00, 0x00, 0x00, 0x1c, 0xa6,
    0xf0, 0xf3, 0xaf, 0x24, 0x00, 0x16, 0xe4, 0xff, 0xff, 0xff, 0xff, 0xea, 0x1d, 0x8b, 0xff, 0xff,
    0xff, 0xff, 0xff, 0xff, 0x99, 0xc8, 0xff, 0xff, 0xff, 0xff, 0xff, 0xff, 0xd7, 0xc7, 0xff, 0xff,
    0xff, 0xff, 0xff, 0xff, 0xd6, 0x85, 0xff, 0xff, 0xff, 0xff, 0xff, 0xff, 0x95, 0x0d, 0xdf, 0xff,
    0xff, 0xff, 0xff, 0xe8, 0x1b, 0x00, 0x1d, 0xa8, 0xf1, 0xf2, 0xae, 0x22, 0x00, 0x44, 0xff, 0xff,
    0xff, 0x9c, 0x00, 0x00, 0x00, 0xf0, 0xff, 0xff, 0xf0, 0x00, 0x00, 0x00, 0x9c, 0xff, 0xff, 0xff,
    0x44, 0x44, 0xff, 0xff, 0xff, 0x9c, 0x00, 0x00, 0x00, 0xf0, 0xff, 0xff, 0xf0, 0x00, 0x00, 0x00,
    0x9c, 0xff, 0xff, 0xff, 0x44, 0x44, 0xff, 0xff, 0xff, 0x9c, 0x00, 0x00, 0x00, 0xf0, 0xff, 0xff,
    0xf0, 0x00, 0x00, 0x00, 0x9c, 0xff, 0xff, 0xff, 0x44, 0x44, 0xff, 0xff, 0xff, 0x9c, 0x00, 0x00,
    0x00, 0xf0, 0xff, 0xff, 0xf0, 0x00, 0x00, 0x00, 0x9c, 0xff, 0xff, 0xff, 0x44, 0x00, 0x00, 0x00,
    0x00, 0x00, 0x00, 0x00, 0x00, 0x00, 0x00, 0x00, 0x55, 0x94, 0x00, 0x00, 0x00, 0x00, 0x00, 0x00,
    0x00, 0x00, 0x00, 0x00, 0x00, 0x00, 0x00, 0x00, 0x2e, 0xf9, 0xff, 0x82, 0x00, 0x00, 0x00, 0x00,
    0x00, 0x00, 0x00, 0x00, 0x00, 0x00, 0x00, 0x00, 0x00, 0x02, 0xaa, 0xff, 0xff, 0x6b, 0x00, 0x00,
    0x00, 0x00, 0x00, 0x00, 0x00, 0x00, 0x00, 0x00, 0x00, 0x00, 0x00, 0x06, 0xbb, 0xff, 0xfd, 0x57,
    0x00, 0xc0, 0xff, 0xff, 0xff, 0xff, 0xff, 0xff, 0xff, 0xff, 0xff, 0xff, 0xff, 0xff, 0xff, 0xff,
    0xf9, 0x34, 0xc0, 0xff, 0xff, 0xff, 0xff, 0xff, 0xff, 0xff, 0xff, 0xff, 0xff, 0xff, 0xff, 0xff,
    0xff, 0xff, 0x5c, 0xc0, 0xff, 0xff, 0xff, 0xff, 0xff, 0xff, 0xff, 0xff, 0xff, 0xff, 0xff, 0xff,
    0xff, 0xff, 0xf9, 0x34, 0x00, 0x00, 0x00, 0x00, 0x00, 0x00, 0x00, 0x00, 0x00, 0x00, 0x00, 0x06,
    0xbb, 0xff, 0xfd, 0x57, 0x00, 0x00, 0x00, 0x00, 0x00, 0x00, 0x00, 0x00, 0x00, 0x00, 0x00, 0x02,
    0xaa, 0xff, 0xff, 0x6c, 0x00, 0x00, 0x00, 0x00, 0x00, 0x00, 0x00, 0x00, 0x00, 0x00, 0x00, 0x00,
    0x2f, 0xf9, 0xff, 0x82, 0x00, 0x00, 0x00, 0x00, 0x00, 0x00, 0x00, 0x00, 0x00, 0x00, 0x00, 0x00,
    0x00, 0x00, 0x56, 0x95, 0x00, 0x00, 0x00, 0x00, 0xa1, 0xf0, 0xf0, 0xf0, 0xf0, 0xf0, 0xf0, 0xf0,
    0xf0, 0xf0, 0xf0, 0xf0, 0xf0, 0xf0, 0x1a, 0xac, 0xff, 0xff, 0xff, 0xff, 0xff, 0xff, 0xff, 0xff,
    0xff, 0xff, 0xff, 0xff, 0xff, 0x1c, 0x63, 0x94, 0x94, 0x94, 0x94, 0x94, 0x94, 0x94, 0x94, 0x94,
    0x94, 0x94, 0x94, 0x94, 0x10, 0x00, 0x00, 0x00, 0x00, 0x00, 0x00, 0x00, 0x00, 0x00, 0x00, 0x00,
    0x00, 0x00, 0x00, 0x00, 0x18, 0x24, 0x24, 0x24, 0x24, 0x24, 0x24, 0x24, 0x24, 0x24, 0x24, 0x24,
    0x24, 0x24, 0x03, 0xac, 0xff, 0xff, 0xff, 0xff, 0xff, 0xff, 0xff, 0xff, 0xff, 0xff, 0xff, 0xff,
    0xff, 0x1c, 0xac, 0xff, 0xff, 0xff, 0xff, 0xff, 0xff, 0xff, 0xff, 0xff, 0xff, 0xff, 0xff, 0xff,
    0x1c, 0x40, 0x60, 0x60, 0x60, 0x60, 0x60, 0x60, 0x60, 0x60, 0x60, 0x60, 0x60, 0x60, 0x60, 0x0a,
    0x00, 0x00, 0x00, 0x00, 0x00, 0x00, 0x00, 0x00, 0x00, 0x00, 0x00, 0x00, 0x00, 0x00, 0x00, 0x3d,
    0x5c, 0x5c, 0x5c, 0x5c, 0x5c, 0x5c, 0x5c, 0x5c, 0x5c, 0x5c, 0x5c, 0x5c, 0x5c, 0x0a, 0xac, 0xff,
    0xff, 0xff, 0xff, 0xff, 0xff, 0xff, 0xff, 0xff, 0xff, 0xff, 0xff, 0xff, 0x1c, 0xac, 0xff, 0xff,
    0xff, 0xff, 0xff, 0xff, 0xff, 0xff, 0xff, 0xff, 0xff, 0xff, 0xff, 0x1c, 0x1d, 0x2c, 0x2c, 0x2c,
    0x2c, 0x2c, 0x2c, 0x2c, 0x2c, 0x2c, 0x2c, 0x2c, 0x2c, 0x2c, 0x04, 0xd0, 0xff, 0xff, 0xff, 0xff,
    0xff, 0xff, 0xff, 0xff, 0xff, 0xff, 0xff, 0xff, 0xff, 0xff, 0xff, 0xff, 0xff, 0xff, 0xd0, 0xd0,
    0xff, 0xff, 0xff, 0xff, 0xff, 0xff, 0xff, 0xff, 0xff, 0xff, 0xff, 0xff, 0xff, 0xff, 0xff, 0xff,
    0xff, 0xff, 0xd0, 0xd0, 0xff, 0xff, 0xff, 0xff, 0xff, 0xff, 0xff, 0xff, 0xff, 0xff, 0xff, 0xff,
    0xff, 0xff, 0xff, 0xff, 0xff, 0xff, 0xd0, 0x00, 0x00, 0x00, 0x00, 0x00, 0x00, 0x00, 0x0f, 0xa5,
    0xb8, 0xb8, 0xb8, 0xb8, 0xb8, 0xb8, 0xb8, 0xb8, 0xb8, 0xb8, 0xb8, 0xb8, 0xb8, 0xb8, 0xb8, 0xb8,
    0xb8, 0xb8, 0xb8, 0xb8, 0x50, 0x00, 0x00, 0x00, 0x00, 0x00, 0x00, 0x0f, 0xc8, 0xff, 0xff, 0xff,
    0xff, 0xff, 0xff, 0xff, 0xff, 0xff, 0xff, 0xff, 0xff, 0xff, 0xff, 0xff, 0xff, 0xff, 0xff, 0xff,
    0xff, 0xff, 0x70, 0x00, 0x00, 0x00, 0x00, 0x00, 0x0f, 0xc8, 0xff, 0xcb, 0x37, 0x44, 0xe7, 0xff,
    0xc6, 0x36, 0x34, 0x34, 0x34, 0x34, 0x34, 0x34, 0x34, 0x3e, 0xdd, 0xff, 0xd7, 0x3b, 0x96, 0xff,
    0x70, 0x00, 0x00, 0x00, 0x00, 0x0f, 0xc8, 0xff, 0xcb, 0x10, 0x00, 0x00, 0x28, 0xe7, 0xff, 0x9e,
    0x02, 0x00, 0x00, 0x00, 0x00, 0x00, 0x0a, 0xbe, 0xff, 0xd6, 0x18, 0x00, 0x7c, 0xff, 0x70, 0x00,
    0x00, 0x00, 0x0f, 0xc8, 0xff, 0xcb, 0x10, 0x00, 0x00, 0x00, 0x00, 0x27, 0xe7, 0xff, 0x9f, 0x02,
    0x00, 0x00, 0x00, 0x0a, 0xbe, 0xff, 0xd6, 0x17, 0x00, 0x00, 0x7c, 0xff, 0x70, 0x00, 0x00, 0x0f,
    0xc8, 0xff, 0xcb, 0x10, 0x00, 0x00, 0x00, 0x00, 0x00, 0x00, 0x27, 0xe6, 0xff, 0x9f, 0x02, 0x00,
    0x0a, 0xbf, 0xff, 0xd6, 0x17, 0x00, 0x00, 0x00, 0x7c, 0xff, 0x70, 0x00, 0x0f, 0xc8, 0xff, 0xcb,
    0x10, 0x00, 0x00, 0x00, 0x00, 0x00, 0x00, 0x00, 0x00, 0x27, 0xe6, 0xff, 0xa0, 0x0d, 0xc0, 0xff,
    0xd6, 0x17, 0x00, 0x00, 0x00, 0x00, 0x7c, 0xff, 0x70, 0x0f, 0xc8, 0xff, 0xcb, 0x10, 0x00, 0x00,
    0x00, 0x00, 0x00, 0x00, 0x00, 0x00, 0x00, 0x00, 0x27, 0xe6, 0xff, 0xeb, 0xff, 0xd5, 0x17, 0x00,
    0x00, 0x00, 0x00, 0x00, 0x7c, 0xff, 0x70, 0xb7, 0xff, 0xe9, 0x10, 0x00, 0x00, 0x00, 0x00, 0x00,
    0x00, 0x00, 0x00, 0x00, 0x00, 0x00, 0x00, 0x2f, 0xfd, 0xff, 0xf3, 0x19, 0x00, 0x00, 0x00, 0x00,
    0x00, 0x00, 0x7c, 0xff, 0x70, 0x32, 0xee, 0xff, 0x8b, 0x00, 0x00, 0x00, 0x00, 0x00, 0x00, 0x00,
    0x00, 0x00, 0x00, 0x00, 0x09, 0xba, 0xff, 0xff, 0xff, 0xa0, 0x02, 0x00, 0x00, 0x00, 0x00, 0x00,
    0x7c, 0xff, 0x70, 0x00, 0x32, 0xee, 0xff, 0x8c, 0x00, 0x00, 0x00, 0x00, 0x00, 0x00, 0x00, 0x00,
    0x00, 0x09, 0xba, 0xff, 0xd5, 0x42, 0xe9, 0xff, 0xa0, 0x02, 0x00, 0x00, 0x00, 0x00, 0x7c, 0xff,
    0x70, 0x00, 0x00, 0x32, 0xee, 0xff, 0x8d, 0x00, 0x00, 0x00, 0x00, 0x00, 0x00, 0x00, 0x09, 0xba,
    0xff, 0xd5, 0x16, 0x00, 0x2b, 0xe9, 0xff, 0xa0, 0x02, 0x00, 0x00, 0x00, 0x7c, 0xff, 0x70, 0x00,
    0x00, 0x00, 0x32, 0xee, 0xff, 0x8d, 0x00, 0x00, 0x00, 0x00, 0x00, 0x09, 0xba, 0xff, 0xd5, 0x16,
    0x00, 0x00, 0x00, 0x2b, 0xe9, 0xff, 0xa0, 0x02, 0x00, 0x00, 0x7c, 0xff, 0x70, 0x00, 0x00, 0x00,
    0x00, 0x32, 0xee, 0xff, 0x8e, 0x00, 0x00, 0x00, 0x09, 0xba, 0xff, 0xd5, 0x16, 0x00, 0x00, 0x00,
    0x00, 0x00, 0x2b, 0xe9, 0xff, 0xa0, 0x02, 0x00, 0x7c, 0xff, 0x70, 0x00, 0x00, 0x00, 0x00, 0x00,
    0x32, 0xee, 0xff, 0x8e, 0x00, 0x09, 0xba, 0xff, 0xd5, 0x16, 0x00, 0x00, 0x00, 0x00, 0x00, 0x00,
    0x00, 0x2b, 0xe9, 0xff, 0xa0, 0x02, 0x7c, 0xff, 0x70, 0x00, 0x00, 0x00, 0x00, 0x00, 0x00, 0x32,
    0xee, 0xff, 0xea, 0xef, 0xff, 0xff, 0xf0, 0xe8, 0xe8, 0xe8, 0xe8, 0xe8, 0xe8, 0xe8, 0xe8, 0xe8,
    0xf4, 0xff, 0xff, 0xec, 0xf3, 0xff, 0x70, 0x00, 0x00, 0x00, 0x00, 0x00, 0x00, 0x00, 0x32, 0xee,
    0xff, 0xff, 0xff, 0xff, 0xff, 0xff, 0xff, 0xff, 0xff, 0xff, 0xff, 0xff, 0xff, 0xff, 0xff, 0xff,
    0xff, 0xff, 0xff, 0xff, 0x70, 0xec, 0xff, 0xff, 0xf4, 0xec, 0xff, 0xff, 0xf4, 0xec, 0xff, 0xff,
    0xf4, 0xec, 0xff, 0xff, 0xf4, 0xec, 0xff, 0xff, 0xf4, 0xeb, 0xff, 0xff, 0xf3, 0xd4, 0xff, 0xff,
    0xdb, 0xb3, 0xff, 0xff, 0xba, 0x92, 0xff, 0xff, 0x99, 0x71, 0xff, 0xff, 0x78, 0x00, 0x00, 0x00,
    0x00, 0x00, 0x00, 0x00, 0x00, 0xec, 0xff, 0xff, 0xf4, 0xec, 0xff, 0xff, 0xf4, 0xec, 0xff, 0xff,
    0xf4, 0xec, 0xff, 0xff, 0xf4, 0xe8, 0xff, 0xa4, 0x00, 0x2c, 0xff, 0xff, 0x60, 0xe8, 0xff, 0xa4,
    0x00, 0x2c, 0xff, 0xff, 0x60, 0xe8, 0xff, 0xa4, 0x00, 0x2c, 0xff, 0xff, 0x60, 0xe8, 0xff, 0xa4,
    0x00, 0x2c, 0xff, 0xff, 0x60, 0xe8, 0xff, 0xa4, 0x00, 0x2c, 0xff, 0xff, 0x60, 0xe8, 0xff, 0xa4,
    0x00, 0x2c, 0xff, 0xff, 0x60, 0x00, 0x00, 0x00, 0x00, 0x00, 0x00, 0xb7, 0xff, 0xad, 0x00, 0x00,
    0x77, 0xff, 0xe5, 0x00, 0x00, 0x00, 0x00, 0x00, 0x00, 0x00, 0x00, 0xea, 0xff, 0x78, 0x00, 0x00,
    0xad, 0xff, 0xb0, 0x00, 0x00, 0x00, 0x00, 0x00, 0x00, 0x00, 0x20, 0xff, 0xff, 0x43, 0x00, 0x00,
    0xe2, 0xff, 0x7b, 0x00, 0x00, 0x00, 0x00, 0x00, 0x00, 0x00, 0x55, 0xff, 0xfe, 0x10, 0x00, 0x17,
    0xff, 0xff, 0x46, 0x00, 0x00, 0x00, 0x00, 0x00, 0x00, 0x00, 0x8a, 0xff, 0xda, 0x00, 0x00, 0x4d,
    0xff, 0xff, 0x12, 0x00, 0x00, 0x00, 0x44, 0xff, 0xff, 0xff, 0xff, 0xff, 0xff, 0xff, 0xff, 0xff,
    0xff, 0xff, 0xff, 0xff, 0xf0, 0x00, 0x44, 0xff, 0xff, 0xff, 0xff, 0xff, 0xff, 0xff, 0xff, 0xff,
    0xff, 0xff, 0xff, 0xff, 0xf0, 0x00, 0x00, 0x00, 0x00, 0x5d, 0xff, 0xfc, 0x0e, 0x00, 0x20, 0xff,
    0xff, 0x44, 0x00, 0x00, 0x00, 0x00, 0x00, 0x00, 0x00, 0x9d, 0xff, 0xc9, 0x00, 0x00, 0x61, 0xff,
    0xfa, 0x0b, 0x00, 0x00, 0x00, 0x00, 0x00, 0x00, 0x00, 0xdc, 0xff, 0x88, 0x00, 0x00, 0xa0, 0xff,
    0xc7, 0x00, 0x00, 0x00, 0x00, 0x80, 0xff, 0xff, 0xff, 0xff, 0xff, 0xff, 0xff, 0xff, 0xff, 0xff,
    0xff, 0xff, 0xff, 0xb4, 0x00, 0x80, 0xff, 0xff, 0xff, 0xff, 0xff, 0xff, 0xff, 0xff, 0xff, 0xff,
    0xff, 0xff, 0xff, 0xb4, 0x00, 0x00, 0x00, 0x00, 0xa6, 0xff, 0xc2, 0x00, 0x00, 0x6a, 0xff, 0xf2,
    0x04, 0x00, 0x00, 0x00, 0x00, 0x00, 0x00, 0x00, 0xe6, 0xff, 0x80, 0x00, 0x00, 0xac, 0xff, 0xb4,
    0x00, 0x00, 0x00, 0x00, 0x00, 0x00, 0x00, 0x2a, 0xff, 0xff, 0x3e, 0x00, 0x01, 0xeb, 0xff, 0x72,
    0x00, 0x00, 0x00, 0x00, 0x00, 0x00, 0x00, 0x6b, 0xff, 0xf6, 0x06, 0x00, 0x2f, 0xff, 0xff, 0x30,
    0x00, 0x00, 0x00, 0x00, 0x00, 0x00, 0x00, 0x00, 0x00, 0x00, 0x34, 0xff, 0x8c, 0x00, 0x00, 0x00,
    0x00, 0x00, 0x00, 0x00, 0x00, 0x00, 0x00, 0x34, 0xff, 0x8c, 0x00, 0x00, 0x00, 0x00, 0x00, 0x00,
    0x00, 0x1a, 0x84, 0xc7, 0xea, 0xff, 0xfb, 0xd6, 0xaa, 0x66, 0x1b, 0x00, 0x00, 0x3a, 0xf0, 0xff,
    0xff, 0xff, 0xff, 0xff, 0xff, 0xff, 0xff, 0xd8, 0x00, 0x02, 0xde, 0xff, 0xff, 0xa1, 0x4b, 0xff,
    0x8f, 0x22, 0x47, 0x90, 0xba, 0x00, 0x30, 0xff, 0xff, 0xff, 0x2b, 0x34, 0xff, 0x8c, 0x00, 0x00,
    0x00, 0x00, 0x00, 0x42, 0xff, 0xff, 0xff, 0x90, 0x3b, 0xff, 0x8c, 0x00, 0x00, 0x00, 0x00, 0x00,
    0x23, 0xff, 0xff, 0xff, 0xff, 0xfc, 0xff, 0xcf, 0x70, 0x34, 0x01, 0x00, 0x00, 0x00, 0xbb, 0xff,
    0xff, 0xff, 0xff, 0xff, 0xff, 0xff, 0xff, 0xd9, 0x48, 0x00, 0x00, 0x12, 0xad, 0xff, 0xff, 0xff,
    0xff, 0xff, 0xff, 0xff, 0xff, 0xfb, 0x37, 0x00, 0x00, 0x00, 0x24, 0x71, 0xb7, 0xff, 0xff, 0xff,
    0xff, 0xff, 0xff, 0xa3, 0x00, 0x00, 0x00, 0x00, 0x00, 0x34, 0xff, 0x9a, 0x54, 0xef, 0xff, 0xff,
    0xc9, 0x00, 0x00, 0x00, 0x00, 0x00, 0x34, 0xff, 0x8c, 0x00, 0xa4, 0xff, 0xff, 0xbd, 0x41, 0xc4,
    0x77, 0x39, 0x1c, 0x37, 0xff, 0x8e, 0x2b, 0xe1, 0xff, 0xff, 0x75, 0x44, 0xff, 0xff, 0xff, 0xff,
    0xfe, 0xff, 0xff, 0xff, 0xff, 0xff, 0xbd, 0x08, 0x02, 0x39, 0x83, 0xbc, 0xda, 0xf6, 0xff, 0xfb,
    0xe1, 0xb0, 0x5b, 0x02, 0x00, 0x00, 0x00, 0x00, 0x00, 0x00, 0x34, 0xff, 0x8c, 0x00, 0x00, 0x00,
    0x00, 0x00, 0x00, 0x00, 0x00, 0x00, 0x00, 0x34, 0xff, 0x8c, 0x00, 0x00, 0x00, 0x00, 0x00, 0x00,
    0x00, 0x00, 0x00, 0x00, 0x34, 0xff, 0x8c, 0x00, 0x00, 0x00, 0x00, 0x00, 0x00, 0x00, 0x4d, 0xc4,
    0xf4, 0xf5, 0xc3, 0x49, 0x00, 0x00, 0x00, 0x00, 0x00, 0x00, 0x79, 0xff, 0xe0, 0x0b, 0x00, 0x00,
    0x00, 0x00, 0x00, 0x5f, 0xff, 0xff, 0xff, 0xff, 0xff, 0xfe, 0x58, 0x00, 0x00, 0x00, 0x00, 0x22,
    0xf6, 0xff, 0x4b, 0x00, 0x00, 0x00, 0x00, 0x00, 0x05, 0xea, 0xff, 0xe3, 0x27, 0x29, 0xe7, 0xff,
    0xe6, 0x03, 0x00, 0x00, 0x00, 0xb8, 0xff, 0xaa, 0x00, 0x00, 0x00, 0x00, 0x00, 0x00, 0x34, 0xff,
    0xff, 0x83, 0x00, 0x00, 0x89, 0xff, 0xff, 0x2f, 0x00, 0x00, 0x59, 0xff, 0xf0, 0x19, 0x00, 0x00,
    0x00, 0x00, 0x00, 0x00, 0x47, 0xff, 0xff, 0x69, 0x00, 0x00, 0x6e, 0xff, 0xff, 0x43, 0x00, 0x10,
    0xe8, 0xff, 0x69, 0x00, 0x00, 0x00, 0x00, 0x00, 0x00, 0x00, 0x34, 0xff, 0xff, 0x84, 0x00, 0x00,
    0x89, 0xff, 0xff, 0x2f, 0x00, 0x9a, 0xff, 0xc6, 0x02, 0x00, 0x00, 0x00, 0x00, 0x00, 0x00, 0x00,
    0x05, 0xea, 0xff, 0xe3, 0x27, 0x29, 0xe7, 0xff, 0xe6, 0x03, 0x3b, 0xfe, 0xfb, 0x2d, 0x00, 0x00,
    0x00, 0x00, 0x00, 0x00, 0x00, 0x00, 0x00, 0x5f, 0xff, 0xff, 0xff, 0xff, 0xff, 0xfe, 0x58, 0x05,
    0xd4, 0xff, 0x87, 0x00, 0x46, 0xc1, 0xf4, 0xf6, 0xc8, 0x52, 0x00, 0x00, 0x00, 0x00, 0x4e, 0xc5,
    0xf5, 0xf5, 0xc4, 0x4a, 0x00, 0x7b, 0xff, 0xdd, 0x09, 0x55, 0xfe, 0xff, 0xff, 0xff, 0xff, 0xff,
    0x67, 0x00, 0x00, 0x00, 0x00, 0x00, 0x00, 0x00, 0x00, 0x00, 0x23, 0xf7, 0xff, 0x47, 0x02, 0xe4,
    0xff, 0xec, 0x2f, 0x23, 0xe0, 0xff, 0xf0, 0x0a, 0x00, 0x00, 0x00, 0x00, 0x00, 0x00, 0x00, 0x00,
    0xba, 0xff, 0xa6, 0x00, 0x2c, 0xff, 0xff, 0x94, 0x00, 0x00, 0x7d, 0xff, 0xff, 0x3f, 0x00, 0x00,
    0x00, 0x00, 0x00, 0x00, 0x00, 0x5b, 0xff, 0xee, 0x17, 0x00, 0x3f, 0xff, 0xff, 0x7a, 0x00, 0x00,
    0x62, 0xff, 0xff, 0x53, 0x00, 0x00, 0x00, 0x00, 0x00, 0x00, 0x11, 0xe9, 0xff, 0x65, 0x00, 0x00,
    0x2b, 0xff, 0xff, 0x93, 0x00, 0x00, 0x7b, 0xff, 0xff, 0x3e, 0x00, 0x00, 0x00, 0x00, 0x00, 0x00,
    0x9c, 0xff, 0xc3, 0x01, 0x00, 0x00, 0x02, 0xe3, 0xff, 0xea, 0x2c, 0x21, 0xdd, 0xff, 0xef, 0x09,
    0x00, 0x00, 0x00, 0x00, 0x00, 0x3c, 0xfe, 0xfa, 0x2a, 0x00, 0x00, 0x00, 0x00, 0x55, 0xfe, 0xff,
    0xff, 0xff, 0xff, 0xff, 0x67, 0x00, 0x00, 0x00, 0x00, 0x00, 0x06, 0xd5, 0xff, 0x84, 0x00, 0x00,
    0x00, 0x00, 0x00, 0x00, 0x47, 0xc2, 0xf5, 0xf6, 0xc9, 0x53, 0x00, 0x00, 0x00, 0x00, 0x00, 0x00,
    0x3e, 0xab, 0xdb, 0xf6, 0xe7, 0xc5, 0x7d, 0x27, 0x00, 0x00, 0x00, 0x00, 0x00, 0x00, 0x00, 0x00,
    0x00, 0x84, 0xff, 0xff, 0xff, 0xff, 0xff, 0xff, 0xff, 0xf4, 0x00, 0x00, 0x00, 0x00, 0x00, 0x00,
    0x00, 0x00, 0x1e, 0xfe, 0xff, 0xff, 0xd1, 0x21, 0x0a, 0x2d, 0x67, 0xc0, 0x00, 0x00, 0x00, 0x00,
    0x00, 0x00, 0x00, 0x00, 0x3d, 0xff, 0xff, 0xff, 0xa6, 0x00, 0x00, 0x00, 0x00, 0x00, 0x00, 0x00,
    0x00, 0x00, 0x00, 0x00, 0x00, 0x00, 0x10, 0xf2, 0xff, 0xff, 0xf9, 0x36, 0x00, 0x00, 0x00, 0x00,
    0x00, 0x00, 0x00, 0x00, 0x00, 0x00, 0x00, 0x00, 0x00, 0xa7, 0xff, 0xff, 0xff, 0xe4, 0x1a, 0x00,
    0x00, 0x00, 0x00, 0x00, 0x00, 0x00, 0x00, 0x00, 0x00, 0x05, 0xa9, 0xff, 0xff, 0xff, 0xff, 0xff,
    0xcb, 0x09, 0x00, 0x00, 0x00, 0xdc, 0xff, 0xff, 0x76, 0x00, 0x00, 0x9d, 0xff, 0xff, 0xff, 0xf9,
    0xff, 0xff, 0xff, 0xab, 0x01, 0x00, 0x03, 0xf6, 0xff, 0xff, 0x55, 0x00, 0x31, 0xff, 0xff, 0xff,
    0xc9, 0x24, 0xe6, 0xff, 0xff, 0xff, 0x83, 0x00, 0x37, 0xff, 0xff, 0xff, 0x24, 0x00, 0x85, 0xff,
    0xff, 0xff, 0x41, 0x00, 0x39, 0xf9, 0xff, 0xff, 0xff, 0x5b, 0x9c, 0xff, 0xff, 0xdf, 0x00, 0x00,
    0xa3, 0xff, 0xff, 0xff, 0x10, 0x00, 0x00, 0x64, 0xff, 0xff, 0xff, 0xf8, 0xfc, 0xff, 0xff, 0x80,
    0x00, 0x00, 0x96, 0xff, 0xff, 0xff, 0x2d, 0x00, 0x00, 0x00, 0x95, 0xff, 0xff, 0xff, 0xff, 0xff,
    0xf0, 0x15, 0x00, 0x00, 0x53, 0xff, 0xff, 0xff, 0x99, 0x00, 0x00, 0x00, 0x05, 0xc1, 0xff, 0xff,
    0xff, 0xff, 0x62, 0x00, 0x00, 0x00, 0x02, 0xca, 0xff, 0xff, 0xff, 0x90, 0x21, 0x11, 0x4f, 0xdb,
    0xff, 0xff, 0xff, 0xff, 0xb3, 0x06, 0x00, 0x00, 0x00, 0x17, 0xc9, 0xff, 0xff, 0xff, 0xff, 0xff,
    0xff, 0xff, 0xff, 0xff, 0xff, 0xff, 0xff, 0xb6, 0x07, 0x00, 0x00, 0x00, 0x04, 0x5f, 0xb8, 0xea,
    0xfb, 0xed, 0xd6, 0xb1, 0x66, 0x2a, 0xc6, 0xff, 0xff, 0xff, 0xb8, 0x08, 0xe8, 0xff, 0xa4, 0xe8,
    0xff, 0xa4, 0xe8, 0xff, 0xa4, 0xe8, 0xff, 0xa4, 0xe8, 0xff, 0xa4, 0xe8, 0xff, 0xa4, 0x00, 0x00,
    0x00, 0x2c, 0xfd, 0xff, 0xf7, 0x17, 0x00, 0x00, 0x00, 0xb5, 0xff, 0xff, 0x97, 0x00, 0x00, 0x00,
    0x3d, 0xff, 0xff, 0xfe, 0x23, 0x00, 0x00, 0x00, 0xab, 0xff, 0xff, 0xc6, 0x00, 0x00, 0x00, 0x16,
    0xfa, 0xff, 0xff, 0x6e, 0x00, 0x00, 0x00, 0x68, 0xff, 0xff, 0xff, 0x25, 0x00, 0x00, 0x00, 0xa7,
    0xff, 0xff, 0xee, 0x01, 0x00, 0x00, 0x00, 0xe1, 0xff, 0xff, 0xbd, 0x00, 0x00, 0x00, 0x01, 0xfb,
    0xff, 0xff, 0xa6, 0x00, 0x00, 0x00, 0x11, 0xff, 0xff, 0xff, 0x94, 0x00, 0x00, 0x00, 0x12, 0xff,
    0xff, 0xff, 0x94, 0x00, 0x00, 0x00, 0x01, 0xfb, 0xff, 0xff, 0xa6, 0x00, 0x00, 0x00, 0x00, 0xe1,
    0xff, 0xff, 0xbd, 0x00, 0x00, 0x00, 0x00, 0xa8, 0xff, 0xff, 0xed, 0x00, 0x00, 0x00, 0x00, 0x69,
    0xff, 0xff, 0xff, 0x22, 0x00, 0x00, 0x00, 0x17, 0xfa, 0xff, 0xff, 0x6c, 0x00, 0x00, 0x00, 0x00,
    0xab, 0xff, 0xff, 0xc3, 0x00, 0x00, 0x00, 0x00, 0x3d, 0xff, 0xff, 0xfe, 0x22, 0x00, 0x00, 0x00,
    0x00, 0xb4, 0xff, 0xff, 0x96, 0x00, 0x00, 0x00, 0x00, 0x2c, 0xfd, 0xff, 0xf7, 0x17, 0x0f, 0xf1,
    0xff, 0xff, 0x39, 0x00, 0x00, 0x00, 0x00, 0x88, 0xff, 0xff, 0xc3, 0x00, 0x00, 0x00, 0x00, 0x18,
    0xfb, 0xff, 0xff, 0x4b, 0x00, 0x00, 0x00, 0x00, 0xb7, 0xff, 0xff, 0xb8, 0x00, 0x00, 0x00, 0x00,
    0x5f, 0xff, 0xff, 0xfd, 0x1f, 0x00, 0x00, 0x00, 0x15, 0xff, 0xff, 0xff, 0x74, 0x00, 0x00, 0x00,
    0x00, 0xe0, 0xff, 0xff, 0xb3, 0x00, 0x00, 0x00, 0x00, 0xae, 0xff, 0xff, 0xef, 0x00, 0x00, 0x00,
    0x00, 0x97, 0xff, 0xff, 0xff, 0x0b, 0x00, 0x00, 0x00, 0x84, 0xff, 0xff, 0xff, 0x20, 0x00, 0x00,
    0x00, 0x86, 0xff, 0xff, 0xff, 0x21, 0x00, 0x00, 0x00, 0x98, 0xff, 0xff, 0xff, 0x0c, 0x00, 0x00,
    0x00, 0xaf, 0xff, 0xff, 0xf0, 0x00, 0x00, 0x00, 0x00, 0xe1, 0xff, 0xff, 0xb4, 0x00, 0x00, 0x00,
    0x16, 0xff, 0xff, 0xff, 0x75, 0x00, 0x00, 0x00, 0x60, 0xff, 0xff, 0xfd, 0x20, 0x00, 0x00, 0x00,
    0xb8, 0xff, 0xff, 0xb8, 0x00, 0x00, 0x00, 0x19, 0xfb, 0xff, 0xff, 0x4b, 0x00, 0x00, 0x00, 0x89,
    0xff, 0xff, 0xc3, 0x00, 0x00, 0x00, 0x0f, 0xf1, 0xff, 0xff, 0x39, 0x00, 0x00, 0x00, 0x00, 0x00,
    0x00, 0x00, 0x28, 0xff, 0xac, 0x00, 0x00, 0x00, 0x00, 0x00, 0x00, 0x00, 0x00, 0x00, 0x28, 0xff,
    0xac, 0x00, 0x00, 0x00, 0x00, 0x00, 0x1a, 0xcf, 0x65, 0x06, 0x28, 0xff, 0xac, 0x00, 0x28, 0xa2,
    0x88, 0x00, 0x3b, 0xd4, 0xff, 0xe3, 0x8d, 0xff, 0xc8, 0xaa, 0xfd, 0xf9, 0x97, 0x01, 0x00, 0x01,
    0x4c, 0xc2, 0xff, 0xff, 0xff, 0xf2, 0x8b, 0x19, 0x00, 0x00, 0x00, 0x01, 0x4b, 0xc1, 0xff, 0xff,
    0xff, 0xf1, 0x8a, 0x19, 0x00, 0x00, 0x3a, 0xd4, 0xff, 0xe1, 0x8a, 0xff, 0xc7, 0xa8, 0xfd, 0xf8,
    0x96, 0x01, 0x1a, 0xd0, 0x64, 0x05, 0x28, 0xff, 0xac, 0x00, 0x27, 0xa2, 0x89, 0x00, 0x00, 0x00,
    0x00, 0x00, 0x28, 0xff, 0xac, 0x00, 0x00, 0x00, 0x00, 0x00, 0x00, 0x00, 0x00, 0x00, 0x28, 0xff,
    0xac, 0x00, 0x00, 0x00, 0x00, 0x00, 0x00, 0x00, 0x00, 0x00, 0x00, 0x10, 0xff, 0xff, 0x80, 0x00,
    0x00, 0x00, 0x00, 0x00, 0x00, 0x00, 0x00, 0x00, 0x00, 0x00, 0x10, 0xff, 0xff, 0x80, 0x00, 0x00,
    0x00, 0x00, 0x00, 0x00, 0x00, 0x00, 0x00, 0x00, 0x00, 0x10, 0xff, 0xff, 0x80, 0x00, 0x00, 0x00,
    0x00, 0x00, 0x00, 0x00, 0x00, 0x00, 0x00, 0x00, 0x10, 0xff, 0xff, 0x80, 0x00, 0x00, 0x00, 0x00,
    0x00, 0x00, 0x00, 0x00, 0x00, 0x00, 0x00, 0x10, 0xff, 0xff, 0x80, 0x00, 0x00, 0x00, 0x00, 0x00,
    0x00, 0xac, 0xff, 0xff, 0xff, 0xff, 0xff, 0xff, 0xff, 0xff, 0xff, 0xff, 0xff, 0xff, 0xff, 0x1c,
    0xac, 0xff, 0xff, 0xff, 0xff, 0xff, 0xff, 0xff, 0xff, 0xff, 0xff, 0xff, 0xff, 0xff, 0x1c, 0xac,
    0xff, 0xff, 0xff, 0xff, 0xff, 0xff, 0xff, 0xff, 0xff, 0xff, 0xff, 0xff, 0xff, 0x1c, 0x00, 0x00,
    0x00, 0x00, 0x00, 0x10, 0xff, 0xff, 0x80, 0x00, 0x00, 0x00, 0x00, 0x00, 0x00, 0x00, 0x00, 0x00,
    0x00, 0x00, 0x10, 0xff, 0xff, 0x80, 0x00, 0x00, 0x00, 0x00, 0x00, 0x00, 0x00, 0x00, 0x00, 0x00,
    0x00, 0x10, 0xff, 0xff, 0x80, 0x00, 0x00, 0x00, 0x00, 0x00, 0x00, 0x00, 0x00, 0x00, 0x00, 0x00,
    0x10, 0xff, 0xff, 0x80, 0x00, 0x00, 0x00, 0x00, 0x00, 0x00, 0x00, 0x00, 0x00, 0x00, 0x00, 0x10,
    0xff, 0xff, 0x80, 0x00, 0x00, 0x00, 0x00, 0x00, 0x00, 0x00, 0xc0, 0xff, 0xff, 0xff, 0x1c, 0x00,
    0xc0, 0xff, 0xff, 0xff, 0x1c, 0x00, 0xc0, 0xff, 0xff, 0xff, 0x1c, 0x00, 0xd9, 0xff, 0xff, 0xd6,
    0x06, 0x20, 0xff, 0xff, 0xfa, 0x33, 0x00, 0x69, 0xff, 0xff, 0x7c, 0x00, 0x00, 0xb0, 0xff, 0xc8,
    0x03, 0x00, 0x00, 0xd0, 0xff, 0xff, 0xff, 0xff, 0xff, 0xf0, 0xd0, 0xff, 0xff, 0xff, 0xff, 0xff,
    0xf0, 0xd0, 0xff, 0xff, 0xff, 0xff, 0xff, 0xf0, 0xc0, 0xff, 0xff, 0xff, 0x1c, 0xc0, 0xff, 0xff,
    0xff, 0x1c, 0xc0, 0xff, 0xff, 0xff, 0x1c, 0xc0, 0xff, 0xff, 0xff, 0x1c, 0x00, 0x00, 0x00, 0x00,
    0x00, 0x81, 0xff, 0xdf, 0x00, 0x00, 0x00, 0x00, 0x00, 0xd1, 0xff, 0x8f, 0x00, 0x00, 0x00, 0x00,
    0x21, 0xff, 0xff, 0x3e, 0x00, 0x00, 0x00, 0x00, 0x72, 0xff, 0xeb, 0x03, 0x00, 0x00, 0x00, 0x00,
    0xc2, 0xff, 0x9d, 0x00, 0x00, 0x00, 0x00, 0x15, 0xfd, 0xff, 0x4d, 0x00, 0x00, 0x00, 0x00, 0x63,
    0xff, 0xf4, 0x08, 0x00, 0x00, 0x00, 0x00, 0xb4, 0xff, 0xac, 0x00, 0x00, 0x00, 0x00, 0x0c, 0xf7,
    0xff, 0x5b, 0x00, 0x00, 0x00, 0x00, 0x55, 0xff, 0xfa, 0x10, 0x00, 0x00, 0x00, 0x00, 0xa5, 0xff,
    0xbb, 0x00, 0x00, 0x00, 0x00, 0x05, 0xef, 0xff, 0x6a, 0x00, 0x00, 0x00, 0x00, 0x46, 0xff, 0xfe,
    0x1b, 0x00, 0x00, 0x00, 0x00, 0x96, 0xff, 0xc9, 0x00, 0x00, 0x00, 0x00, 0x01, 0xe5, 0xff, 0x79,
    0x00, 0x00, 0x00, 0x00, 0x37, 0xff, 0xff, 0x28, 0x00, 0x00, 0x00, 0x00, 0x88, 0xff, 0xd8, 0x00,
    0x00, 0x00, 0x00, 0x00, 0xd8, 0xff, 0x88, 0x00, 0x00, 0x00, 0x00, 0x00, 0x00, 0x00, 0x00, 0x46,
    0xab, 0xe4, 0xf9, 0xec, 0xc2, 0x6c, 0x05, 0x00, 0x00, 0x00, 0x00, 0x02, 0x9b, 0xff, 0xff, 0xff,
    0xff, 0xff, 0xff, 0xff, 0xd1, 0x18, 0x00, 0x00, 0x00, 0x82, 0xff, 0xff, 0xff, 0x69, 0x09, 0x37,
    0xe6, 0xff, 0xff, 0xca, 0x03, 0x00, 0x1b, 0xfa, 0xff, 0xff, 0xb7, 0x00, 0x00, 0x00, 0x67, 0xff,
    0xff, 0xff, 0x61, 0x00, 0x78, 0xff, 0xff, 0xff, 0x71, 0x00, 0x00, 0x00, 0x21, 0xff, 0xff, 0xff,
    0xc3, 0x00, 0xb5, 0xff, 0xff, 0xff, 0x4d, 0x00, 0x00, 0x00, 0x01, 0xfb, 0xff, 0xff, 0xf9, 0x06,
    0xdd, 0xff, 0xff, 0xff, 0x39, 0x00, 0x00, 0x00, 0x00, 0xea, 0xff, 0xff, 0xff, 0x27, 0xed, 0xff,
    0xff, 0xff, 0x32, 0x00, 0x00, 0x00, 0x00, 0xe2, 0xff, 0xff, 0xff, 0x38, 0xed, 0xff, 0xff, 0xff,
    0x33, 0x00, 0x00, 0x00, 0x00, 0xe4, 0xff, 0xff, 0xff, 0x37, 0xdd, 0xff, 0xff, 0xff, 0x3a, 0x00,
    0x00, 0x00, 0x00, 0xeb, 0xff, 0xff, 0xff, 0x27, 0xb6, 0xff, 0xff, 0xff, 0x4e, 0x00, 0x00, 0x00,
    0x02, 0xfc, 0xff, 0xff, 0xf9, 0x06, 0x78, 0xff, 0xff, 0xff, 0x72, 0x00, 0x00, 0x00, 0x25, 0xff,
    0xff, 0xff, 0xc3, 0x00, 0x1b, 0xfa, 0xff, 0xff, 0xb8, 0x00, 0x00, 0x00, 0x6d, 0xff, 0xff, 0xff,
    0x61, 0x00, 0x00, 0x82, 0xff, 0xff, 0xff, 0x6a, 0x09, 0x37, 0xe8, 0xff, 0xff, 0xca, 0x03, 0x00,
    0x00, 0x02, 0x9c, 0xff, 0xff, 0xff, 0xff, 0xff, 0xff, 0xff, 0xd2, 0x18, 0x00, 0x00, 0x00, 0x00,
    0x00, 0x47, 0xad, 0xe6, 0xfa, 0xee, 0xc3, 0x6d, 0x06, 0x00, 0x00, 0x00, 0x09, 0x45, 0x8a, 0xcf,
    0xfe, 0xff, 0xff, 0xff, 0x24, 0x00, 0x00, 0x00, 0x84, 0xff, 0xff, 0xff, 0xff, 0xff, 0xff, 0xff,
    0x24, 0x00, 0x00, 0x00, 0x7a, 0xbb, 0x77, 0x33, 0xc5, 0xff, 0xff, 0xff, 0x24, 0x00, 0x00, 0x00,
    0x00, 0x00, 0x00, 0x00, 0xc4, 0xff, 0xff, 0xff, 0x24, 0x00, 0x00, 0x00, 0x00, 0x00, 0x00, 0x00,
    0xc4, 0xff, 0xff, 0xff, 0x24, 0x00, 0x00, 0x00, 0x00, 0x00, 0x00, 0x00, 0xc4, 0xff, 0xff, 0xff,
    0x24, 0x00, 0x00, 0x00, 0x00, 0x00, 0x00, 0x00, 0xc4, 0xff, 0xff, 0xff, 0x24, 0x00, 0x00, 0x00,
    0x00, 0x00, 0x00, 0x00, 0xc4, 0xff, 0xff, 0xff, 0x24, 0x00, 0x00, 0x00, 0x00, 0x00, 0x00, 0x00,
    0xc4, 0xff, 0xff, 0xff, 0x24, 0x00, 0x00, 0x00, 0x00, 0x00, 0x00, 0x00, 0xc4, 0xff, 0xff, 0xff,
    0x24, 0x00, 0x00, 0x00, 0x00, 0x00, 0x00, 0x00, 0xc4, 0xff, 0xff, 0xff, 0x24, 0x00, 0x00, 0x00,
    0x00, 0x00, 0x00, 0x00, 0xc4, 0xff, 0xff, 0xff, 0x24, 0x00, 0x00, 0x00, 0x00, 0x00, 0x00, 0x00,
    0xc4, 0xff, 0xff, 0xff, 0x24, 0x00, 0x00, 0x00, 0x00, 0x00, 0x00, 0x00, 0xc4, 0xff, 0xff, 0xff,
    0x24, 0x00, 0x00, 0x00, 0x6c, 0xff, 0xff, 0xff, 0xff, 0xff, 0xff, 0xff, 0xff, 0xff, 0xff, 0xcc,
    0x6c, 0xff, 0xff, 0xff, 0xff, 0xff, 0xff, 0xff, 0xff, 0xff, 0xff, 0xcc, 0x01, 0x30, 0x75, 0xb6,
    0xdf, 0xf6, 0xfa, 0xe7, 0xb6, 0x5b, 0x01, 0x00, 0x00, 0x38, 0xff, 0xff, 0xff, 0xff, 0xff, 0xff,
    0xff, 0xff, 0xff, 0xbd, 0x0b, 0x00, 0x38, 0xff, 0xff, 0xa2, 0x2e, 0x0d, 0x4b, 0xe7, 0xff, 0xff,
    0xff, 0x9c, 0x00, 0x38, 0xf8, 0x58, 0x00, 0x00, 0x00, 0x00, 0x4a, 0xff, 0xff, 0xff, 0xfa, 0x0f,
    0x31, 0x4b, 0x00, 0x00, 0x00, 0x00, 0x00, 0x02, 0xf8, 0xff, 0xff, 0xff, 0x39, 0x00, 0x00, 0x00,
    0x00, 0x00, 0x00, 0x00, 0x00, 0xe9, 0xff, 0xff, 0xff, 0x3a, 0x00, 0x00, 0x00, 0x00, 0x00, 0x00,
    0x00, 0x1a, 0xfe, 0xff, 0xff, 0xfc, 0x14, 0x00, 0x00, 0x00, 0x00, 0x00, 0x00, 0x00, 0x8b, 0xff,
    0xff, 0xff, 0xaf, 0x00, 0x00, 0x00, 0x00, 0x00, 0x00, 0x00, 0x41, 0xfc, 0xff, 0xff, 0xee, 0x21,
    0x00, 0x00, 0x00, 0x00, 0x00, 0x00, 0x4c, 0xf5, 0xff, 0xff, 0xf6, 0x3e, 0x00, 0x00, 0x00, 0x00,
    0x00, 0x00, 0x63, 0xfc, 0xff, 0xff, 0xf5, 0x43, 0x00, 0x00, 0x00, 0x00, 0x00, 0x00, 0x7c, 0xff,
    0xff, 0xff, 0xeb, 0x37, 0x00, 0x00, 0x00, 0x00, 0x00, 0x02, 0x96, 0xff, 0xff, 0xff, 0xde, 0x26,
    0x00, 0x00, 0x00, 0x00, 0x00, 0x08, 0xad, 0xff, 0xff, 0xff, 0xce, 0x18, 0x00, 0x00, 0x00, 0x00,
    0x00, 0x00, 0x44, 0xff, 0xff, 0xff, 0xff, 0xff, 0xff, 0xff, 0xff, 0xff, 0xff, 0xff, 0x64, 0x44,
    0xff, 0xff, 0xff, 0xff, 0xff, 0xff, 0xff, 0xff, 0xff, 0xff, 0xff, 0x64, 0x00, 0x1b, 0x6a, 0xb5,
    0xd8, 0xf3, 0xf9, 0xe9, 0xc2, 0x7c, 0x14, 0x00, 0x00, 0x00, 0xd8, 0xff, 0xff, 0xff, 0xff, 0xff,
    0xff, 0xff, 0xff, 0xed, 0x36, 0x00, 0x00, 0xb6, 0x81, 0x37, 0x17, 0x0b, 0x40, 0xd4, 0xff, 0xff,
    0xff, 0xd6, 0x00, 0x00, 0x00, 0x00, 0x00, 0x00, 0x00, 0x00, 0x2d, 0xff, 0xff, 0xff, 0xff, 0x1e,
    0x00, 0x00, 0x00, 0x00, 0x00, 0x00, 0x00, 0x02, 0xfc, 0xff, 0xff, 0xff, 0x21, 0x00, 0x00, 0x00,
    0x00, 0x00, 0x00, 0x00, 0x2d, 0xff, 0xff, 0xff, 0xe7, 0x03, 0x00, 0x00, 0x00, 0x00, 0x00, 0x0f,
    0x42, 0xd3, 0xff, 0xff, 0xfa, 0x53, 0x00, 0x00, 0x00, 0x00, 0xc8, 0xff, 0xff, 0xff, 0xff, 0xff,
    0xc9, 0x30, 0x00, 0x00, 0x00, 0x00, 0x00, 0xc8, 0xff, 0xff, 0xff, 0xff, 0xff, 0xff, 0xce, 0x29,
    0x00, 0x00, 0x00, 0x00, 0x00, 0x00, 0x11, 0x3a, 0xb3, 0xff, 0xff, 0xff, 0xe9, 0x0f, 0x00, 0x00,
    0x00, 0x00, 0x00, 0x00, 0x00, 0x04, 0xd5, 0xff, 0xff, 0xff, 0x66, 0x00, 0x00, 0x00, 0x00, 0x00,
    0x00, 0x00, 0x00, 0xa1, 0xff, 0xff, 0xff, 0x87, 0x00, 0x00, 0x00, 0x00, 0x00, 0x00, 0x00, 0x03,
    0xd2, 0xff, 0xff, 0xff, 0x6b, 0x7b, 0xa9, 0x57, 0x2b, 0x0e, 0x0d, 0x34, 0xae, 0xff, 0xff, 0xff,
    0xef, 0x17, 0x88, 0xff, 0xff, 0xff, 0xff, 0xff, 0xff, 0xff, 0xff, 0xff, 0xea, 0x3f, 0x00, 0x0b,
    0x51, 0x9e, 0xcf, 0xe9, 0xfc, 0xf4, 0xdc, 0xb2, 0x6a, 0x0c, 0x00, 0x00, 0x00, 0x00, 0x00, 0x00,
    0x00, 0x00, 0x12, 0xe3, 0xff, 0xff, 0xff, 0xff, 0x04, 0x00, 0x00, 0x00, 0x00, 0x00, 0x00, 0x00,
    0x00, 0xb1, 0xff, 0xff, 0xff, 0xff, 0xff, 0x04, 0x00, 0x00, 0x00, 0x00, 0x00, 0x00, 0x00, 0x6e,
    0xff, 0xff, 0xff, 0xff, 0xff, 0xff, 0x04, 0x00, 0x00, 0x00, 0x00, 0x00, 0x00, 0x30, 0xf8, 0xff,
    0xea, 0xf2, 0xff, 0xff, 0xff, 0x04, 0x00, 0x00, 0x00, 0x00, 0x00, 0x0c, 0xd9, 0xff, 0xff, 0x51,
    0xe8, 0xff, 0xff, 0xff, 0x04, 0x00, 0x00, 0x00, 0x00, 0x00, 0xa2, 0xff, 0xff, 0xa1, 0x00, 0xe8,
    0xff, 0xff, 0xff, 0x04, 0x00, 0x00, 0x00, 0x00, 0x5d, 0xff, 0xff, 0xe3, 0x0f, 0x00, 0xe8, 0xff,
    0xff, 0xff, 0x04, 0x00, 0x00, 0x00, 0x25, 0xf3, 0xff, 0xfe, 0x45, 0x00, 0x00, 0xe8, 0xff, 0xff,
    0xff, 0x04, 0x00, 0x00, 0x01, 0xce, 0xff, 0xff, 0x95, 0x00, 0x00, 0x00, 0xe8, 0xff, 0xff, 0xff,
    0x04, 0x00, 0x00, 0x04, 0xff, 0xff, 0xdc, 0x0b, 0x00, 0x00, 0x00, 0xe8, 0xff, 0xff, 0xff, 0x04,
    0x00, 0x00, 0x04, 0xff, 0xff, 0xff, 0xff, 0xff, 0xff, 0xff, 0xff, 0xff, 0xff, 0xff, 0xff, 0xff,
    0x4c, 0x04, 0xff, 0xff, 0xff, 0xff, 0xff, 0xff, 0xff, 0xff, 0xff, 0xff, 0xff, 0xff, 0xff, 0x4c,
    0x00, 0x00, 0x00, 0x00, 0x00, 0x00, 0x00, 0x00, 0xe8, 0xff, 0xff, 0xff, 0x04, 0x00, 0x00, 0x00,
    0x00, 0x00, 0x00, 0x00, 0x00, 0x00, 0x00, 0xe8, 0xff, 0xff, 0xff, 0x04, 0x00, 0x00, 0x00, 0x00,
    0x00, 0x00, 0x00, 0x00, 0x00, 0x00, 0xe8, 0xff, 0xff, 0xff, 0x04, 0x00, 0x00, 0x00, 0x00, 0x00,
    0x00, 0x00, 0x00, 0x00, 0x00, 0xe8, 0xff, 0xff, 0xff, 0x04, 0x00, 0x00, 0x00, 0xac, 0xff, 0xff,
    0xff, 0xff, 0xff, 0xff, 0xff, 0xff, 0xff, 0x9c, 0x00, 0x00, 0xac, 0xff, 0xff, 0xff, 0xff, 0xff,
    0xff, 0xff, 0xff, 0xff, 0x9c, 0x00, 0x00, 0xac, 0xff, 0xff, 0xa0, 0x00, 0x00, 0x00, 0x00, 0x00,
    0x00, 0x00, 0x00, 0x00, 0xac, 0xff, 0xff, 0xa0, 0x00, 0x00, 0x00, 0x00, 0x00, 0x00, 0x00, 0x00,
    0x00, 0xac, 0xff, 0xff, 0xa0, 0x00, 0x00, 0x00, 0x00, 0x00, 0x00, 0x00, 0x00, 0x00, 0xac, 0xff,
    0xff, 0xa0, 0x00, 0x00, 0x00, 0x00, 0x00, 0x00, 0x00, 0x00, 0x00, 0xac, 0xff, 0xff, 0xf0, 0xee,
    0xfc, 0xf1, 0xcd, 0x88, 0x1d, 0x00, 0x00, 0x00, 0xac, 0xff, 0xff, 0xff, 0xff, 0xff, 0xff, 0xff,
    0xff, 0xf3, 0x4f, 0x00, 0x00, 0x95, 0x8d, 0x45, 0x1f, 0x09, 0x2e, 0xab, 0xff, 0xff, 0xff, 0xf8,
    0x23, 0x00, 0x00, 0x00, 0x00, 0x00, 0x00, 0x00, 0x02, 0xc3, 0xff, 0xff, 0xff, 0x89, 0x00, 0x00,
    0x00, 0x00, 0x00, 0x00, 0x00, 0x00, 0x73, 0xff, 0xff, 0xff, 0xb7, 0x00, 0x00, 0x00, 0x00, 0x00,
    0x00, 0x00, 0x00, 0x73, 0xff, 0xff, 0xff, 0xb6, 0x00, 0x00, 0x00, 0x00, 0x00, 0x00, 0x00, 0x02,
    0xc4, 0xff, 0xff, 0xff, 0x84, 0x48, 0xc2, 0x74, 0x37, 0x19, 0x09, 0x2e, 0xaa, 0xff, 0xff, 0xff,
    0xf1, 0x1b, 0x4c, 0xff, 0xff, 0xff, 0xff, 0xff, 0xff, 0xff, 0xff, 0xff, 0xe7, 0x3b, 0x00, 0x03,
    0x3a, 0x82, 0xc0, 0xdb, 0xf3, 0xf9, 0xe8, 0xbd, 0x71, 0x0e, 0x00, 0x00, 0x00, 0x00, 0x00, 0x00,
    0x50, 0xaa, 0xe1, 0xf7, 0xec, 0xcf, 0x92, 0x35, 0x00, 0x00, 0x00, 0x00, 0x14, 0xc0, 0xff, 0xff,
    0xff, 0xff, 0xff, 0xff, 0xff, 0xff, 0x14, 0x00, 0x00, 0x09, 0xd2, 0xff, 0xff, 0xe8, 0x65, 0x21,
    0x09, 0x29, 0x5d, 0xbd, 0x13, 0x00, 0x00, 0x8b, 0xff, 0xff, 0xf8, 0x2b, 0x00, 0x00, 0x00, 0x00,
    0x00, 0x00, 0x00, 0x00, 0x0e, 0xf3, 0xff, 0xff, 0x9e, 0x00, 0x00, 0x00, 0x00, 0x00, 0x00, 0x00,
    0x00, 0x00, 0x4f, 0xff, 0xff, 0xff, 0x9d, 0xa8, 0xde, 0xf8, 0xed, 0xba, 0x51, 0x00, 0x00, 0x00,
    0x82, 0xff, 0xff, 0xff, 0xff, 0xff, 0xff, 0xff, 0xff, 0xff, 0xff, 0x99, 0x00, 0x00, 0x98, 0xff,
    0xff, 0xff, 0xff, 0xb2, 0x1b, 0x1f, 0xc0, 0xff, 0xff, 0xff, 0x66, 0x00, 0x9e, 0xff, 0xff, 0xff,
    0xfd, 0x1b, 0x00, 0x00, 0x2c, 0xff, 0xff, 0xff, 0xd8, 0x00, 0x90, 0xff, 0xff, 0xff, 0xe2, 0x00,
    0x00, 0x00, 0x00, 0xf3, 0xff, 0xff, 0xff, 0x0e, 0x6d, 0xff, 0xff, 0xff, 0xd1, 0x00, 0x00, 0x00,
    0x00, 0xe2, 0xff, 0xff, 0xff, 0x18, 0x32, 0xff, 0xff, 0xff, 0xe2, 0x00, 0x00, 0x00, 0x00, 0xf3,
    0xff, 0xff, 0xf9, 0x05, 0x00, 0xd1, 0xff, 0xff, 0xfd, 0x1b, 0x00, 0x00, 0x2c, 0xff, 0xff, 0xff,
    0xb6, 0x00, 0x00, 0x41, 0xfe, 0xff, 0xff, 0xb1, 0x1b, 0x1f, 0xc0, 0xff, 0xff, 0xfb, 0x36, 0x00,
    0x00, 0x00, 0x63, 0xfb, 0xff, 0xff, 0xff, 0xff, 0xff, 0xff, 0xf6, 0x58, 0x00, 0x00, 0x00, 0x00,
    0x00, 0x27, 0x99, 0xdc, 0xf7, 0xf5, 0xd6, 0x91, 0x22, 0x00, 0x00, 0x00, 0x88, 0xff, 0xff, 0xff,
    0xff, 0xff, 0xff, 0xff, 0xff, 0xff, 0xff, 0xff, 0x90, 0x88, 0xff, 0xff, 0xff, 0xff, 0xff, 0xff,
    0xff, 0xff, 0xff, 0xff, 0xff, 0x90, 0x00, 0x00, 0x00, 0x00, 0x00, 0x00, 0x00, 0x0e, 0xf3, 0xff,
    0xff, 0xff, 0x75, 0x00, 0x00, 0x00, 0x00, 0x00, 0x00, 0x00, 0x6f, 0xff, 0xff, 0xff, 0xf4, 0x12,
    0x00, 0x00, 0x00, 0x00, 0x00, 0x00, 0x01, 0xd9, 0xff, 0xff, 0xff, 0x91, 0x00, 0x00, 0x00, 0x00,
    0x00, 0x00, 0x00, 0x47, 0xff, 0xff, 0xff, 0xfc, 0x20, 0x00, 0x00, 0x00, 0x00, 0x00, 0x00, 0x00,
    0xb4, 0xff, 0xff, 0xff, 0xa7, 0x00, 0x00, 0x00, 0x00, 0x00, 0x00, 0x00, 0x21, 0xfd, 0xff, 0xff,
    0xff, 0x33, 0x00, 0x00, 0x00, 0x00, 0x00, 0x00, 0x00, 0x8c, 0xff, 0xff, 0xff, 0xbd, 0x00, 0x00,
    0x00, 0x00, 0x00, 0x00, 0x00, 0x0a, 0xee, 0xff, 0xff, 0xff, 0x48, 0x00, 0x00, 0x00, 0x00, 0x00,
    0x00, 0x00, 0x65, 0xff, 0xff, 0xff, 0xd2, 0x00, 0x00, 0x00, 0x00, 0x00, 0x00, 0x00, 0x00, 0xd0,
    0xff, 0xff, 0xff, 0x5e, 0x00, 0x00, 0x00, 0x00, 0x00, 0x00, 0x00, 0x3d, 0xff, 0xff, 0xff, 0xe4,
    0x05, 0x00, 0x00, 0x00, 0x00, 0x00, 0x00, 0x00, 0xaa, 0xff, 0xff, 0xff, 0x74, 0x00, 0x00, 0x00,
    0x00, 0x00, 0x00, 0x00, 0x1a, 0xfb, 0xff, 0xff, 0xf1, 0x0e, 0x00, 0x00, 0x00, 0x00, 0x00, 0x00,
    0x00, 0x82, 0xff, 0xff, 0xff, 0x8a, 0x00, 0x00, 0x00, 0x00, 0x00, 0x00, 0x00, 0x00, 0x1b, 0x87,
    0xcb, 0xef, 0xfc, 0xf4, 0xd9, 0xa1, 0x3c, 0x00, 0x00, 0x00, 0x41, 0xf3, 0xff, 0xff, 0xff, 0xff,
    0xff, 0xff, 0xff, 0xff, 0x83, 0x00, 0x04, 0xe5, 0xff, 0xff, 0xff, 0x68, 0x0d, 0x3a, 0xe8, 0xff,
    0xff, 0xff, 0x37, 0x37, 0xff, 0xff, 0xff, 0xc5, 0x00, 0x00, 0x00, 0x7c, 0xff, 0xff, 0xff, 0x82,
    0x41, 0xff, 0xff, 0xff, 0xa3, 0x00, 0x00, 0x00, 0x5c, 0xff, 0xff, 0xff, 0x8c, 0x17, 0xfb, 0xff,
    0xff, 0xc4, 0x00, 0x00, 0x00, 0x7d, 0xff, 0xff, 0xff, 0x5d, 0x00, 0x8c, 0xff, 0xff, 0xff, 0x65,
    0x0c, 0x39, 0xe8, 0xff, 0xff, 0xce, 0x05, 0x00, 0x00, 0x6a, 0xe1, 0xff, 0xff, 0xff, 0xff, 0xff,
    0xf5, 0x91, 0x0e, 0x00, 0x00, 0x14, 0x9c, 0xf3, 0xff, 0xff, 0xff, 0xff, 0xff, 0xfd, 0xb9, 0x34,
    0x00, 0x0e, 0xe0, 0xff, 0xff, 0xea, 0x48, 0x0b, 0x28, 0xc1, 0xff, 0xff, 0xf8, 0x39, 0x74, 0xff,
    0xff, 0xff, 0x70, 0x00, 0x00, 0x00, 0x26, 0xff, 0xff, 0xff, 0xbb, 0x9e, 0xff, 0xff, 0xff, 0x49,
    0x00, 0x00, 0x00, 0x03, 0xfe, 0xff, 0xff, 0xe6, 0x8e, 0xff, 0xff, 0xff, 0x6f, 0x00, 0x00, 0x00,
    0x26, 0xff, 0xff, 0xff, 0xd5, 0x3a, 0xff, 0xff, 0xff, 0xe9, 0x46, 0x0a, 0x28, 0xc0, 0xff, 0xff,
    0xff, 0x81, 0x00, 0x7c, 0xfe, 0xff, 0xff, 0xff, 0xff, 0xff, 0xff, 0xff, 0xff, 0xb9, 0x08, 0x00,
    0x00, 0x33, 0x97, 0xd2, 0xf2, 0xfd, 0xf6, 0xde, 0xac, 0x55, 0x01, 0x00, 0x00, 0x00, 0x0e, 0x77,
    0xc7, 0xef, 0xf9, 0xe4, 0xaa, 0x44, 0x00, 0x00, 0x00, 0x00, 0x2b, 0xdf, 0xff, 0xff, 0xff, 0xff,
    0xff, 0xff, 0xff, 0x96, 0x02, 0x00, 0x0c, 0xe1, 0xff, 0xff, 0xe8, 0x3c, 0x11, 0x7d, 0xff, 0xff,
    0xff, 0x7d, 0x00, 0x73, 0xff, 0xff, 0xff, 0x71, 0x00, 0x00, 0x00, 0xd5, 0xff, 0xff, 0xf9, 0x17,
    0xbb, 0xff, 0xff, 0xff, 0x36, 0x00, 0x00, 0x00, 0x9b, 0xff, 0xff, 0xff, 0x73, 0xd5, 0xff, 0xff,
    0xff, 0x25, 0x00, 0x00, 0x00, 0x8a, 0xff, 0xff, 0xff, 0xae, 0xcb, 0xff, 0xff, 0xff, 0x36, 0x00,
    0x00, 0x00, 0x9b, 0xff, 0xff, 0xff, 0xd3, 0x97, 0xff, 0xff, 0xff, 0x6f, 0x00, 0x00, 0x00, 0xd3,
    0xff, 0xff, 0xff, 0xe2, 0x2c, 0xfb, 0xff, 0xff, 0xe7, 0x3b, 0x10, 0x7a, 0xff, 0xff, 0xff, 0xff,
    0xdb, 0x00, 0x62, 0xfb, 0xff, 0xff, 0xff, 0xff, 0xff, 0xff, 0xff, 0xff, 0xff, 0xc5, 0x00, 0x00,
    0x32, 0xa6, 0xe5, 0xfa, 0xe8, 0xc0, 0x7d, 0xff, 0xff, 0xff, 0x91, 0x00, 0x00, 0x00, 0x00, 0x00,
    0x00, 0x00, 0x00, 0x59, 0xff, 0xff, 0xff, 0x44, 0x00, 0x00, 0x00, 0x00, 0x00, 0x00, 0x00, 0x08,
    0xd6, 0xff, 0xff, 0xcc, 0x00, 0x00, 0xab, 0x7c, 0x31, 0x0d, 0x16, 0x49, 0xcc, 0xff, 0xff, 0xf3,
    0x29, 0x00, 0x00, 0xcc, 0xff, 0xff, 0xff, 0xff, 0xff, 0xff, 0xff, 0xe2, 0x33, 0x00, 0x00, 0x00,
    0x1e, 0x7c, 0xc7, 0xe6, 0xfa, 0xe9, 0xbc, 0x6d, 0x09, 0x00, 0x00, 0x00, 0x8c, 0xff, 0xff, 0xff,
    0x58, 0x8c, 0xff, 0xff, 0xff, 0x58, 0x8c, 0xff, 0xff, 0xff, 0x58, 0x8c, 0xff, 0xff, 0xff, 0x58,
    0x00, 0x00, 0x00, 0x00, 0x00, 0x00, 0x00, 0x00, 0x00, 0x00, 0x00, 0x00, 0x00, 0x00, 0x00, 0x00,
    0x00, 0x00, 0x00, 0x00, 0x8c, 0xff, 0xff, 0xff, 0x58, 0x8c, 0xff, 0xff, 0xff, 0x58, 0x8c, 0xff,
    0xff, 0xff, 0x58, 0x8c, 0xff, 0xff, 0xff, 0x58, 0x00, 0x8c, 0xff, 0xff, 0xff, 0x58, 0x00, 0x8c,
    0xff, 0xff, 0xff, 0x58, 0x00, 0x8c, 0xff, 0xff, 0xff, 0x58, 0x00, 0x8c, 0xff, 0xff, 0xff, 0x58,
    0x00, 0x00, 0x00, 0x00, 0x00, 0x00, 0x00, 0x00, 0x00, 0x00, 0x00, 0x00, 0x00, 0x00, 0x00, 0x00,
    0x00, 0x00, 0x00, 0x00, 0x00, 0x00, 0x00, 0x00, 0x00, 0x8c, 0xff, 0xff, 0xff, 0x58, 0x00, 0x8c,
    0xff, 0xff, 0xff, 0x58, 0x00, 0x8c, 0xff, 0xff, 0xff, 0x58, 0x00, 0xa5, 0xff, 0xff, 0xf5, 0x23,
    0x01, 0xe9, 0xff, 0xff, 0x68, 0x00, 0x32, 0xff, 0xff, 0xb5, 0x00, 0x00, 0x79, 0xff, 0xec, 0x18,
    0x00, 0x00, 0x00, 0x00, 0x00, 0x00, 0x00, 0x00, 0x00, 0x00, 0x00, 0x00, 0x00, 0x1a, 0x70, 0xc9,
    0x1b, 0x00, 0x00, 0x00, 0x00, 0x00, 0x00, 0x00, 0x00, 0x13, 0x66, 0xbf, 0xfd, 0xff, 0xff, 0x1c,
    0x00, 0x00, 0x00, 0x00, 0x00, 0x0c, 0x5b, 0xb4, 0xfa, 0xff, 0xff, 0xff, 0xfe, 0xc8, 0x10, 0x00,
    0x00, 0x07, 0x51, 0xaa, 0xf6, 0xff, 0xff, 0xff, 0xfe, 0xc7, 0x72, 0x1e, 0x00, 0x00, 0x39, 0x9f,
    0xf0, 0xff, 0xff, 0xff, 0xfe, 0xc5, 0x71, 0x1d, 0x00, 0x00, 0x00, 0x00, 0x00, 0xac, 0xff, 0xff,
    0xfe, 0xc4, 0x6f, 0x1b, 0x00, 0x00, 0x00, 0x00, 0x00, 0x00, 0x00, 0x00, 0xac, 0xff, 0xff, 0xfc,
    0xbc, 0x68, 0x17, 0x00, 0x00, 0x00, 0x00, 0x00, 0x00, 0x00, 0x00, 0x39, 0xa0, 0xf1, 0xff, 0xff,
    0xff, 0xfd, 0xc0, 0x6c, 0x19, 0x00, 0x00, 0x00, 0x00, 0x00, 0x00, 0x00, 0x08, 0x52, 0xab, 0xf6,
    0xff, 0xff, 0xff, 0xfd, 0xc3, 0x6f, 0x1c, 0x00, 0x00, 0x00, 0x00, 0x00, 0x00, 0x00, 0x0c, 0x5c,
    0xb5, 0xfa, 0xff, 0xff, 0xff, 0xfe, 0xc7, 0x10, 0x00, 0x00, 0x00, 0x00, 0x00, 0x00, 0x00, 0x00,
    0x13, 0x67, 0xc0, 0xfd, 0xff, 0xff, 0x1c, 0x00, 0x00, 0x00, 0x00, 0x00, 0x00, 0x00, 0x00, 0x00,
    0x00, 0x00, 0x1a, 0x71, 0xca, 0x1b, 0xac, 0xff, 0xff, 0xff, 0xff, 0xff, 0xff, 0xff, 0xff, 0xff,
    0xff, 0xff, 0xff, 0xff, 0x1c, 0xac, 0xff, 0xff, 0xff, 0xff, 0xff, 0xff, 0xff, 0xff, 0xff, 0xff,
    0xff, 0xff, 0xff, 0x1c, 0xac, 0xff, 0xff, 0xff, 0xff, 0xff, 0xff, 0xff, 0xff, 0xff, 0xff, 0xff,
    0xff, 0xff, 0x1c, 0x00, 0x00, 0x00, 0x00, 0x00, 0x00, 0x00, 0x00, 0x00, 0x00, 0x00, 0x00, 0x00,
    0x00, 0x00, 0x00, 0x00, 0x00, 0x00, 0x00, 0x00, 0x00, 0x00, 0x00, 0x00, 0x00, 0x00, 0x00, 0x00,
    0x00, 0xac, 0xff, 0xff, 0xff, 0xff, 0xff, 0xff, 0xff, 0xff, 0xff, 0xff, 0xff, 0xff, 0xff, 0x1c,
    0xac, 0xff, 0xff, 0xff, 0xff, 0xff, 0xff, 0xff, 0xff, 0xff, 0xff, 0xff, 0xff, 0xff, 0x1c, 0xac,
    0xff, 0xff, 0xff, 0xff, 0xff, 0xff, 0xff, 0xff, 0xff, 0xff, 0xff, 0xff, 0xff, 0x1c, 0x97, 0x97,
    0x3e, 0x01, 0x00, 0x00, 0x00, 0x00, 0x00, 0x00, 0x00, 0x00, 0x00, 0x00, 0x00, 0xac, 0xff, 0xff,
    0xe3, 0x8d, 0x34, 0x00, 0x00, 0x00, 0x00, 0x00, 0x00, 0x00, 0x00, 0x00, 0x76, 0xf0, 0xff, 0xff,
    0xff, 0xff, 0xdb, 0x82, 0x29, 0x00, 0x00, 0x00, 0x00, 0x00, 0x00, 0x00, 0x06, 0x4c, 0xa1, 0xef,
    0xff, 0xff, 0xff, 0xff, 0xd0, 0x78, 0x20, 0x00, 0x00, 0x00, 0x00, 0x00, 0x00, 0x00, 0x06, 0x4b,
    0xa0, 0xee, 0xff, 0xff, 0xff, 0xff, 0xc6, 0x6d, 0x06, 0x00, 0x00, 0x00, 0x00, 0x00, 0x00, 0x00,
    0x05, 0x49, 0x9e, 0xee, 0xff, 0xff, 0xff, 0x1c, 0x00, 0x00, 0x00, 0x00, 0x00, 0x00, 0x00, 0x03,
    0x42, 0x96, 0xe8, 0xff, 0xff, 0xff, 0x1c, 0x00, 0x00, 0x00, 0x00, 0x04, 0x46, 0x9a, 0xea, 0xff,
    0xff, 0xff, 0xff, 0xc7, 0x6e, 0x06, 0x00, 0x06, 0x4a, 0x9e, 0xed, 0xff, 0xff, 0xff, 0xff, 0xd1,
    0x79, 0x20, 0x00, 0x00, 0x00, 0x76, 0xf0, 0xff, 0xff, 0xff, 0xff, 0xdb, 0x83, 0x2a, 0x00, 0x00,
    0x00, 0x00, 0x00, 0x00, 0xac, 0xff, 0xff, 0xe4, 0x8e, 0x35, 0x00, 0x00, 0x00, 0x00, 0x00, 0x00,
    0x00, 0x00, 0x00, 0x98, 0x98, 0x3f, 0x01, 0x00, 0x00, 0x00, 0x00, 0x00, 0x00, 0x00, 0x00, 0x00,
    0x00, 0x00, 0x0a, 0x59, 0xa4, 0xd2, 0xf1, 0xf9, 0xe3, 0xb0, 0x4f, 0x00, 0x00, 0x7c, 0xff, 0xff,
    0xff, 0xff, 0xff, 0xff, 0xff, 0xff, 0x8d, 0x00, 0x71, 0xa6, 0x4e, 0x22, 0x08, 0x34, 0xe3, 0xff,
    0xff, 0xff, 0x22, 0x00, 0x00, 0x00, 0x00, 0x00, 0x00, 0x97, 0xff, 0xff, 0xff, 0x4c, 0x00, 0x00,
    0x00, 0x00, 0x00, 0x11, 0xe2, 0xff, 0xff, 0xff, 0x2e, 0x00, 0x00, 0x00, 0x00, 0x15, 0xd0, 0xff,
    0xff, 0xff, 0xb4, 0x00, 0x00, 0x00, 0x00, 0x11, 0xd2, 0xff, 0xff, 0xff, 0xbf, 0x0d, 0x00, 0x00,
    0x00, 0x00, 0xb0, 0xff, 0xff, 0xff, 0xb6, 0x08, 0x00, 0x00, 0x00, 0x00, 0x20, 0xff, 0xff, 0xff,
    0xe1, 0x0a, 0x00, 0x00, 0x00, 0x00, 0x00, 0x41, 0xff, 0xff, 0xff, 0xa3, 0x00, 0x00, 0x00, 0x00,
    0x00, 0x00, 0x00, 0x00, 0x00, 0x00, 0x00, 0x00, 0x00, 0x00, 0x00, 0x00, 0x00, 0x00, 0x00, 0x00,
    0x00, 0x00, 0x00, 0x00, 0x00, 0x00, 0x00, 0x00, 0x44, 0xff, 0xff, 0xff, 0x9c, 0x00, 0x00, 0x00,
    0x00, 0x00, 0x00, 0x44, 0xff, 0xff, 0xff, 0x9c, 0x00, 0x00, 0x00, 0x00, 0x00, 0x00, 0x44, 0xff,
    0xff, 0xff, 0x9c, 0x00, 0x00, 0x00, 0x00, 0x00, 0x00, 0x44, 0xff, 0xff, 0xff, 0x9c, 0x00, 0x00,
    0x00, 0x00, 0x00, 0x00, 0x00, 0x00, 0x00, 0x01, 0x48, 0x98, 0xd6, 0xf0, 0xf6, 0xde, 0xbc, 0x6f,
    0x1b, 0x00, 0x00, 0x00, 0x00, 0x00, 0x00, 0x00, 0x00, 0x00, 0x3c, 0xcd, 0xff, 0xff, 0xff, 0xff,
    0xff, 0xff, 0xff, 0xff, 0xf9, 0x86, 0x0b, 0x00, 0x00, 0x00, 0x00, 0x00, 0x00, 0x6c, 0xfb, 0xff,
    0xdf, 0x7a, 0x35, 0x0e, 0x07, 0x1e, 0x51, 0xa6, 0xfd, 0xff, 0xcb, 0x11, 0x00, 0x00, 0x00, 0x00,
    0x5d, 0xff, 0xff, 0x89, 0x06, 0x00, 0x00, 0x00, 0x00, 0x00, 0x00, 0x00, 0x31, 0xd8, 0xff, 0xcb,
    0x06, 0x00, 0x00, 0x22, 0xf8, 0xff, 0x6a, 0x00, 0x00, 0x00, 0x00, 0x00, 0x00, 0x00, 0x00, 0x00,
    0x00, 0x17, 0xd9, 0xff, 0x7c, 0x00, 0x00, 0xa6, 0xff, 0xa8, 0x00, 0x00, 0x00, 0x6d, 0xd7, 0xf9,
    0xdc, 0x62, 0xac, 0xff, 0x94, 0x00, 0x3a, 0xff, 0xeb, 0x05, 0x0e, 0xfa, 0xfe, 0x21, 0x00, 0x00,
    0x8d, 0xff, 0xff, 0xff, 0xff, 0xff, 0xe4, 0xff, 0x94, 0x00, 0x00, 0xd0, 0xff, 0x3c, 0x51, 0xff,
    0xbf, 0x00, 0x00, 0x26, 0xfe, 0xff, 0xb3, 0x1a, 0x1a, 0xb1, 0xff, 0xff, 0x94, 0x00, 0x00, 0x9e,
    0xff, 0x62, 0x74, 0xff, 0x92, 0x00, 0x00, 0x6e, 0xff, 0xff, 0x19, 0x00, 0x00, 0x14, 0xfe, 0xff,
    0x94, 0x00, 0x00, 0x9c, 0xff, 0x67, 0x86, 0xff, 0x7a, 0x00, 0x00, 0x83, 0xff, 0xf4, 0x00, 0x00,
    0x00, 0x00, 0xed, 0xff, 0x94, 0x00, 0x00, 0xc4, 0xff, 0x4b, 0x74, 0xff, 0x8c, 0x00, 0x00, 0x6e,
    0xff, 0xff, 0x19, 0x00, 0x00, 0x15, 0xfe, 0xff, 0x94, 0x00, 0x35, 0xff, 0xf6, 0x0d, 0x53, 0xff,
    0xbd, 0x00, 0x00, 0x26, 0xfe, 0xff, 0xb3, 0x1a, 0x19, 0xb0, 0xff, 0xff, 0x9b, 0x53, 0xea, 0xff,
    0x81, 0x00, 0x10, 0xfb, 0xfb, 0x19, 0x00, 0x00, 0x8d, 0xff, 0xff, 0xff, 0xff, 0xff, 0xe2, 0xff,
    0xff, 0xff, 0xff, 0x9c, 0x02, 0x00, 0x00, 0xad, 0xff, 0x9c, 0x00, 0x00, 0x00, 0x6d, 0xd7, 0xf9,
    0xdc, 0x61, 0xac, 0xfe, 0xe4, 0xa9, 0x43, 0x00, 0x00, 0x00, 0x00, 0x29, 0xfb, 0xff, 0x60, 0x00,
    0x00, 0x00, 0x00, 0x00, 0x00, 0x00, 0x07, 0x02, 0x00, 0x00, 0x00, 0x00, 0x00, 0x00, 0x00, 0x00,
    0x69, 0xff, 0xfd, 0x7d, 0x04, 0x00, 0x00, 0x00, 0x00, 0x00, 0x00, 0x04, 0x7f, 0x71, 0x00, 0x00,
    0x00, 0x00, 0x00, 0x00, 0x00, 0x78, 0xfd, 0xff, 0xdc, 0x73, 0x2d, 0x0d, 0x09, 0x29, 0x6f, 0xdb,
    0xff, 0xf4, 0x18, 0x00, 0x00, 0x00, 0x00, 0x00, 0x00, 0x00, 0x45, 0xd6, 0xff, 0xff, 0xff, 0xff,
    0xff, 0xff, 0xff, 0xff, 0xe9, 0x61, 0x00, 0x00, 0x00, 0x00, 0x00, 0x00, 0x00, 0x00, 0x00, 0x02,
    0x52, 0xa0, 0xd9, 0xf1, 0xf8, 0xe1, 0xad, 0x61, 0x08, 0x00, 0x00, 0x00, 0x00, 0x00, 0x00, 0x00,
    0x00, 0x00, 0x00, 0x24, 0xff, 0xff, 0xff, 0xff, 0xff, 0x2b, 0x00, 0x00, 0x00, 0x00, 0x00, 0x00,
    0x00, 0x00, 0x00, 0x00, 0x83, 0xff, 0xff, 0xff, 0xff, 0xff, 0x89, 0x00, 0x00, 0x00, 0x00, 0x00,
    0x00, 0x00, 0x00, 0x00, 0x01, 0xe0, 0xff, 0xff, 0xff, 0xff, 0xff, 0xe5, 0x03, 0x00, 0x00, 0x00,
    0x00, 0x00, 0x00, 0x00, 0x00, 0x41, 0xff, 0xff, 0xff, 0xf8, 0xff, 0xff, 0xff, 0x47, 0x00, 0x00,
    0x00, 0x00, 0x00, 0x00, 0x00, 0x00, 0xa0, 0xff, 0xff, 0xff, 0x71, 0xff, 0xff, 0xff, 0xa6, 0x00,
    0x00, 0x00, 0x00, 0x00, 0x00, 0x00, 0x0b, 0xf3, 0xff, 0xff, 0xe1, 0x01, 0xdb, 0xff, 0xff, 0xf6,
    0x0f, 0x00, 0x00, 0x00, 0x00, 0x00, 0x00, 0x5e, 0xff, 0xff, 0xff, 0x89, 0x00, 0x83, 0xff, 0xff,
    0xff, 0x64, 0x00, 0x00, 0x00, 0x00, 0x00, 0x00, 0xbd, 0xff, 0xff, 0xff, 0x2f, 0x00, 0x2a, 0xff,
    0xff, 0xff, 0xc3, 0x00, 0x00, 0x00, 0x00, 0x00, 0x1d, 0xfd, 0xff, 0xff, 0xd6, 0x00, 0x00, 0x00,
    0xd1, 0xff, 0xff, 0xff, 0x23, 0x00, 0x00, 0x00, 0x00, 0x7b, 0xff, 0xff, 0xff, 0x7c, 0x00, 0x00,
    0x00, 0x78, 0xff, 0xff, 0xff, 0x81, 0x00, 0x00, 0x00, 0x00, 0xd9, 0xff, 0xff, 0xff, 0xff, 0xff,
    0xff, 0xff, 0xff, 0xff, 0xff, 0xff, 0xdf, 0x01, 0x00, 0x00, 0x39, 0xff, 0xff, 0xff, 0xff, 0xff,
    0xff, 0xff, 0xff, 0xff, 0xff, 0xff, 0xff, 0xff, 0x3f, 0x00, 0x00, 0x98, 0xff, 0xff, 0xff, 0x26,
    0x00, 0x00, 0x00, 0x00, 0x00, 0x20, 0xff, 0xff, 0xff, 0x9e, 0x00, 0x07, 0xef, 0xff, 0xff, 0xe5,
    0x00, 0x00, 0x00, 0x00, 0x00, 0x00, 0x00, 0xdf, 0xff, 0xff, 0xf3, 0x0a, 0x56, 0xff, 0xff, 0xff,
    0xa4, 0x00, 0x00, 0x00, 0x00, 0x00, 0x00, 0x00, 0x9e, 0xff, 0xff, 0xff, 0x5c, 0xb5, 0xff, 0xff,
    0xff, 0x64, 0x00, 0x00, 0x00, 0x00, 0x00, 0x00, 0x00, 0x5d, 0xff, 0xff, 0xff, 0xbc, 0xfc, 0xff,
    0xff, 0xff, 0xff, 0xff, 0xfc, 0xf0, 0xd2, 0x9b, 0x38, 0x00, 0x00, 0x00, 0xfc, 0xff, 0xff, 0xff,
    0xff, 0xff, 0xff, 0xff, 0xff, 0xff, 0xff, 0x7d, 0x00, 0x00, 0xfc, 0xff, 0xff, 0xff, 0x28, 0x00,
    0x07, 0x58, 0xfd, 0xff, 0xff, 0xfe, 0x2c, 0x00, 0xfc, 0xff, 0xff, 0xff, 0x28, 0x00, 0x00, 0x00,
    0xb7, 0xff, 0xff, 0xff, 0x75, 0x00, 0xfc, 0xff, 0xff, 0xff, 0x28, 0x00, 0x00, 0x00, 0x98, 0xff,
    0xff, 0xff, 0x89, 0x00, 0xfc, 0xff, 0xff, 0xff, 0x28, 0x00, 0x00, 0x00, 0xb6, 0xff, 0xff, 0xff,
    0x6c, 0x00, 0xfc, 0xff, 0xff, 0xff, 0x28, 0x00, 0x07, 0x56, 0xfd, 0xff, 0xff, 0xf0, 0x16, 0x00,
    0xfc, 0xff, 0xff, 0xff, 0xff, 0xff, 0xff, 0xff, 0xff, 0xff, 0xda, 0x37, 0x00, 0x00, 0xfc, 0xff,
    0xff, 0xff, 0xff, 0xff, 0xff, 0xff, 0xff, 0xff, 0xf9, 0x99, 0x06, 0x00, 0xfc, 0xff, 0xff, 0xff,
    0x28, 0x00, 0x03, 0x27, 0xb7, 0xff, 0xff, 0xff, 0x9a, 0x00, 0xfc, 0xff, 0xff, 0xff, 0x28, 0x00,
    0x00, 0x00, 0x16, 0xff, 0xff, 0xff, 0xfb, 0x0d, 0xfc, 0xff, 0xff, 0xff, 0x28, 0x00, 0x00, 0x00,
    0x00, 0xf1, 0xff, 0xff, 0xff, 0x2e, 0xfc, 0xff, 0xff, 0xff, 0x28, 0x00, 0x00, 0x00, 0x18, 0xff,
    0xff, 0xff, 0xff, 0x20, 0xfc, 0xff, 0xff, 0xff, 0x28, 0x00, 0x03, 0x27, 0xb9, 0xff, 0xff, 0xff,
    0xd1, 0x00, 0xfc, 0xff, 0xff, 0xff, 0xff, 0xff, 0xff, 0xff, 0xff, 0xff, 0xff, 0xea, 0x31, 0x00,
    0xfc, 0xff, 0xff, 0xff, 0xff, 0xff, 0xff, 0xf9, 0xe8, 0xc0, 0x78, 0x11, 0x00, 0x00, 0x00, 0x00,
    0x00, 0x00, 0x26, 0x87, 0xc5, 0xe8, 0xf9, 0xf1, 0xdd, 0xbf, 0x82, 0x37, 0x00, 0x00, 0x0b, 0x9d,
    0xfe, 0xff, 0xff, 0xff, 0xff, 0xff, 0xff, 0xff, 0xff, 0xbc, 0x00, 0x0d, 0xce, 0xff, 0xff, 0xff,
    0xcb, 0x4a, 0x10, 0x0a, 0x30, 0x87, 0xf4, 0xbc, 0x00, 0xa9, 0xff, 0xff, 0xff, 0xbe, 0x07, 0x00,
    0x00, 0x00, 0x00, 0x00, 0x1e, 0x86, 0x34, 0xff, 0xff, 0xff, 0xfb, 0x1f, 0x00, 0x00, 0x00, 0x00,
    0x00, 0x00, 0x00, 0x00, 0x8d, 0xff, 0xff, 0xff, 0xb6, 0x00, 0x00, 0x00, 0x00, 0x00, 0x00, 0x00,
    0x00, 0x00, 0xc6, 0xff, 0xff, 0xff, 0x7f, 0x00, 0x00, 0x00, 0x00, 0x00, 0x00, 0x00, 0x00, 0x00,
    0xdd, 0xff, 0xff, 0xff, 0x67, 0x00, 0x00, 0x00, 0x00, 0x00, 0x00, 0x00, 0x00, 0x00, 0xde, 0xff,
    0xff, 0xff, 0x67, 0x00, 0x00, 0x00, 0x00, 0x00, 0x00, 0x00, 0x00, 0x00, 0xc6, 0xff, 0xff, 0xff,
    0x7f, 0x00, 0x00, 0x00, 0x00, 0x00, 0x00, 0x00, 0x00, 0x00, 0x8d, 0xff, 0xff, 0xff, 0xb6, 0x00,
    0x00, 0x00, 0x00, 0x00, 0x00, 0x00, 0x00, 0x00, 0x35, 0xff, 0xff, 0xff, 0xfb, 0x1e, 0x00, 0x00,
    0x00, 0x00, 0x00, 0x00, 0x00, 0x00, 0x00, 0xa9, 0xff, 0xff, 0xff, 0xbc, 0x06, 0x00, 0x00, 0x00,
    0x00, 0x00, 0x1e, 0x86, 0x00, 0x0d, 0xce, 0xff, 0xff, 0xff, 0xc9, 0x49, 0x0e, 0x09, 0x2f, 0x86,
    0xf4, 0xbc, 0x00, 0x00, 0x0b, 0x9e, 0xfe, 0xff, 0xff, 0xff, 0xff, 0xff, 0xff, 0xff, 0xff, 0xbc,
    0x00, 0x00, 0x00, 0x00, 0x27, 0x87, 0xc6, 0xea, 0xfa, 0xf2, 0xde, 0xc0, 0x84, 0x37, 0xfc, 0xff,
    0xff, 0xff, 0xfe, 0xf9, 0xef, 0xdd, 0xbc, 0x89, 0x2e, 0x00, 0x00, 0x00, 0x00, 0x00, 0xfc, 0xff,
    0xff, 0xff, 0xff, 0xff, 0xff, 0xff, 0xff, 0xff, 0xff, 0xb8, 0x19, 0x00, 0x00, 0x00, 0xfc, 0xff,
    0xff, 0xff, 0x28, 0x01, 0x12, 0x48, 0xb9, 0xff, 0xff, 0xff, 0xe8, 0x24, 0x00, 0x00, 0xfc, 0xff,
    0xff, 0xff, 0x28, 0x00, 0x00, 0x00, 0x00, 0x90, 0xff, 0xff, 0xff, 0xd7, 0x06, 0x00, 0xfc, 0xff,
    0xff, 0xff, 0x28, 0x00, 0x00, 0x00, 0x00, 0x05, 0xdc, 0xff, 0xff, 0xff, 0x69, 0x00, 0xfc, 0xff,
    0xff, 0xff, 0x28, 0x00, 0x00, 0x00, 0x00, 0x00, 0x7c, 0xff, 0xff, 0xff, 0xc2, 0x00, 0xfc, 0xff,
    0xff, 0xff, 0x28, 0x00, 0x00, 0x00, 0x00, 0x00, 0x46, 0xff, 0xff, 0xff, 0xf9, 0x01, 0xfc, 0xff,
    0xff, 0xff, 0x28, 0x00, 0x00, 0x00, 0x00, 0x00, 0x2f, 0xff, 0xff, 0xff, 0xff, 0x11, 0xfc, 0xff,
    0xff, 0xff, 0x28, 0x00, 0x00, 0x00, 0x00, 0x00, 0x31, 0xff, 0xff, 0xff, 0xff, 0x11, 0xfc, 0xff,
    0xff, 0xff, 0x28, 0x00, 0x00, 0x00, 0x00, 0x00, 0x47, 0xff, 0xff, 0xff, 0xf9, 0x01, 0xfc, 0xff,
    0xff, 0xff, 0x28, 0x00, 0x00, 0x00, 0x00, 0x00, 0x7e, 0xff, 0xff, 0xff, 0xc1, 0x00, 0xfc, 0xff,
    0xff, 0xff, 0x28, 0x00, 0x00, 0x00, 0x00, 0x06, 0xdd, 0xff, 0xff, 0xff, 0x69, 0x00, 0xfc, 0xff,
    0xff, 0xff, 0x28, 0x00, 0x00, 0x00, 0x00, 0x94, 0xff, 0xff, 0xff, 0xd7, 0x06, 0x00, 0xfc, 0xff,
    0xff, 0xff, 0x28, 0x01, 0x11, 0x48, 0xba, 0xff, 0xff, 0xff, 0xe8, 0x25, 0x00, 0x00, 0xfc, 0xff,
    0xff, 0xff, 0xff, 0xff, 0xff, 0xff, 0xff, 0xff, 0xff, 0xb7, 0x19, 0x00, 0x00, 0x00, 0xfc, 0xff,
    0xff, 0xff, 0xff, 0xfb, 0xf1, 0xde, 0xbe, 0x8b, 0x2f, 0x00, 0x00, 0x00, 0x00, 0x00, 0xfc, 0xff,
    0xff, 0xff, 0xff, 0xff, 0xff, 0xff, 0xff, 0xff, 0xff, 0x30, 0xfc, 0xff, 0xff, 0xff, 0xff, 0xff,
    0xff, 0xff, 0xff, 0xff, 0xff, 0x30, 0xfc, 0xff, 0xff, 0xff, 0x28, 0x00, 0x00, 0x00, 0x00, 0x00,
    0x00, 0x00, 0xfc, 0xff, 0xff, 0xff, 0x28, 0x00, 0x00, 0x00, 0x00, 0x00, 0x00, 0x00, 0xfc, 0xff,
    0xff, 0xff, 0x28, 0x00, 0x00, 0x00, 0x00, 0x00, 0x00, 0x00, 0xfc, 0xff, 0xff, 0xff, 0x28, 0x00,
    0x00, 0x00, 0x00, 0x00, 0x00, 0x00, 0xfc, 0xff, 0xff, 0xff, 0x28, 0x00, 0x00, 0x00, 0x00, 0x00,
    0x00, 0x00, 0xfc, 0xff, 0xff, 0xff, 0xff, 0xff, 0xff, 0xff, 0xff, 0xff, 0xc4, 0x00, 0xfc, 0xff,
    0xff, 0xff, 0xff, 0xff, 0xff, 0xff, 0xff, 0xff, 0xc4, 0x00, 0xfc, 0xff, 0xff, 0xff, 0x28, 0x00,
    0x00, 0x00, 0x00, 0x00, 0x00, 0x00, 0xfc, 0xff, 0xff, 0xff, 0x28, 0x00, 0x00, 0x00, 0x00, 0x00,
    0x00, 0x00, 0xfc, 0xff, 0xff, 0xff, 0x28, 0x00, 0x00, 0x00, 0x00, 0x00, 0x00, 0x00, 0xfc, 0xff,
    0xff, 0xff, 0x28, 0x00, 0x00, 0x00, 0x00, 0x00, 0x00, 0x00, 0xfc, 0xff, 0xff, 0xff, 0x28, 0x00,
    0x00, 0x00, 0x00, 0x00, 0x00, 0x00, 0xfc, 0xff, 0xff, 0xff, 0xff, 0xff, 0xff, 0xff, 0xff, 0xff,
    0xff, 0x6c, 0xfc, 0xff, 0xff, 0xff, 0xff, 0xff, 0xff, 0xff, 0xff, 0xff, 0xff, 0x6c, 0xfc, 0xff,
    0xff, 0xff, 0xff, 0xff, 0xff, 0xff, 0xff, 0xff, 0xff, 0x30, 0xfc, 0xff, 0xff, 0xff, 0xff, 0xff,
    0xff, 0xff, 0xff, 0xff, 0xff, 0x30, 0xfc, 0xff, 0xff, 0xff, 0x28, 0x00, 0x00, 0x00, 0x00, 0x00,
    0x00, 0x00, 0xfc, 0xff, 0xff, 0xff, 0x28, 0x00, 0x00, 0x00, 0x00, 0x00, 0x00, 0x00, 0xfc, 0xff,
    0xff, 0xff, 0x28, 0x00, 0x00, 0x00, 0x00, 0x00, 0x00, 0x00, 0xfc, 0xff, 0xff, 0xff, 0x28, 0x00,
    0x00, 0x00, 0x00, 0x00, 0x00, 0x00, 0xfc, 0xff, 0xff, 0xff, 0x28, 0x00, 0x00, 0x00, 0x00, 0x00,
    0x00, 0x00, 0xfc, 0xff, 0xff, 0xff, 0xff, 0xff, 0xff, 0xff, 0xff, 0xff, 0xc4, 0x00, 0xfc, 0xff,
    0xff, 0xff, 0xff, 0xff, 0xff, 0xff, 0xff, 0xff, 0xc4, 0x00, 0xfc, 0xff, 0xff, 0xff, 0x28, 0x00,
    0x00, 0x00, 0x00, 0x00, 0x00, 0x00, 0xfc, 0xff, 0xff, 0xff, 0x28, 0x00, 0x00, 0x00, 0x00, 0x00,
    0x00, 0x00, 0xfc, 0xff, 0xff, 0xff, 0x28, 0x00, 0x00, 0x00, 0x00, 0x00, 0x00, 0x00, 0xfc, 0xff,
    0xff, 0xff, 0x28, 0x00, 0x00, 0x00, 0x00, 0x00, 0x00, 0x00, 0xfc, 0xff, 0xff, 0xff, 0x28, 0x00,
    0x00, 0x00, 0x00, 0x00, 0x00, 0x00, 0xfc, 0xff, 0xff, 0xff, 0x28, 0x00, 0x00, 0x00, 0x00, 0x00,
    0x00, 0x00, 0xfc, 0xff, 0xff, 0xff, 0x28, 0x00, 0x00, 0x00, 0x00, 0x00, 0x00, 0x00, 0x00, 0x00,
    0x00, 0x00, 0x20, 0x7f, 0xbc, 0xe4, 0xf6, 0xf7, 0xe6, 0xd5, 0xb4, 0x7d, 0x3f, 0x00, 0x00, 0x00,
    0x0a, 0x96, 0xfc, 0xff, 0xff, 0xff, 0xff, 0xff, 0xff, 0xff, 0xff, 0xff, 0xd8, 0x00, 0x00, 0x0c,
    0xcb, 0xff, 0xff, 0xff, 0xd7, 0x5b, 0x19, 0x06, 0x18, 0x50, 0xa8, 0xfc, 0xd8, 0x00, 0x00, 0xa8,
    0xff, 0xff, 0xff, 0xc3, 0x0b, 0x00, 0x00, 0x00, 0x00, 0x00, 0x00, 0x28, 0x9c, 0x00, 0x34, 0xff,
    0xff, 0xff, 0xfb, 0x21, 0x00, 0x00, 0x00, 0x00, 0x00, 0x00, 0x00, 0x00, 0x00, 0x00, 0x8c, 0xff,
    0xff, 0xff, 0xb6, 0x00, 0x00, 0x00, 0x00, 0x00, 0x00, 0x00, 0x00, 0x00, 0x00, 0x00, 0xc6, 0xff,
    0xff, 0xff, 0x7e, 0x00, 0x00, 0x00, 0x00, 0x00, 0x00, 0x00, 0x00, 0x00, 0x00, 0x00, 0xdd, 0xff,
    0xff, 0xff, 0x67, 0x00, 0x00, 0x00, 0x04, 0xff, 0xff, 0xff, 0xff, 0xff, 0xff, 0x70, 0xde, 0xff,
    0xff, 0xff, 0x66, 0x00, 0x00, 0x00, 0x04, 0xff, 0xff, 0xff, 0xff, 0xff, 0xff, 0x70, 0xc6, 0xff,
    0xff, 0xff, 0x7d, 0x00, 0x00, 0x00, 0x00, 0x00, 0x00, 0x7c, 0xff, 0xff, 0xff, 0x70, 0x8d, 0xff,
    0xff, 0xff, 0xb4, 0x00, 0x00, 0x00, 0x00, 0x00, 0x00, 0x7c, 0xff, 0xff, 0xff, 0x70, 0x35, 0xff,
    0xff, 0xff, 0xfa, 0x1c, 0x00, 0x00, 0x00, 0x00, 0x00, 0x7c, 0xff, 0xff, 0xff, 0x70, 0x00, 0xa9,
    0xff, 0xff, 0xff, 0xba, 0x07, 0x00, 0x00, 0x00, 0x00, 0x7c, 0xff, 0xff, 0xff, 0x70, 0x00, 0x0d,
    0xce, 0xff, 0xff, 0xff, 0xcd, 0x50, 0x13, 0x06, 0x23, 0xaf, 0xff, 0xff, 0xff, 0x70, 0x00, 0x00,
    0x0b, 0x9e, 0xfe, 0xff, 0xff, 0xff, 0xff, 0xff, 0xff, 0xff, 0xff, 0xff, 0xff, 0x70, 0x00, 0x00,
    0x00, 0x00, 0x27, 0x87, 0xc6, 0xea, 0xfa, 0xf3, 0xe0, 0xce, 0xae, 0x74, 0x38, 0x05, 0xfc, 0xff,
    0xff, 0xff, 0x28, 0x00, 0x00, 0x00, 0x00, 0x00, 0xc0, 0xff, 0xff, 0xff, 0x64, 0xfc, 0xff, 0xff,
    0xff, 0x28, 0x00, 0x00, 0x00, 0x00, 0x00, 0xc0, 0xff, 0xff, 0xff, 0x64, 0xfc, 0xff, 0xff, 0xff,
    0x28, 0x00, 0x00, 0x00, 0x00, 0x00, 0xc0, 0xff, 0xff, 0xff, 0x64, 0xfc, 0xff, 0xff, 0xff, 0x28,
    0x00, 0x00, 0x00, 0x00, 0x00, 0xc0, 0xff, 0xff, 0xff, 0x64, 0xfc, 0xff, 0xff, 0xff, 0x28, 0x00,
    0x00, 0x00, 0x00, 0x00, 0xc0, 0xff, 0xff, 0xff, 0x64, 0xfc, 0xff, 0xff, 0xff, 0x28, 0x00, 0x00,
    0x00, 0x00, 0x00, 0xc0, 0xff, 0xff, 0xff, 0x64, 0xfc, 0xff, 0xff, 0xff, 0x28, 0x00, 0x00, 0x00,
    0x00, 0x00, 0xc0, 0xff, 0xff, 0xff, 0x64, 0xfc, 0xff, 0xff, 0xff, 0xff, 0xff, 0xff, 0xff, 0xff,
    0xff, 0xff, 0xff, 0xff, 0xff, 0x64, 0xfc, 0xff, 0xff, 0xff, 0xff, 0xff, 0xff, 0xff, 0xff, 0xff,
    0xff, 0xff, 0xff, 0xff, 0x64, 0xfc, 0xff, 0xff, 0xff, 0x28, 0x00, 0x00, 0x00, 0x00, 0x00, 0xc0,
    0xff, 0xff, 0xff, 0x64, 0xfc, 0xff, 0xff, 0xff, 0x28, 0x00, 0x00, 0x00, 0x00, 0x00, 0xc0, 0xff,
    0xff, 0xff, 0x64, 0xfc, 0xff, 0xff, 0xff, 0x28, 0x00, 0x00, 0x00, 0x00, 0x00, 0xc0, 0xff, 0xff,
    0xff, 0x64, 0xfc, 0xff, 0xff, 0xff, 0x28, 0x00, 0x00, 0x00, 0x00, 0x00, 0xc0, 0xff, 0xff, 0xff,
    0x64, 0xfc, 0xff, 0xff, 0xff, 0x28, 0x00, 0x00, 0x00, 0x00, 0x00, 0xc0, 0xff, 0xff, 0xff, 0x64,
    0xfc, 0xff, 0xff, 0xff, 0x28, 0x00, 0x00, 0x00, 0x00, 0x00, 0xc0, 0xff, 0xff, 0xff, 0x64, 0xfc,
    0xff, 0xff, 0xff, 0x28, 0x00, 0x00, 0x00, 0x00, 0x00, 0xc0, 0xff, 0xff, 0xff, 0x64, 0xfc, 0xff,
    0xff, 0xff, 0x28, 0xfc, 0xff, 0xff, 0xff, 0x28, 0xfc, 0xff, 0xff, 0xff, 0x28, 0xfc, 0xff, 0xff,
    0xff, 0x28, 0xfc, 0xff, 0xff, 0xff, 0x28, 0xfc, 0xff, 0xff, 0xff, 0x28, 0xfc, 0xff, 0xff, 0xff,
    0x28, 0xfc, 0xff, 0xff, 0xff, 0x28, 0xfc, 0xff, 0xff, 0xff, 0x28, 0xfc, 0xff, 0xff, 0xff, 0x28,
    0xfc, 0xff, 0xff, 0xff, 0x28, 0xfc, 0xff, 0xff, 0xff, 0x28, 0xfc, 0xff, 0xff, 0xff, 0x28, 0xfc,
    0xff, 0xff, 0xff, 0x28, 0xfc, 0xff, 0xff, 0xff, 0x28, 0xfc, 0xff, 0xff, 0xff, 0x28, 0x00, 0x00,
    0x00, 0x00, 0xfc, 0xff, 0xff, 0xff, 0x28, 0x00, 0x00, 0x00, 0x00, 0xfc, 0xff, 0xff, 0xff, 0x28,
    0x00, 0x00, 0x00, 0x00, 0xfc, 0xff, 0xff, 0xff, 0x28, 0x00, 0x00, 0x00, 0x00, 0xfc, 0xff, 0xff,
    0xff, 0x28, 0x00, 0x00, 0x00, 0x00, 0xfc, 0xff, 0xff, 0xff, 0x28, 0x00, 0x00, 0x00, 0x00, 0xfc,
    0xff, 0xff, 0xff, 0x28, 0x00, 0x00, 0x00, 0x00, 0xfc, 0xff, 0xff, 0xff, 0x28, 0x00, 0x00, 0x00,
    0x00, 0xfc, 0xff, 0xff, 0xff, 0x28, 0x00, 0x00, 0x00, 0x00, 0xfc, 0xff, 0xff, 0xff, 0x28, 0x00,
    0x00, 0x00, 0x00, 0xfc, 0xff, 0xff, 0xff, 0x28, 0x00, 0x00, 0x00, 0x00, 0xfc, 0xff, 0xff, 0xff,
    0x28, 0x00, 0x00, 0x00, 0x00, 0xfc, 0xff, 0xff, 0xff, 0x28, 0x00, 0x00, 0x00, 0x00, 0xfc, 0xff,
    0xff, 0xff, 0x28, 0x00, 0x00, 0x00, 0x00, 0xfc, 0xff, 0xff, 0xff, 0x28, 0x00, 0x00, 0x00, 0x00,
    0xfc, 0xff, 0xff, 0xff, 0x28, 0x00, 0x00, 0x00, 0x0c, 0xff, 0xff, 0xff, 0xff, 0x1d, 0x00, 0x00,
    0x00, 0x45, 0xff, 0xff, 0xff, 0xf1, 0x04, 0x00, 0x07, 0x3d, 0xdb, 0xff, 0xff, 0xff, 0x92, 0x00,
    0x3c, 0xff, 0xff, 0xff, 0xff, 0xff, 0xbc, 0x0c, 0x00, 0x3c, 0xff, 0xf5, 0xdd, 0xab, 0x54, 0x01,
    0x00, 0x00, 0xfc, 0xff, 0xff, 0xff, 0x28, 0x00, 0x00, 0x00, 0x00, 0x64, 0xfe, 0xff, 0xff, 0xfe,
    0x6a, 0x00, 0xfc, 0xff, 0xff, 0xff, 0x28, 0x00, 0x00, 0x00, 0x69, 0xfe, 0xff, 0xff, 0xfe, 0x66,
    0x00, 0x00, 0xfc, 0xff, 0xff, 0xff, 0x28, 0x00, 0x00, 0x6e, 0xff, 0xff, 0xff, 0xfd, 0x62, 0x00,
    0x00, 0x00, 0xfc, 0xff, 0xff, 0xff, 0x28, 0x00, 0x73, 0xff, 0xff, 0xff, 0xfd, 0x5e, 0x00, 0x00,
    0x00, 0x00, 0xfc, 0xff, 0xff, 0xff, 0x28, 0x79, 0xff, 0xff, 0xff, 0xfc, 0x5a, 0x00, 0x00, 0x00,
    0x00, 0x00, 0xfc, 0xff, 0xff, 0xff, 0xa2, 0xff, 0xff, 0xff, 0xfb, 0x56, 0x00, 0x00, 0x00, 0x00,
    0x00, 0x00, 0xfc, 0xff, 0xff, 0xff, 0xff, 0xff, 0xff, 0xfa, 0x52, 0x00, 0x00, 0x00, 0x00, 0x00,
    0x00, 0x00, 0xfc, 0xff, 0xff, 0xff, 0xff, 0xff, 0xff, 0x76, 0x00, 0x00, 0x00, 0x00, 0x00, 0x00,
    0x00, 0x00, 0xfc, 0xff, 0xff, 0xff, 0xff, 0xff, 0xff, 0xee, 0x33, 0x00, 0x00, 0x00, 0x00, 0x00,
    0x00, 0x00, 0xfc, 0xff, 0xff, 0xff, 0xf4, 0xff, 0xff, 0xff, 0xef, 0x35, 0x00, 0x00, 0x00, 0x00,
    0x00, 0x00, 0xfc, 0xff, 0xff, 0xff, 0x4d, 0xe4, 0xff, 0xff, 0xff, 0xf0, 0x37, 0x00, 0x00, 0x00,
    0x00, 0x00, 0xfc, 0xff, 0xff, 0xff, 0x28, 0x23, 0xe2, 0xff, 0xff, 0xff, 0xf1, 0x39, 0x00, 0x00,
    0x00, 0x00, 0xfc, 0xff, 0xff, 0xff, 0x28, 0x00, 0x21, 0xe0, 0xff, 0xff, 0xff, 0xf2, 0x3b, 0x00,
    0x00, 0x00, 0xfc, 0xff, 0xff, 0xff, 0x28, 0x00, 0x00, 0x1f, 0xde, 0xff, 0xff, 0xff, 0xf3, 0x3d,
    0x00, 0x00, 0xfc, 0xff, 0xff, 0xff, 0x28, 0x00, 0x00, 0x00, 0x1d, 0xdc, 0xff, 0xff, 0xff, 0xf4,
    0x3f, 0x00, 0xfc, 0xff, 0xff, 0xff, 0x28, 0x00, 0x00, 0x00, 0x00, 0x1b, 0xda, 0xff, 0xff, 0xff,
    0xf5, 0x41, 0xfc, 0xff, 0xff, 0xff, 0x28, 0x00, 0x00, 0x00, 0x00, 0x00, 0x00, 0x00, 0xfc, 0xff,
    0xff, 0xff, 0x28, 0x00, 0x00, 0x00, 0x00, 0x00, 0x00, 0x00, 0xfc, 0xff, 0xff, 0xff, 0x28, 0x00,
    0x00, 0x00, 0x00, 0x00, 0x00, 0x00, 0xfc, 0xff, 0xff, 0xff, 0x28, 0x00, 0x00, 0x00, 0x00, 0x00,
    0x00, 0x00, 0xfc, 0xff, 0xff, 0xff, 0x28, 0x00, 0x00, 0x00, 0x00, 0x00, 0x00, 0x00, 0xfc, 0xff,
    0xff, 0xff, 0x28, 0x00, 0x00, 0x00, 0x00, 0x00, 0x00, 0x00, 0xfc, 0xff, 0xff, 0xff, 0x28, 0x00,
    0x00, 0x00, 0x00, 0x00, 0x00, 0x00, 0xfc, 0xff, 0xff, 0xff, 0x28, 0x00, 0x00, 0x00, 0x00, 0x00,
    0x00, 0x00, 0xfc, 0xff, 0xff, 0xff, 0x28, 0x00, 0x00, 0x00, 0x00, 0x00, 0x00, 0x00, 0xfc, 0xff,
    0xff, 0xff, 0x28, 0x00, 0x00, 0x00, 0x00, 0x00, 0x00, 0x00, 0xfc, 0xff, 0xff, 0xff, 0x28, 0x00,
    0x00, 0x00, 0x00, 0x00, 0x00, 0x00, 0xfc, 0xff, 0xff, 0xff, 0x28, 0x00, 0x00, 0x00, 0x00, 0x00,
    0x00, 0x00, 0xfc, 0xff, 0xff, 0xff, 0x28, 0x00, 0x00, 0x00, 0x00, 0x00, 0x00, 0x00, 0xfc, 0xff,
    0xff, 0xff, 0x28, 0x00, 0x00, 0x00, 0x00, 0x00, 0x00, 0x00, 0xfc, 0xff, 0xff, 0xff, 0xff, 0xff,
    0xff, 0xff, 0xff, 0xff, 0xff, 0x6c, 0xfc, 0xff, 0xff, 0xff, 0xff, 0xff, 0xff, 0xff, 0xff, 0xff,
    0xff, 0x6c, 0xfc, 0xff, 0xff, 0xff, 0xff, 0x7d, 0x00, 0x00, 0x00, 0x00, 0x00, 0x00, 0x9b, 0xff,
    0xff, 0xff, 0xff, 0xdc, 0xfc, 0xff, 0xff, 0xff, 0xff, 0xe5, 0x05, 0x00, 0x00, 0x00, 0x00, 0x11,
    0xf6, 0xff, 0xff, 0xff, 0xff, 0xdc, 0xfc, 0xff, 0xff, 0xff, 0xff, 0xff, 0x57, 0x00, 0x00, 0x00,
    0x00, 0x75, 0xff, 0xff, 0xff, 0xff, 0xff, 0xdc, 0xfc, 0xff, 0xff, 0xff, 0xff, 0xff, 0xc4, 0x00,
    0x00, 0x00, 0x02, 0xdf, 0xff, 0xff, 0xff, 0xff, 0xff, 0xdc, 0xfc, 0xff, 0xff, 0xf6, 0xf1, 0xff,
    0xff, 0x30, 0x00, 0x00, 0x4f, 0xff, 0xff, 0xe7, 0xff, 0xff, 0xff, 0xdc, 0xfc, 0xff, 0xff, 0xf0,
    0x90, 0xff, 0xff, 0x9d, 0x00, 0x00, 0xbd, 0xff, 0xff, 0x7f, 0xff, 0xff, 0xff, 0xdc, 0xfc, 0xff,
    0xff, 0xf0, 0x24, 0xfe, 0xff, 0xf7, 0x13, 0x2a, 0xff, 0xff, 0xf5, 0x1d, 0xff, 0xff, 0xff, 0xdc,
    0xfc, 0xff, 0xff, 0xf0, 0x00, 0xb5, 0xff, 0xff, 0x77, 0x97, 0xff, 0xff, 0x98, 0x0c, 0xff, 0xff,
    0xff, 0xdc, 0xfc, 0xff, 0xff, 0xf0, 0x00, 0x48, 0xff, 0xff, 0xe2, 0xf4, 0xff, 0xff, 0x2c, 0x0c,
    0xff, 0xff, 0xff, 0xdc, 0xfc, 0xff, 0xff, 0xf0, 0x00, 0x01, 0xd9, 0xff, 0xff, 0xff, 0xff, 0xbe,
    0x00, 0x0c, 0xff, 0xff, 0xff, 0xdc, 0xfc, 0xff, 0xff, 0xf0, 0x00, 0x00, 0x6d, 0xff, 0xff, 0xff,
    0xff, 0x50, 0x00, 0x0c, 0xff, 0xff, 0xff, 0xdc, 0xfc, 0xff, 0xff, 0xf0, 0x00, 0x00, 0x0d, 0xf2,
    0xff, 0xff, 0xe0, 0x03, 0x00, 0x0c, 0xff, 0xff, 0xff, 0xdc, 0xfc, 0xff, 0xff, 0xf0, 0x00, 0x00,
    0x00, 0x93, 0xff, 0xff, 0x76, 0x00, 0x00, 0x0c, 0xff, 0xff, 0xff, 0xdc, 0xfc, 0xff, 0xff, 0xf0,
    0x00, 0x00, 0x00, 0x00, 0x00, 0x00, 0x00, 0x00, 0x00, 0x0c, 0xff, 0xff, 0xff, 0xdc, 0xfc, 0xff,
    0xff, 0xf0, 0x00, 0x00, 0x00, 0x00, 0x00, 0x00, 0x00, 0x00, 0x00, 0x0c, 0xff, 0xff, 0xff, 0xdc,
    0xfc, 0xff, 0xff, 0xf0, 0x00, 0x00, 0x00, 0x00, 0x00, 0x00, 0x00, 0x00, 0x00, 0x0c, 0xff, 0xff,
    0xff, 0xdc, 0xfc, 0xff, 0xff, 0xff, 0xe0, 0x07, 0x00, 0x00, 0x00, 0x00, 0x88, 0xff, 0xff, 0xff,
    0x64, 0xfc, 0xff, 0xff, 0xff, 0xff, 0x70, 0x00, 0x00, 0x00, 0x00, 0x88, 0xff, 0xff, 0xff, 0x64,
    0xfc, 0xff, 0xff, 0xff, 0xff, 0xea, 0x0d, 0x00, 0x00, 0x00, 0x88, 0xff, 0xff, 0xff, 0x64, 0xfc,
    0xff, 0xff, 0xff, 0xff, 0xff, 0x80, 0x00, 0x00, 0x00, 0x88, 0xff, 0xff, 0xff, 0x64, 0xfc, 0xff,
    0xff, 0xff, 0xff, 0xff, 0xf2, 0x15, 0x00, 0x00, 0x88, 0xff, 0xff, 0xff, 0x64, 0xfc, 0xff, 0xff,
    0xf1, 0xce, 0xff, 0xff, 0x90, 0x00, 0x00, 0x88, 0xff, 0xff, 0xff, 0x64, 0xfc, 0xff, 0xff, 0xf0,
    0x48, 0xff, 0xff, 0xf8, 0x1f, 0x00, 0x88, 0xff, 0xff, 0xff, 0x64, 0xfc, 0xff, 0xff, 0xf0, 0x00,
    0xbf, 0xff, 0xff, 0xa0, 0x00, 0x88, 0xff, 0xff, 0xff, 0x64, 0xfc, 0xff, 0xff, 0xf0, 0x00, 0x38,
    0xff, 0xff, 0xfd, 0x2a, 0x88, 0xff, 0xff, 0xff, 0x64, 0xfc, 0xff, 0xff, 0xf0, 0x00, 0x00, 0xaf,
    0xff, 0xff, 0xb0, 0x88, 0xff, 0xff, 0xff, 0x64, 0xfc, 0xff, 0xff, 0xf0, 0x00, 0x00, 0x29, 0xfc,
    0xff, 0xff, 0xc0, 0xff, 0xff, 0xff, 0x64, 0xfc, 0xff, 0xff, 0xf0, 0x00, 0x00, 0x00, 0x9e, 0xff,
    0xff, 0xff, 0xff, 0xff, 0xff, 0x64, 0xfc, 0xff, 0xff, 0xf0, 0x00, 0x00, 0x00, 0x1d, 0xf8, 0xff,
    0xff, 0xff, 0xff, 0xff, 0x64, 0xfc, 0xff, 0xff, 0xf0, 0x00, 0x00, 0x00, 0x00, 0x8d, 0xff, 0xff,
    0xff, 0xff, 0xff, 0x64, 0xfc, 0xff, 0xff, 0xf0, 0x00, 0x00, 0x00, 0x00, 0x13, 0xf1, 0xff, 0xff,
    0xff, 0xff, 0x64, 0xfc, 0xff, 0xff, 0xf0, 0x00, 0x00, 0x00, 0x00, 0x00, 0x7c, 0xff, 0xff, 0xff,
    0xff, 0x64, 0x00, 0x00, 0x00, 0x00, 0x47, 0x9d, 0xd7, 0xf0, 0xfa, 0xea, 0xc8, 0x89, 0x25, 0x00,
    0x00, 0x00, 0x00, 0x00, 0x00, 0x1e, 0xc6, 0xff, 0xff, 0xff, 0xff, 0xff, 0xff, 0xff, 0xff, 0xfd,
    0x91, 0x05, 0x00, 0x00, 0x00, 0x1e, 0xe8, 0xff, 0xff, 0xfe, 0x88, 0x1f, 0x07, 0x34, 0xbb, 0xff,
    0xff, 0xff, 0xb3, 0x02, 0x00, 0x00, 0xc4, 0xff, 0xff, 0xff, 0x7f, 0x00, 0x00, 0x00, 0x00, 0x06,
    0xc9, 0xff, 0xff, 0xff, 0x74, 0x00, 0x44, 0xff, 0xff, 0xff, 0xec, 0x08, 0x00, 0x00, 0x00, 0x00,
    0x00, 0x43, 0xff, 0xff, 0xff, 0xeb, 0x08, 0x94, 0xff, 0xff, 0xff, 0xa4, 0x00, 0x00, 0x00, 0x00,
    0x00, 0x00, 0x02, 0xef, 0xff, 0xff, 0xff, 0x43, 0xc9, 0xff, 0xff, 0xff, 0x77, 0x00, 0x00, 0x00,
    0x00, 0x00, 0x00, 0x00, 0xc5, 0xff, 0xff, 0xff, 0x78, 0xde, 0xff, 0xff, 0xff, 0x65, 0x00, 0x00,
    0x00, 0x00, 0x00, 0x00, 0x00, 0xb2, 0xff, 0xff, 0xff, 0x8e, 0xdf, 0xff, 0xff, 0xff, 0x65, 0x00,
    0x00, 0x00, 0x00, 0x00, 0x00, 0x00, 0xb3, 0xff, 0xff, 0xff, 0x8d, 0xc9, 0xff, 0xff, 0xff, 0x77,
    0x00, 0x00, 0x00, 0x00, 0x00, 0x00, 0x00, 0xc5, 0xff, 0xff, 0xff, 0x78, 0x94, 0xff, 0xff, 0xff,
    0xa4, 0x00, 0x00, 0x00, 0x00, 0x00, 0x00, 0x02, 0xef, 0xff, 0xff, 0xff, 0x43, 0x44, 0xff, 0xff,
    0xff, 0xeb, 0x07, 0x00, 0x00, 0x00, 0x00, 0x00, 0x42, 0xff, 0xff, 0xff, 0xeb, 0x08, 0x00, 0xc4,
    0xff, 0xff, 0xff, 0x7c, 0x00, 0x00, 0x00, 0x00, 0x05, 0xc7, 0xff, 0xff, 0xff, 0x74, 0x00, 0x00,
    0x1e, 0xe8, 0xff, 0xff, 0xfd, 0x86, 0x1e, 0x07, 0x33, 0xba, 0xff, 0xff, 0xff, 0xb3, 0x02, 0x00,
    0x00, 0x00, 0x1f, 0xc6, 0xff, 0xff, 0xff, 0xff, 0xff, 0xff, 0xff, 0xff, 0xfd, 0x92, 0x05, 0x00,
    0x00, 0x00, 0x00, 0x00, 0x00, 0x47, 0x9e, 0xd8, 0xf1, 0xfb, 0xeb, 0xc9, 0x89, 0x25, 0x00, 0x00,
    0x00, 0x00, 0xfc, 0xff, 0xff, 0xff, 0xff, 0xff, 0xff, 0xf6, 0xe0, 0xad, 0x52, 0x00, 0x00, 0x00,
    0xfc, 0xff, 0xff, 0xff, 0xff, 0xff, 0xff, 0xff, 0xff, 0xff, 0xff, 0xb6, 0x09, 0x00, 0xfc, 0xff,
    0xff, 0xff, 0x28, 0x00, 0x07, 0x43, 0xe3, 0xff, 0xff, 0xff, 0x95, 0x00, 0xfc, 0xff, 0xff, 0xff,
    0x28, 0x00, 0x00, 0x00, 0x57, 0xff, 0xff, 0xff, 0xf6, 0x09, 0xfc, 0xff, 0xff, 0xff, 0x28, 0x00,
    0x00, 0x00, 0x1c, 0xff, 0xff, 0xff, 0xff, 0x2c, 0xfc, 0xff, 0xff, 0xff, 0x28, 0x00, 0x00, 0x00,
    0x1d, 0xff, 0xff, 0xff, 0xff, 0x2b, 0xfc, 0xff, 0xff, 0xff, 0x28, 0x00, 0x00, 0x00, 0x58, 0xff,
    0xff, 0xff, 0xf6, 0x09, 0xfc, 0xff, 0xff, 0xff, 0x28, 0x00, 0x07, 0x43, 0xe3, 0xff, 0xff, 0xff,
    0x95, 0x00, 0xfc, 0xff, 0xff, 0xff, 0xff, 0xff, 0xff, 0xff, 0xff, 0xff, 0xff, 0xb7, 0x0a, 0x00,
    0xfc, 0xff, 0xff, 0xff, 0xff, 0xff, 0xff, 0xf8, 0xe1, 0xae, 0x53, 0x00, 0x00, 0x00, 0xfc, 0xff,
    0xff, 0xff, 0x28, 0x00, 0x00, 0x00, 0x00, 0x00, 0x00, 0x00, 0x00, 0x00, 0xfc, 0xff, 0xff, 0xff,
    0x28, 0x00, 0x00, 0x00, 0x00, 0x00, 0x00, 0x00, 0x00, 0x00, 0xfc, 0xff, 0xff, 0xff, 0x28, 0x00,
    0x00, 0x00, 0x00, 0x00, 0x00, 0x00, 0x00, 0x00, 0xfc, 0xff, 0xff, 0xff, 0x28, 0x00, 0x00, 0x00,
    0x00, 0x00, 0x00, 0x00, 0x00, 0x00, 0xfc, 0xff, 0xff, 0xff, 0x28, 0x00, 0x00, 0x00, 0x00, 0x00,
    0x00, 0x00, 0x00, 0x00, 0xfc, 0xff, 0xff, 0xff, 0x28, 0x00, 0x00, 0x00, 0x00, 0x00, 0x00, 0x00,
    0x00, 0x00, 0x00, 0x00, 0x00, 0x00, 0x45, 0x9c, 0xd6, 0xef, 0xfa, 0xe9, 0xc8, 0x89, 0x25, 0x00,
    0x00, 0x00, 0x00, 0x00, 0x00, 0x1c, 0xc3, 0xff, 0xff, 0xff, 0xff, 0xff, 0xff, 0xff, 0xff, 0xfd,
    0x92, 0x05, 0x00, 0x00, 0x00, 0x1c, 0xe6, 0xff, 0xff, 0xfe, 0x88, 0x1f, 0x07, 0x34, 0xbb, 0xff,
    0xff, 0xff, 0xb2, 0x02, 0x00, 0x00, 0xc1, 0xff, 0xff, 0xff, 0x7f, 0x00, 0x00, 0x00, 0x00, 0x06,
    0xc9, 0xff, 0xff, 0xff, 0x72, 0x00, 0x43, 0xff, 0xff, 0xff, 0xec, 0x08, 0x00, 0x00, 0x00, 0x00,
    0x00, 0x43, 0xff, 0xff, 0xff, 0xe9, 0x07, 0x93, 0xff, 0xff, 0xff, 0xa4, 0x00, 0x00, 0x00, 0x00,
    0x00, 0x00, 0x02, 0xef, 0xff, 0xff, 0xff, 0x40, 0xc8, 0xff, 0xff, 0xff, 0x77, 0x00, 0x00, 0x00,
    0x00, 0x00, 0x00, 0x00, 0xc5, 0xff, 0xff, 0xff, 0x76, 0xde, 0xff, 0xff, 0xff, 0x65, 0x00, 0x00,
    0x00, 0x00, 0x00, 0x00, 0x00, 0xb2, 0xff, 0xff, 0xff, 0x8b, 0xde, 0xff, 0xff, 0xff, 0x65, 0x00,
    0x00, 0x00, 0x00, 0x00, 0x00, 0x00, 0xb3, 0xff, 0xff, 0xff, 0x91, 0xca, 0xff, 0xff, 0xff, 0x76,
    0x00, 0x00, 0x00, 0x00, 0x00, 0x00, 0x00, 0xc5, 0xff, 0xff, 0xff, 0x7d, 0x96, 0xff, 0xff, 0xff,
    0xa1, 0x00, 0x00, 0x00, 0x00, 0x00, 0x00, 0x02, 0xef, 0xff, 0xff, 0xff, 0x4d, 0x45, 0xff, 0xff,
    0xff, 0xe8, 0x05, 0x00, 0x00, 0x00, 0x00, 0x00, 0x42, 0xff, 0xff, 0xff, 0xf1, 0x09, 0x00, 0xc5,
    0xff, 0xff, 0xff, 0x76, 0x00, 0x00, 0x00, 0x00, 0x05, 0xc7, 0xff, 0xff, 0xff, 0x80, 0x00, 0x00,
    0x1e, 0xe8, 0xff, 0xff, 0xfc, 0x82, 0x1c, 0x07, 0x33, 0xba, 0xff, 0xff, 0xff, 0xc7, 0x06, 0x00,
    0x00, 0x00, 0x1e, 0xc5, 0xff, 0xff, 0xff, 0xff, 0xff, 0xff, 0xff, 0xff, 0xff, 0xb6, 0x0f, 0x00,
    0x00, 0x00, 0x00, 0x00, 0x00, 0x45, 0x9c, 0xd5, 0xef, 0xfe, 0xff, 0xff, 0xff, 0x79, 0x00, 0x00,
    0x00, 0x00, 0x00, 0x00, 0x00, 0x00, 0x00, 0x00, 0x00, 0x00, 0x06, 0xbe, 0xff, 0xff, 0xe3, 0x1f,
    0x00, 0x00, 0x00, 0x00, 0x00, 0x00, 0x00, 0x00, 0x00, 0x00, 0x00, 0x00, 0x10, 0xd5, 0xff, 0xff,
    0xda, 0x16, 0x00, 0x00, 0x00, 0x00, 0x00, 0x00, 0x00, 0x00, 0x00, 0x00, 0x00, 0x00, 0x1f, 0xe7,
    0xff, 0xff, 0xd0, 0x10, 0x00, 0xfc, 0xff, 0xff, 0xff, 0xff, 0xff, 0xfd, 0xf0, 0xd0, 0x93, 0x2a,
    0x00, 0x00, 0x00, 0x00, 0xfc, 0xff, 0xff, 0xff, 0xff, 0xff, 0xff, 0xff, 0xff, 0xff, 0xfb, 0x59,
    0x00, 0x00, 0x00, 0xfc, 0xff, 0xff, 0xff, 0x28, 0x00, 0x18, 0x89, 0xff, 0xff, 0xff, 0xf2, 0x11,
    0x00, 0x00, 0xfc, 0xff, 0xff, 0xff, 0x28, 0x00, 0x00, 0x02, 0xe1, 0xff, 0xff, 0xff, 0x53, 0x00,
    0x00, 0xfc, 0xff, 0xff, 0xff, 0x28, 0x00, 0x00, 0x00, 0xb8, 0xff, 0xff, 0xff, 0x6d, 0x00, 0x00,
    0xfc, 0xff, 0xff, 0xff, 0x28, 0x00, 0x00, 0x00, 0xba, 0xff, 0xff, 0xff, 0x59, 0x00, 0x00, 0xfc,
    0xff, 0xff, 0xff, 0x28, 0x00, 0x00, 0x02, 0xe2, 0xff, 0xff, 0xfc, 0x20, 0x00, 0x00, 0xfc, 0xff,
    0xff, 0xff, 0x28, 0x00, 0x18, 0x8c, 0xff, 0xff, 0xff, 0x8e, 0x00, 0x00, 0x00, 0xfc, 0xff, 0xff,
    0xff, 0xff, 0xff, 0xff, 0xff, 0xff, 0xe7, 0x70, 0x00, 0x00, 0x00, 0x00, 0xfc, 0xff, 0xff, 0xff,
    0xff, 0xff, 0xff, 0xff, 0xff, 0xee, 0x80, 0x01, 0x00, 0x00, 0x00, 0xfc, 0xff, 0xff, 0xff, 0x28,
    0x07, 0x3e, 0xe1, 0xff, 0xff, 0xff, 0x8d, 0x00, 0x00, 0x00, 0xfc, 0xff, 0xff, 0xff, 0x28, 0x00,
    0x00, 0x34, 0xfd, 0xff, 0xff, 0xfe, 0x3b, 0x00, 0x00, 0xfc, 0xff, 0xff, 0xff, 0x28, 0x00, 0x00,
    0x00, 0xa4, 0xff, 0xff, 0xff, 0xbf, 0x00, 0x00, 0xfc, 0xff, 0xff, 0xff, 0x28, 0x00, 0x00, 0x00,
    0x28, 0xfd, 0xff, 0xff, 0xff, 0x3f, 0x00, 0xfc, 0xff, 0xff, 0xff, 0x28, 0x00, 0x00, 0x00, 0x00,
    0xa6, 0xff, 0xff, 0xff, 0xbf, 0x00, 0xfc, 0xff, 0xff, 0xff, 0x28, 0x00, 0x00, 0x00, 0x00, 0x29,
    0xfd, 0xff, 0xff, 0xff, 0x40, 0x00, 0x00, 0x10, 0x7a, 0xc6, 0xee, 0xfc, 0xf3, 0xe6, 0xd3, 0xb1,
    0x8f, 0x17, 0x00, 0x00, 0x2a, 0xe5, 0xff, 0xff, 0xff, 0xff, 0xff, 0xff, 0xff, 0xff, 0xff, 0x30,
    0x00, 0x02, 0xd4, 0xff, 0xff, 0xeb, 0x51, 0x13, 0x09, 0x2e, 0x80, 0xea, 0xff, 0x30, 0x00, 0x3a,
    0xff, 0xff, 0xff, 0x73, 0x00, 0x00, 0x00, 0x00, 0x00, 0x0a, 0x8d, 0x2d, 0x00, 0x62, 0xff, 0xff,
    0xff, 0x66, 0x00, 0x00, 0x00, 0x00, 0x00, 0x00, 0x00, 0x00, 0x00, 0x60, 0xff, 0xff, 0xff, 0xdd,
    0x3a, 0x00, 0x00, 0x00, 0x00, 0x00, 0x00, 0x00, 0x00, 0x2b, 0xff, 0xff, 0xff, 0xff, 0xff, 0xdf,
    0xa5, 0x6f, 0x30, 0x00, 0x00, 0x00, 0x00, 0x00, 0xaa, 0xff, 0xff, 0xff, 0xff, 0xff, 0xff, 0xff,
    0xff, 0xd8, 0x56, 0x00, 0x00, 0x00, 0x08, 0x92, 0xfb, 0xff, 0xff, 0xff, 0xff, 0xff, 0xff, 0xff,
    0xff, 0x70, 0x00, 0x00, 0x00, 0x00, 0x18, 0x69, 0xa9, 0xe5, 0xff, 0xff, 0xff, 0xff, 0xff, 0xf3,
    0x07, 0x00, 0x00, 0x00, 0x00, 0x00, 0x00, 0x00, 0x30, 0xa7, 0xff, 0xff, 0xff, 0xff, 0x30, 0x00,
    0x00, 0x00, 0x00, 0x00, 0x00, 0x00, 0x00, 0x01, 0xdd, 0xff, 0xff, 0xff, 0x31, 0x42, 0x8b, 0x0f,
    0x00, 0x00, 0x00, 0x00, 0x00, 0x00, 0xd9, 0xff, 0xff, 0xfb, 0x0f, 0x48, 0xff, 0xf3, 0x96, 0x48,
    0x16, 0x06, 0x20, 0x90, 0xff, 0xff, 0xff, 0xac, 0x00, 0x48, 0xff, 0xff, 0xff, 0xff, 0xff, 0xff,
    0xff, 0xff, 0xff, 0xff, 0xd3, 0x17, 0x00, 0x12, 0x62, 0x92, 0xc1, 0xdc, 0xeb, 0xfa, 0xf8, 0xe5,
    0xb7, 0x67, 0x06, 0x00, 0x00, 0xe4, 0xff, 0xff, 0xff, 0xff, 0xff, 0xff, 0xff, 0xff, 0xff, 0xff,
    0xff, 0xff, 0xff, 0xe4, 0xe4, 0xff, 0xff, 0xff, 0xff, 0xff, 0xff, 0xff, 0xff, 0xff, 0xff, 0xff,
    0xff, 0xff, 0xe4, 0x00, 0x00, 0x00, 0x00, 0x00, 0x90, 0xff, 0xff, 0xff, 0x94, 0x00, 0x00, 0x00,
    0x00, 0x00, 0x00, 0x00, 0x00, 0x00, 0x00, 0x90, 0xff, 0xff, 0xff, 0x94, 0x00, 0x00, 0x00, 0x00,
    0x00, 0x00, 0x00, 0x00, 0x00, 0x00, 0x90, 0xff, 0xff, 0xff, 0x94, 0x00, 0x00, 0x00, 0x00, 0x00,
    0x00, 0x00, 0x00, 0x00, 0x00, 0x90, 0xff, 0xff, 0xff, 0x94, 0x00, 0x00, 0x00, 0x00, 0x00, 0x00,
    0x00, 0x00, 0x00, 0x00, 0x90, 0xff, 0xff, 0xff, 0x94, 0x00, 0x00, 0x00, 0x00, 0x00, 0x00, 0x00,
    0x00, 0x00, 0x00, 0x90, 0xff, 0xff, 0xff, 0x94, 0x00, 0x00, 0x00, 0x00, 0x00, 0x00, 0x00, 0x00,
    0x00, 0x00, 0x90, 0xff, 0xff, 0xff, 0x94, 0x00, 0x00, 0x00, 0x00, 0x00, 0x00, 0x00, 0x00, 0x00,
    0x00, 0x90, 0xff, 0xff, 0xff, 0x94, 0x00, 0x00, 0x00, 0x00, 0x00, 0x00, 0x00, 0x00, 0x00, 0x00,
    0x90, 0xff, 0xff, 0xff, 0x94, 0x00, 0x00, 0x00, 0x00, 0x00, 0x00, 0x00, 0x00, 0x00, 0x00, 0x90,
    0xff, 0xff, 0xff, 0x94, 0x00, 0x00, 0x00, 0x00, 0x00, 0x00, 0x00, 0x00, 0x00, 0x00, 0x90, 0xff,
    0xff, 0xff, 0x94, 0x00, 0x00, 0x00, 0x00, 0x00, 0x00, 0x00, 0x00, 0x00, 0x00, 0x90, 0xff, 0xff,
    0xff, 0x94, 0x00, 0x00, 0x00, 0x00, 0x00, 0x00, 0x00, 0x00, 0x00, 0x00, 0x90, 0xff, 0xff, 0xff,
    0x94, 0x00, 0x00, 0x00, 0x00, 0x00, 0x00, 0x00, 0x00, 0x00, 0x00, 0x90, 0xff, 0xff, 0xff, 0x94,
    0x00, 0x00, 0x00, 0x00, 0x00, 0xfc, 0xff, 0xff, 0xff, 0x28, 0x00, 0x00, 0x00, 0x00, 0x4c, 0xff,
    0xff, 0xff, 0xd8, 0xfc, 0xff, 0xff, 0xff, 0x28, 0x00, 0x00, 0x00, 0x00, 0x4c, 0xff, 0xff, 0xff,
    0xd8, 0xfc, 0xff, 0xff, 0xff, 0x28, 0x00, 0x00, 0x00, 0x00, 0x4c, 0xff, 0xff, 0xff, 0xd8, 0xfc,
    0xff, 0xff, 0xff, 0x28, 0x00, 0x00, 0x00, 0x00, 0x4c, 0xff, 0xff, 0xff, 0xd8, 0xfc, 0xff, 0xff,
    0xff, 0x28, 0x00, 0x00, 0x00, 0x00, 0x4c, 0xff, 0xff, 0xff, 0xd8, 0xfc, 0xff, 0xff, 0xff, 0x28,
    0x00, 0x00, 0x00, 0x00, 0x4c, 0xff, 0xff, 0xff, 0xd8, 0xfc, 0xff, 0xff, 0xff, 0x28, 0x00, 0x00,
    0x00, 0x00, 0x4c, 0xff, 0xff, 0xff, 0xd8, 0xfc, 0xff, 0xff, 0xff, 0x28, 0x00, 0x00, 0x00, 0x00,
    0x4c, 0xff, 0xff, 0xff, 0xd8, 0xfc, 0xff, 0xff, 0xff, 0x28, 0x00, 0x00, 0x00, 0x00, 0x4c, 0xff,
    0xff, 0xff, 0xd8, 0xfc, 0xff, 0xff, 0xff, 0x28, 0x00, 0x00, 0x00, 0x00, 0x4c, 0xff, 0xff, 0xff,
    0xd8, 0xf4, 0xff, 0xff, 0xff, 0x2c, 0x00, 0x00, 0x00, 0x00, 0x50, 0xff, 0xff, 0xff, 0xcf, 0xdb,
    0xff, 0xff, 0xff, 0x41, 0x00, 0x00, 0x00, 0x00, 0x67, 0xff, 0xff, 0xff, 0xb6, 0x9a, 0xff, 0xff,
    0xff, 0x83, 0x00, 0x00, 0x00, 0x00, 0xaa, 0xff, 0xff, 0xff, 0x75, 0x28, 0xf9, 0xff, 0xff, 0xf5,
    0x60, 0x13, 0x19, 0x78, 0xfd, 0xff, 0xff, 0xea, 0x10, 0x00, 0x51, 0xf2, 0xff, 0xff, 0xff, 0xff,
    0xff, 0xff, 0xff, 0xff, 0xe5, 0x35, 0x00, 0x00, 0x00, 0x1a, 0x7e, 0xc2, 0xea, 0xfa, 0xf8, 0xe6,
    0xba, 0x70, 0x0f, 0x00, 0x00, 0xb5, 0xff, 0xff, 0xff, 0x71, 0x00, 0x00, 0x00, 0x00, 0x00, 0x00,
    0x00, 0x6b, 0xff, 0xff, 0xff, 0xbb, 0x56, 0xff, 0xff, 0xff, 0xce, 0x00, 0x00, 0x00, 0x00, 0x00,
    0x00, 0x00, 0xc7, 0xff, 0xff, 0xff, 0x5c, 0x07, 0xef, 0xff, 0xff, 0xff, 0x2a, 0x00, 0x00, 0x00,
    0x00, 0x00, 0x23, 0xff, 0xff, 0xff, 0xf3, 0x0a, 0x00, 0x98, 0xff, 0xff, 0xff, 0x86, 0x00, 0x00,
    0x00, 0x00, 0x00, 0x7f, 0xff, 0xff, 0xff, 0x9e, 0x00, 0x00, 0x39, 0xff, 0xff, 0xff, 0xe0, 0x01,
    0x00, 0x00, 0x00, 0x00, 0xda, 0xff, 0xff, 0xff, 0x3f, 0x00, 0x00, 0x00, 0xd9, 0xff, 0xff, 0xff,
    0x3e, 0x00, 0x00, 0x00, 0x37, 0xff, 0xff, 0xff, 0xdf, 0x01, 0x00, 0x00, 0x00, 0x7b, 0xff, 0xff,
    0xff, 0x9a, 0x00, 0x00, 0x00, 0x93, 0xff, 0xff, 0xff, 0x81, 0x00, 0x00, 0x00, 0x00, 0x1e, 0xfe,
    0xff, 0xff, 0xef, 0x07, 0x00, 0x04, 0xea, 0xff, 0xff, 0xff, 0x23, 0x00, 0x00, 0x00, 0x00, 0x00,
    0xbd, 0xff, 0xff, 0xff, 0x52, 0x00, 0x4b, 0xff, 0xff, 0xff, 0xc3, 0x00, 0x00, 0x00, 0x00, 0x00,
    0x00, 0x5e, 0xff, 0xff, 0xff, 0xae, 0x00, 0xa7, 0xff, 0xff, 0xff, 0x64, 0x00, 0x00, 0x00, 0x00,
    0x00, 0x00, 0x0b, 0xf3, 0xff, 0xff, 0xf9, 0x1e, 0xf6, 0xff, 0xff, 0xf6, 0x0f, 0x00, 0x00, 0x00,
    0x00, 0x00, 0x00, 0x00, 0xa0, 0xff, 0xff, 0xff, 0xc3, 0xff, 0xff, 0xff, 0xa6, 0x00, 0x00, 0x00,
    0x00, 0x00, 0x00, 0x00, 0x00, 0x41, 0xff, 0xff, 0xff, 0xff, 0xff, 0xff, 0xff, 0x47, 0x00, 0x00,
    0x00, 0x00, 0x00, 0x00, 0x00, 0x00, 0x01, 0xe0, 0xff, 0xff, 0xff, 0xff, 0xff, 0xe5, 0x03, 0x00,
    0x00, 0x00, 0x00, 0x00, 0x00, 0x00, 0x00, 0x00, 0x83, 0xff, 0xff, 0xff, 0xff, 0xff, 0x89, 0x00,
    0x00, 0x00, 0x00, 0x00, 0x00, 0x00, 0x00, 0x00, 0x00, 0x24, 0xff, 0xff, 0xff, 0xff, 0xff, 0x2b,
    0x00, 0x00, 0x00, 0x00, 0x00, 0x3a, 0xff, 0xff, 0xff, 0xbd, 0x00, 0x00, 0x00, 0x00, 0x05, 0xf5,
    0xff, 0xff, 0xff, 0x3d, 0x00, 0x00, 0x00, 0x00, 0x7b, 0xff, 0xff, 0xff, 0x75, 0x06, 0xf6, 0xff,
    0xff, 0xf5, 0x05, 0x00, 0x00, 0x00, 0x37, 0xff, 0xff, 0xff, 0xff, 0x7a, 0x00, 0x00, 0x00, 0x00,
    0xb7, 0xff, 0xff, 0xff, 0x38, 0x00, 0xc0, 0xff, 0xff, 0xff, 0x37, 0x00, 0x00, 0x00, 0x74, 0xff,
    0xff, 0xff, 0xff, 0xb7, 0x00, 0x00, 0x00, 0x02, 0xf1, 0xff, 0xff, 0xf6, 0x05, 0x00, 0x83, 0xff,
    0xff, 0xff, 0x74, 0x00, 0x00, 0x00, 0xb0, 0xff, 0xff, 0xfe, 0xff, 0xf0, 0x02, 0x00, 0x00, 0x31,
    0xff, 0xff, 0xff, 0xbf, 0x00, 0x00, 0x46, 0xff, 0xff, 0xff, 0xb1, 0x00, 0x00, 0x00, 0xeb, 0xff,
    0xf3, 0xbc, 0xff, 0xff, 0x30, 0x00, 0x00, 0x6e, 0xff, 0xff, 0xff, 0x83, 0x00, 0x00, 0x0c, 0xfc,
    0xff, 0xff, 0xed, 0x01, 0x00, 0x29, 0xff, 0xff, 0xba, 0x7b, 0xff, 0xff, 0x6c, 0x00, 0x00, 0xab,
    0xff, 0xff, 0xff, 0x46, 0x00, 0x00, 0x00, 0xcc, 0xff, 0xff, 0xff, 0x2b, 0x00, 0x66, 0xff, 0xff,
    0x7d, 0x3e, 0xff, 0xff, 0xa9, 0x00, 0x00, 0xe7, 0xff, 0xff, 0xfc, 0x0d, 0x00, 0x00, 0x00, 0x8f,
    0xff, 0xff, 0xff, 0x68, 0x00, 0xa2, 0xff, 0xff, 0x40, 0x07, 0xf8, 0xff, 0xe5, 0x00, 0x25, 0xff,
    0xff, 0xff, 0xcd, 0x00, 0x00, 0x00, 0x00, 0x52, 0xff, 0xff, 0xff, 0xa5, 0x00, 0xdf, 0xff, 0xfa,
    0x09, 0x00, 0xc3, 0xff, 0xff, 0x22, 0x62, 0xff, 0xff, 0xff, 0x91, 0x00, 0x00, 0x00, 0x00, 0x15,
    0xff, 0xff, 0xff, 0xe2, 0x1b, 0xff, 0xff, 0xc7, 0x00, 0x00, 0x86, 0xff, 0xff, 0x5f, 0x9f, 0xff,
    0xff, 0xff, 0x54, 0x00, 0x00, 0x00, 0x00, 0x00, 0xd8, 0xff, 0xff, 0xff, 0x77, 0xff, 0xff, 0x8a,
    0x00, 0x00, 0x49, 0xff, 0xff, 0x9b, 0xdc, 0xff, 0xff, 0xff, 0x18, 0x00, 0x00, 0x00, 0x00, 0x00,
    0x9b, 0xff, 0xff, 0xff, 0xe8, 0xff, 0xff, 0x4d, 0x00, 0x00, 0x0e, 0xfd, 0xff, 0xe8, 0xff, 0xff,
    0xff, 0xdb, 0x00, 0x00, 0x00, 0x00, 0x00, 0x00, 0x5e, 0xff, 0xff, 0xff, 0xff, 0xff, 0xfe, 0x12,
    0x00, 0x00, 0x00, 0xce, 0xff, 0xff, 0xff, 0xff, 0xff, 0x9f, 0x00, 0x00, 0x00, 0x00, 0x00, 0x00,
    0x21, 0xff, 0xff, 0xff, 0xff, 0xff, 0xd3, 0x00, 0x00, 0x00, 0x00, 0x91, 0xff, 0xff, 0xff, 0xff,
    0xff, 0x62, 0x00, 0x00, 0x00, 0x00, 0x00, 0x00, 0x00, 0xe4, 0xff, 0xff, 0xff, 0xff, 0x96, 0x00,
    0x00, 0x00, 0x00, 0x54, 0xff, 0xff, 0xff, 0xff, 0xff, 0x26, 0x00, 0x00, 0x00, 0x00, 0x00, 0x00,
    0x00, 0xa7, 0xff, 0xff, 0xff, 0xff, 0x5a, 0x00, 0x00, 0x00, 0x00, 0x17, 0xff, 0xff, 0xff, 0xff,
    0xe9, 0x00, 0x00, 0x00, 0x00, 0x18, 0xec, 0xff, 0xff, 0xff, 0x4b, 0x00, 0x00, 0x00, 0x00, 0x00,
    0x5f, 0xff, 0xff, 0xff, 0xe5, 0x12, 0x00, 0x56, 0xff, 0xff, 0xff, 0xe6, 0x12, 0x00, 0x00, 0x00,
    0x1c, 0xf0, 0xff, 0xff, 0xff, 0x49, 0x00, 0x00, 0x00, 0xa7, 0xff, 0xff, 0xff, 0xa8, 0x00, 0x00,
    0x00, 0xb9, 0xff, 0xff, 0xff, 0x99, 0x00, 0x00, 0x00, 0x00, 0x12, 0xe6, 0xff, 0xff, 0xff, 0x56,
    0x00, 0x69, 0xff, 0xff, 0xff, 0xdd, 0x0c, 0x00, 0x00, 0x00, 0x00, 0x00, 0x4a, 0xff, 0xff, 0xff,
    0xec, 0x3a, 0xf4, 0xff, 0xff, 0xfd, 0x3d, 0x00, 0x00, 0x00, 0x00, 0x00, 0x00, 0x00, 0x9b, 0xff,
    0xff, 0xff, 0xfb, 0xff, 0xff, 0xff, 0x8b, 0x00, 0x00, 0x00, 0x00, 0x00, 0x00, 0x00, 0x00, 0x0d,
    0xdf, 0xff, 0xff, 0xff, 0xff, 0xff, 0xd4, 0x07, 0x00, 0x00, 0x00, 0x00, 0x00, 0x00, 0x00, 0x00,
    0x00, 0x42, 0xff, 0xff, 0xff, 0xff, 0xff, 0x33, 0x00, 0x00, 0x00, 0x00, 0x00, 0x00, 0x00, 0x00,
    0x00, 0x00, 0x79, 0xff, 0xff, 0xff, 0xff, 0xff, 0x68, 0x00, 0x00, 0x00, 0x00, 0x00, 0x00, 0x00,
    0x00, 0x00, 0x2d, 0xf9, 0xff, 0xff, 0xff, 0xff, 0xff, 0xf4, 0x22, 0x00, 0x00, 0x00, 0x00, 0x00,
    0x00, 0x00, 0x05, 0xcf, 0xff, 0xff, 0xff, 0xd9, 0xff, 0xff, 0xff, 0xc2, 0x02, 0x00, 0x00, 0x00,
    0x00, 0x00, 0x00, 0x84, 0xff, 0xff, 0xff, 0xcb, 0x0c, 0xd6, 0xff, 0xff, 0xff, 0x73, 0x00, 0x00,
    0x00, 0x00, 0x00, 0x36, 0xfc, 0xff, 0xff, 0xf7, 0x29, 0x00, 0x33, 0xfb, 0xff, 0xff, 0xf7, 0x2a,
    0x00, 0x00, 0x00, 0x08, 0xd7, 0xff, 0xff, 0xff, 0x73, 0x00, 0x00, 0x00, 0x7f, 0xff, 0xff, 0xff,
    0xcb, 0x04, 0x00, 0x00, 0x8f, 0xff, 0xff, 0xff, 0xc2, 0x02, 0x00, 0x00, 0x00, 0x04, 0xcb, 0xff,
    0xff, 0xff, 0x7e, 0x00, 0x3e, 0xfe, 0xff, 0xff, 0xf4, 0x22, 0x00, 0x00, 0x00, 0x00, 0x00, 0x29,
    0xf7, 0xff, 0xff, 0xfa, 0x31, 0x09, 0xda, 0xff, 0xff, 0xff, 0x9d, 0x00, 0x00, 0x00, 0x00, 0x00,
    0x00, 0xb6, 0xff, 0xff, 0xff, 0xcb, 0x03, 0x00, 0x3d, 0xfe, 0xff, 0xff, 0xff, 0x42, 0x00, 0x00,
    0x00, 0x00, 0x5b, 0xff, 0xff, 0xff, 0xf9, 0x2c, 0x00, 0x00, 0x00, 0x92, 0xff, 0xff, 0xff, 0xdc,
    0x09, 0x00, 0x00, 0x13, 0xea, 0xff, 0xff, 0xff, 0x7d, 0x00, 0x00, 0x00, 0x00, 0x0b, 0xde, 0xff,
    0xff, 0xff, 0x8a, 0x00, 0x00, 0xa3, 0xff, 0xff, 0xff, 0xd0, 0x05, 0x00, 0x00, 0x00, 0x00, 0x00,
    0x41, 0xfe, 0xff, 0xff, 0xfc, 0x32, 0x47, 0xff, 0xff, 0xff, 0xfb, 0x31, 0x00, 0x00, 0x00, 0x00,
    0x00, 0x00, 0x00, 0x98, 0xff, 0xff, 0xff, 0xcf, 0xdf, 0xff, 0xff, 0xff, 0x83, 0x00, 0x00, 0x00,
    0x00, 0x00, 0x00, 0x00, 0x00, 0x0d, 0xe1, 0xff, 0xff, 0xff, 0xff, 0xff, 0xff, 0xd4, 0x06, 0x00,
    0x00, 0x00, 0x00, 0x00, 0x00, 0x00, 0x00, 0x00, 0x47, 0xff, 0xff, 0xff, 0xff, 0xff, 0xfc, 0x35,
    0x00, 0x00, 0x00, 0x00, 0x00, 0x00, 0x00, 0x00, 0x00, 0x00, 0x00, 0x9d, 0xff, 0xff, 0xff, 0xff,
    0x88, 0x00, 0x00, 0x00, 0x00, 0x00, 0x00, 0x00, 0x00, 0x00, 0x00, 0x00, 0x00, 0x21, 0xff, 0xff,
    0xff, 0xff, 0x0d, 0x00, 0x00, 0x00, 0x00, 0x00, 0x00, 0x00, 0x00, 0x00, 0x00, 0x00, 0x00, 0x1c,
    0xff, 0xff, 0xff, 0xff, 0x08, 0x00, 0x00, 0x00, 0x00, 0x00, 0x00, 0x00, 0x00, 0x00, 0x00, 0x00,
    0x00, 0x1c, 0xff, 0xff, 0xff, 0xff, 0x08, 0x00, 0x00, 0x00, 0x00, 0x00, 0x00, 0x00, 0x00, 0x00,
    0x00, 0x00, 0x00, 0x1c, 0xff, 0xff, 0xff, 0xff, 0x08, 0x00, 0x00, 0x00, 0x00, 0x00, 0x00, 0x00,
    0x00, 0x00, 0x00, 0x00, 0x00, 0x1c, 0xff, 0xff, 0xff, 0xff, 0x08, 0x00, 0x00, 0x00, 0x00, 0x00,
    0x00, 0x00, 0x00, 0x00, 0x00, 0x00, 0x00, 0x1c, 0xff, 0xff, 0xff, 0xff, 0x08, 0x00, 0x00, 0x00,
    0x00, 0x00, 0x00, 0x00, 0x00, 0x00, 0x00, 0x00, 0x00, 0x1c, 0xff, 0xff, 0xff, 0xff, 0x08, 0x00,
    0x00, 0x00, 0x00, 0x00, 0x00, 0x00, 0xc4, 0xff, 0xff, 0xff, 0xff, 0xff, 0xff, 0xff, 0xff, 0xff,
    0xff, 0xff, 0xff, 0xb8, 0x00, 0xc4, 0xff, 0xff, 0xff, 0xff, 0xff, 0xff, 0xff, 0xff, 0xff, 0xff,
    0xff, 0xff, 0xb8, 0x00, 0x00, 0x00, 0x00, 0x00, 0x00, 0x00, 0x00, 0x04, 0xc5, 0xff, 0xff, 0xff,
    0xff, 0xb0, 0x00, 0x00, 0x00, 0x00, 0x00, 0x00, 0x00, 0x00, 0x8d, 0xff, 0xff, 0xff, 0xff, 0xf4,
    0x2a, 0x00, 0x00, 0x00, 0x00, 0x00, 0x00, 0x00, 0x51, 0xff, 0xff, 0xff, 0xff, 0xff, 0x5b, 0x00,
    0x00, 0x00, 0x00, 0x00, 0x00, 0x00, 0x23, 0xf0, 0xff, 0xff, 0xff, 0xff, 0x98, 0x00, 0x00, 0x00,
    0x00, 0x00, 0x00, 0x00, 0x08, 0xce, 0xff, 0xff, 0xff, 0xff, 0xcd, 0x07, 0x00, 0x00, 0x00, 0x00,
    0x00, 0x00, 0x00, 0x9b, 0xff, 0xff, 0xff, 0xff, 0xef, 0x22, 0x00, 0x00, 0x00, 0x00, 0x00, 0x00,
    0x00, 0x5e, 0xff, 0xff, 0xff, 0xff, 0xff, 0x4f, 0x00, 0x00, 0x00, 0x00, 0x00, 0x00, 0x00, 0x2b,
    0xf5, 0xff, 0xff, 0xff, 0xff, 0x8a, 0x00, 0x00, 0x00, 0x00, 0x00, 0x00, 0x00, 0x0c, 0xd7, 0xff,
    0xff, 0xff, 0xff, 0xc3, 0x04, 0x00, 0x00, 0x00, 0x00, 0x00, 0x00, 0x00, 0xa7, 0xff, 0xff, 0xff,
    0xff, 0xe9, 0x1a, 0x00, 0x00, 0x00, 0x00, 0x00, 0x00, 0x00, 0x6c, 0xff, 0xff, 0xff, 0xff, 0xfd,
    0x43, 0x00, 0x00, 0x00, 0x00, 0x00, 0x00, 0x00, 0x02, 0xf9, 0xff, 0xff, 0xff, 0xff, 0x7d, 0x00,
    0x00, 0x00, 0x00, 0x00, 0x00, 0x00, 0x00, 0x04, 0xff, 0xff, 0xff, 0xff, 0xff, 0xff, 0xff, 0xff,
    0xff, 0xff, 0xff, 0xff, 0xff, 0xf8, 0x04, 0xff, 0xff, 0xff, 0xff, 0xff, 0xff, 0xff, 0xff, 0xff,
    0xff, 0xff, 0xff, 0xff, 0xf8, 0x1c, 0xff, 0xff, 0xff, 0xff, 0xff, 0xff, 0x90, 0x1c, 0xff, 0xff,
    0xff, 0xff, 0xff, 0xff, 0x90, 0x1c, 0xff, 0xff, 0xff, 0x8c, 0x00, 0x00, 0x00, 0x1c, 0xff, 0xff,
    0xff, 0x8c, 0x00, 0x00, 0x00, 0x1c, 0xff, 0xff, 0xff, 0x8c, 0x00, 0x00, 0x00, 0x1c, 0xff, 0xff,
    0xff, 0x8c, 0x00, 0x00, 0x00, 0x1c, 0xff, 0xff, 0xff, 0x8c, 0x00, 0x00, 0x00, 0x1c, 0xff, 0xff,
    0xff, 0x8c, 0x00, 0x00, 0x00, 0x1c, 0xff, 0xff, 0xff, 0x8c, 0x00, 0x00, 0x00, 0x1c, 0xff, 0xff,
    0xff, 0x8c, 0x00, 0x00, 0x00, 0x1c, 0xff, 0xff, 0xff, 0x8c, 0x00, 0x00, 0x00, 0x1c, 0xff, 0xff,
    0xff, 0x8c, 0x00, 0x00, 0x00, 0x1c, 0xff, 0xff, 0xff, 0x8c, 0x00, 0x00, 0x00, 0x1c, 0xff, 0xff,
    0xff, 0x8c, 0x00, 0x00, 0x00, 0x1c, 0xff, 0xff, 0xff, 0x8c, 0x00, 0x00, 0x00, 0x1c, 0xff, 0xff,
    0xff, 0x8c, 0x00, 0x00, 0x00, 0x1c, 0xff, 0xff, 0xff, 0x8c, 0x00, 0x00, 0x00, 0x1c, 0xff, 0xff,
    0xff, 0x8c, 0x00, 0x00, 0x00, 0x1c, 0xff, 0xff, 0xff, 0xff, 0xff, 0xff, 0x90, 0x1c, 0xff, 0xff,
    0xff, 0xff, 0xff, 0xff, 0x90, 0xd8, 0xff, 0x87, 0x00, 0x00, 0x00, 0x00, 0x00, 0x88, 0xff, 0xd8,
    0x00, 0x00, 0x00, 0x00, 0x00, 0x37, 0xff, 0xff, 0x28, 0x00, 0x00, 0x00, 0x00, 0x01, 0xe5, 0xff,
    0x79, 0x00, 0x00, 0x00, 0x00, 0x00, 0x96, 0xff, 0xc9, 0x00, 0x00, 0x00, 0x00, 0x00, 0x46, 0xff,
    0xfe, 0x1b, 0x00, 0x00, 0x00, 0x00, 0x05, 0xef, 0xff, 0x6a, 0x00, 0x00, 0x00, 0x00, 0x00, 0xa5,
    0xff, 0xbb, 0x00, 0x00, 0x00, 0x00, 0x00, 0x55, 0xff, 0xfa, 0x10, 0x00, 0x00, 0x00, 0x00, 0x0c,
    0xf7, 0xff, 0x5b, 0x00, 0x00, 0x00, 0x00, 0x00, 0xb4, 0xff, 0xac, 0x00, 0x00, 0x00, 0x00, 0x00,
    0x63, 0xff, 0xf4, 0x08, 0x00, 0x00, 0x00, 0x00, 0x15, 0xfd, 0xff, 0x4d, 0x00, 0x00, 0x00, 0x00,
    0x00, 0xc2, 0xff, 0x9d, 0x00, 0x00, 0x00, 0x00, 0x00, 0x72, 0xff, 0xeb, 0x03, 0x00, 0x00, 0x00,
    0x00, 0x21, 0xff, 0xff, 0x3e, 0x00, 0x00, 0x00, 0x00, 0x00, 0xd1, 0xff, 0x8f, 0x00, 0x00, 0x00,
    0x00, 0x00, 0x80, 0xff, 0xdf, 0x80, 0xff, 0xff, 0xff, 0xff, 0xff, 0xff, 0x2c, 0x80, 0xff, 0xff,
    0xff, 0xff, 0xff, 0xff, 0x2c, 0x00, 0x00, 0x00, 0x7c, 0xff, 0xff, 0xff, 0x2c, 0x00, 0x00, 0x00,
    0x7c, 0xff, 0xff, 0xff, 0x2c, 0x00, 0x00, 0x00, 0x7c, 0xff, 0xff, 0xff, 0x2c, 0x00, 0x00, 0x00,
    0x7c, 0xff, 0xff, 0xff, 0x2c, 0x00, 0x00, 0x00, 0x7c, 0xff, 0xff, 0xff, 0x2c, 0x00, 0x00, 0x00,
    0x7c, 0xff, 0xff, 0xff, 0x2c, 0x00, 0x00, 0x00, 0x7c, 0xff, 0xff, 0xff, 0x2c, 0x00, 0x00, 0x00,
    0x7c, 0xff, 0xff, 0xff, 0x2c, 0x00, 0x00, 0x00, 0x7c, 0xff, 0xff, 0xff, 0x2c, 0x00, 0x00, 0x00,
    0x7c, 0xff, 0xff, 0xff, 0x2c, 0x00, 0x00, 0x00, 0x7c, 0xff, 0xff, 0xff, 0x2c, 0x00, 0x00, 0x00,
    0x7c, 0xff, 0xff, 0xff, 0x2c, 0x00, 0x00, 0x00, 0x7c, 0xff, 0xff, 0xff, 0x2c, 0x00, 0x00, 0x00,
    0x7c, 0xff, 0xff, 0xff, 0x2c, 0x00, 0x00, 0x00, 0x7c, 0xff, 0xff, 0xff, 0x2c, 0x00, 0x00, 0x00,
    0x7c, 0xff, 0xff, 0xff, 0x2c, 0x80, 0xff, 0xff, 0xff, 0xff, 0xff, 0xff, 0x2c, 0x80, 0xff, 0xff,
    0xff, 0xff, 0xff, 0xff, 0x2c, 0x00, 0x00, 0x00, 0x00, 0x00, 0x94, 0xff, 0xff, 0xe1, 0x1e, 0x00,
    0x00, 0x00, 0x00, 0x00, 0x00, 0x00, 0x00, 0x00, 0x87, 0xff, 0xff, 0xff, 0xff, 0xda, 0x17, 0x00,
    0x00, 0x00, 0x00, 0x00, 0x00, 0x00, 0x79, 0xff, 0xff, 0xfe, 0xeb, 0xff, 0xff, 0xd2, 0x11, 0x00,
    0x00, 0x00, 0x00, 0x00, 0x6b, 0xff, 0xff, 0xea, 0x49, 0x12, 0xb1, 0xff, 0xff, 0xc9, 0x0c, 0x00,
    0x00, 0x00, 0x5e, 0xfe, 0xff, 0xc0, 0x1a, 0x00, 0x00, 0x00, 0x6f, 0xf9, 0xff, 0xbf, 0x08, 0x00,
    0x52, 0xfc, 0xfd, 0x81, 0x02, 0x00, 0x00, 0x00, 0x00, 0x00, 0x32, 0xdb, 0xff, 0xb5, 0x05, 0xff,
    0xff, 0xff, 0xff, 0xff, 0xff, 0xff, 0xff, 0xff, 0xff, 0xff, 0xff, 0xff, 0xff, 0xff, 0xff, 0xff,
    0xff, 0xff, 0xff, 0xff, 0xff, 0x7e, 0xff, 0xff, 0x6c, 0x00, 0x00, 0x00, 0x00, 0x81, 0xff, 0xf9,
    0x35, 0x00, 0x00, 0x00, 0x00, 0x84, 0xff, 0xdf, 0x11, 0x00, 0x00, 0x00, 0x00, 0x86, 0xff, 0xb1,
    0x01, 0x00, 0x00, 0x26, 0x72, 0xb9, 0xe4, 0xf9, 0xf9, 0xe9, 0xc1, 0x78, 0x0e, 0x00, 0x00, 0x00,
    0x00, 0xff, 0xff, 0xff, 0xff, 0xff, 0xff, 0xff, 0xff, 0xff, 0xe2, 0x1f, 0x00, 0x00, 0x00, 0xcf,
    0x6e, 0x32, 0x16, 0x06, 0x1e, 0x7d, 0xfe, 0xff, 0xff, 0xac, 0x00, 0x00, 0x00, 0x00, 0x00, 0x00,
    0x00, 0x00, 0x00, 0x00, 0xd3, 0xff, 0xff, 0xf6, 0x03, 0x00, 0x00, 0x19, 0x84, 0xc7, 0xec, 0xfa,
    0xff, 0xff, 0xff, 0xff, 0xff, 0xff, 0x16, 0x00, 0x31, 0xee, 0xff, 0xff, 0xff, 0xff, 0xff, 0xff,
    0xff, 0xff, 0xff, 0xff, 0x1c, 0x00, 0xc1, 0xff, 0xff, 0xff, 0x8d, 0x18, 0x00, 0x00, 0xc7, 0xff,
    0xff, 0xff, 0x1c, 0x02, 0xfc, 0xff, 0xff, 0xeb, 0x01, 0x00, 0x00, 0x00, 0xe5, 0xff, 0xff, 0xff,
    0x1c, 0x04, 0xfe, 0xff, 0xff, 0xe6, 0x00, 0x00, 0x00, 0x40, 0xff, 0xff, 0xff, 0xff, 0x1c, 0x00,
    0xcb, 0xff, 0xff, 0xff, 0x71, 0x0c, 0x3d, 0xe2, 0xff, 0xff, 0xff, 0xff, 0x1c, 0x00, 0x41, 0xfb,
    0xff, 0xff, 0xff, 0xff, 0xff, 0xc0, 0xcb, 0xff, 0xff, 0xff, 0x1c, 0x00, 0x00, 0x39, 0xb8, 0xf2,
    0xf7, 0xd6, 0x7c, 0x06, 0xc4, 0xff, 0xff, 0xff, 0x1c, 0x28, 0xff, 0xff, 0xff, 0xb0, 0x00, 0x00,
    0x00, 0x00, 0x00, 0x00, 0x00, 0x00, 0x00, 0x28, 0xff, 0xff, 0xff, 0xb0, 0x00, 0x00, 0x00, 0x00,
    0x00, 0x00, 0x00, 0x00, 0x00, 0x28, 0xff, 0xff, 0xff, 0xb0, 0x00, 0x00, 0x00, 0x00, 0x00, 0x00,
    0x00, 0x00, 0x00, 0x28, 0xff, 0xff, 0xff, 0xb0, 0x00, 0x00, 0x00, 0x00, 0x00, 0x00, 0x00, 0x00,
    0x00, 0x28, 0xff, 0xff, 0xff, 0xb0, 0x00, 0x00, 0x00, 0x00, 0x00, 0x00, 0x00, 0x00, 0x00, 0x28,
    0xff, 0xff, 0xff, 0xb0, 0x08, 0x7f, 0xd9, 0xf8, 0xe8, 0xa1, 0x20, 0x00, 0x00, 0x28, 0xff, 0xff,
    0xff, 0xbd, 0xc9, 0xff, 0xff, 0xff, 0xff, 0xff, 0xed, 0x30, 0x00, 0x28, 0xff, 0xff, 0xff, 0xff,
    0xc7, 0x26, 0x0a, 0x6a, 0xfe, 0xff, 0xff, 0xd9, 0x05, 0x28, 0xff, 0xff, 0xff, 0xff, 0x29, 0x00,
    0x00, 0x00, 0xb1, 0xff, 0xff, 0xff, 0x58, 0x28, 0xff, 0xff, 0xff, 0xd7, 0x00, 0x00, 0x00, 0x00,
    0x5f, 0xff, 0xff, 0xff, 0x9c, 0x28, 0xff, 0xff, 0xff, 0xbc, 0x00, 0x00, 0x00, 0x00, 0x44, 0xff,
    0xff, 0xff, 0xba, 0x28, 0xff, 0xff, 0xff, 0xbb, 0x00, 0x00, 0x00, 0x00, 0x45, 0xff, 0xff, 0xff,
    0xba, 0x28, 0xff, 0xff, 0xff, 0xd7, 0x00, 0x00, 0x00, 0x00, 0x5f, 0xff, 0xff, 0xff, 0x9c, 0x28,
    0xff, 0xff, 0xff, 0xff, 0x29, 0x00, 0x00, 0x00, 0xaf, 0xff, 0xff, 0xff, 0x58, 0x28, 0xff, 0xff,
    0xff, 0xff, 0xc6, 0x25, 0x09, 0x68, 0xfe, 0xff, 0xff, 0xdb, 0x05, 0x28, 0xff, 0xff, 0xff, 0xbd,
    0xc9, 0xff, 0xff, 0xff, 0xff, 0xff, 0xef, 0x32, 0x00, 0x28, 0xff, 0xff, 0xff, 0xb0, 0x08, 0x7f,
    0xd9, 0xf9, 0xea, 0xa3, 0x22, 0x00, 0x00, 0x00, 0x00, 0x00, 0x09, 0x66, 0xb7, 0xe6, 0xf9, 0xea,
    0xc5, 0x6f, 0x10, 0x00, 0x00, 0x2e, 0xdb, 0xff, 0xff, 0xff, 0xff, 0xff, 0xff, 0xff, 0x90, 0x00,
    0x17, 0xe9, 0xff, 0xff, 0xff, 0x87, 0x1d, 0x09, 0x2d, 0x74, 0x79, 0x00, 0x90, 0xff, 0xff, 0xff,
    0x9c, 0x00, 0x00, 0x00, 0x00, 0x00, 0x00, 0x00, 0xe0, 0xff, 0xff, 0xff, 0x2b, 0x00, 0x00, 0x00,
    0x00, 0x00, 0x00, 0x03, 0xfd, 0xff, 0xff, 0xfd, 0x06, 0x00, 0x00, 0x00, 0x00, 0x00, 0x00, 0x03,
    0xfd, 0xff, 0xff, 0xfd, 0x06, 0x00, 0x00, 0x00, 0x00, 0x00, 0x00, 0x00, 0xe0, 0xff, 0xff, 0xff,
    0x2b, 0x00, 0x00, 0x00, 0x00, 0x00, 0x00, 0x00, 0x90, 0xff, 0xff, 0xff, 0x9a, 0x00, 0x00, 0x00,
    0x00, 0x00, 0x00, 0x00, 0x18, 0xea, 0xff, 0xff, 0xfe, 0x84, 0x1b, 0x08, 0x2a, 0x77, 0x7b, 0x00,
    0x00, 0x30, 0xde, 0xff, 0xff, 0xff, 0xff, 0xff, 0xff, 0xff, 0x90, 0x00, 0x00, 0x00, 0x0a, 0x68,
    0xb9, 0xe7, 0xf9, 0xeb, 0xc5, 0x70, 0x10, 0x00, 0x00, 0x00, 0x00, 0x00, 0x00, 0x00, 0x00, 0x00,
    0xf8, 0xff, 0xff, 0xe8, 0x00, 0x00, 0x00, 0x00, 0x00, 0x00, 0x00, 0x00, 0x00, 0xf8, 0xff, 0xff,
    0xe8, 0x00, 0x00, 0x00, 0x00, 0x00, 0x00, 0x00, 0x00, 0x00, 0xf8, 0xff, 0xff, 0xe8, 0x00, 0x00,
    0x00, 0x00, 0x00, 0x00, 0x00, 0x00, 0x00, 0xf8, 0xff, 0xff, 0xe8, 0x00, 0x00, 0x00, 0x00, 0x00,
    0x00, 0x00, 0x00, 0x00, 0xf8, 0xff, 0xff, 0xe8, 0x00, 0x00, 0x40, 0xba, 0xf1, 0xf4, 0xc7, 0x58,
    0x00, 0xf8, 0xff, 0xff, 0xe8, 0x00, 0x63, 0xfe, 0xff, 0xff, 0xff, 0xff, 0xff, 0x8e, 0xf8, 0xff,
    0xff, 0xe8, 0x29, 0xf9, 0xff, 0xff, 0xea, 0x41, 0x07, 0x42, 0xec, 0xff, 0xff, 0xff, 0xe8, 0x9a,
    0xff, 0xff, 0xff, 0x6d, 0x00, 0x00, 0x00, 0x71, 0xff, 0xff, 0xff, 0xe8, 0xde, 0xff, 0xff, 0xff,
    0x1e, 0x00, 0x00, 0x00, 0x1f, 0xff, 0xff, 0xff, 0xe8, 0xfa, 0xff, 0xff, 0xfe, 0x05, 0x00, 0x00,
    0x00, 0x05, 0xfe, 0xff, 0xff, 0xe8, 0xfa, 0xff, 0xff, 0xfe, 0x04, 0x00, 0x00, 0x00, 0x05, 0xfe,
    0xff, 0xff, 0xe8, 0xde, 0xff, 0xff, 0xff, 0x1e, 0x00, 0x00, 0x00, 0x1f, 0xff, 0xff, 0xff, 0xe8,
    0x9a, 0xff, 0xff, 0xff, 0x6c, 0x00, 0x00, 0x00, 0x6f, 0xff, 0xff, 0xff, 0xe8, 0x2a, 0xfa, 0xff,
    0xff, 0xe9, 0x3f, 0x06, 0x40, 0xeb, 0xff, 0xff, 0xff, 0xe8, 0x00, 0x66, 0xfe, 0xff, 0xff, 0xff,
    0xff, 0xff, 0x8f, 0xf8, 0xff, 0xff, 0xe8, 0x00, 0x00, 0x42, 0xbc, 0xf2, 0xf4, 0xc8, 0x5a, 0x00,
    0xf8, 0xff, 0xff, 0xe8, 0x00, 0x00, 0x00, 0x0e, 0x72, 0xbf, 0xeb, 0xfb, 0xee, 0xc1, 0x6b, 0x08,
    0x00, 0x00, 0x00, 0x00, 0x34, 0xe2, 0xff, 0xff, 0xff, 0xff, 0xff, 0xff, 0xff, 0xd1, 0x1c, 0x00,
    0x00, 0x1a, 0xeb, 0xff, 0xff, 0xea, 0x4c, 0x0d, 0x45, 0xea, 0xff, 0xff, 0xce, 0x03, 0x00, 0x92,
    0xff, 0xff, 0xff, 0x59, 0x00, 0x00, 0x00, 0x67, 0xff, 0xff, 0xff, 0x5d, 0x00, 0xe0, 0xff, 0xff,
    0xfb, 0x0a, 0x00, 0x00, 0x00, 0x29, 0xff, 0xff, 0xff, 0xac, 0x03, 0xfe, 0xff, 0xff, 0xff, 0xff,
    0xff, 0xff, 0xff, 0xff, 0xff, 0xff, 0xff, 0xcf, 0x03, 0xfe, 0xff, 0xff, 0xff, 0xff, 0xff, 0xff,
    0xff, 0xff, 0xff, 0xff, 0xff, 0xdb, 0x00, 0xe1, 0xff, 0xff, 0xf5, 0x04, 0x00, 0x00, 0x00, 0x00,
    0x00, 0x00, 0x00, 0x00, 0x00, 0x93, 0xff, 0xff, 0xff, 0x53, 0x00, 0x00, 0x00, 0x00, 0x00, 0x00,
    0x00, 0x00, 0x00, 0x1b, 0xed, 0xff, 0xff, 0xed, 0x61, 0x18, 0x09, 0x22, 0x3e, 0x7d, 0xc6, 0x45,
    0x00, 0x00, 0x35, 0xe2, 0xff, 0xff, 0xff, 0xff, 0xff, 0xff, 0xff, 0xff, 0xff, 0x48, 0x00, 0x00,
    0x00, 0x0d, 0x6d, 0xbc, 0xe9, 0xfa, 0xf0, 0xd9, 0xbc, 0x7d, 0x37, 0x02, 0x00, 0x00, 0x00, 0x25,
    0xa3, 0xe3, 0xfb, 0xff, 0xff, 0xc4, 0x00, 0x00, 0x1a, 0xec, 0xff, 0xff, 0xff, 0xff, 0xff, 0xc4,
    0x00, 0x00, 0x7e, 0xff, 0xff, 0xff, 0x88, 0x07, 0x00, 0x00, 0x00, 0x00, 0xa5, 0xff, 0xff, 0xff,
    0x33, 0x00, 0x00, 0x00, 0x00, 0x00, 0xac, 0xff, 0xff, 0xff, 0x2c, 0x00, 0x00, 0x00, 0x94, 0xff,
    0xff, 0xff, 0xff, 0xff, 0xff, 0xff, 0xff, 0x78, 0x94, 0xff, 0xff, 0xff, 0xff, 0xff, 0xff, 0xff,
    0xff, 0x78, 0x00, 0x00, 0xac, 0xff, 0xff, 0xff, 0x2c, 0x00, 0x00, 0x00, 0x00, 0x00, 0xac, 0xff,
    0xff, 0xff, 0x2c, 0x00, 0x00, 0x00, 0x00, 0x00, 0xac, 0xff, 0xff, 0xff, 0x2c, 0x00, 0x00, 0x00,
    0x00, 0x00, 0xac, 0xff, 0xff, 0xff, 0x2c, 0x00, 0x00, 0x00, 0x00, 0x00, 0xac, 0xff, 0xff, 0xff,
    0x2c, 0x00, 0x00, 0x00, 0x00, 0x00, 0xac, 0xff, 0xff, 0xff, 0x2c, 0x00, 0x00, 0x00, 0x00, 0x00,
    0xac, 0xff, 0xff, 0xff, 0x2c, 0x00, 0x00, 0x00, 0x00, 0x00, 0xac, 0xff, 0xff, 0xff, 0x2c, 0x00,
    0x00, 0x00, 0x00, 0x00, 0xac, 0xff, 0xff, 0xff, 0x2c, 0x00, 0x00, 0x00, 0x00, 0x00, 0xac, 0xff,
    0xff, 0xff, 0x2c, 0x00, 0x00, 0x00, 0x00, 0x00, 0x3e, 0xb9, 0xf1, 0xf4, 0xc8, 0x5a, 0x00, 0xf8,
    0xff, 0xff, 0xe8, 0x00, 0x60, 0xfd, 0xff, 0xff, 0xff, 0xff, 0xff, 0x8f, 0xf8, 0xff, 0xff, 0xe8,
    0x27, 0xf8, 0xff, 0xff, 0xed, 0x44, 0x07, 0x45, 0xef, 0xff, 0xff, 0xff, 0xe8, 0x98, 0xff, 0xff,
    0xff, 0x72, 0x00, 0x00, 0x00, 0x76, 0xff, 0xff, 0xff, 0xe8, 0xdd, 0xff, 0xff, 0xff, 0x20, 0x00,
    0x00, 0x00, 0x22, 0xff, 0xff, 0xff, 0xe8, 0xfa, 0xff, 0xff, 0xfe, 0x05, 0x00, 0x00, 0x00, 0x06,
    0xfe, 0xff, 0xff, 0xe8, 0xfa, 0xff, 0xff, 0xfe, 0x04, 0x00, 0x00, 0x00, 0x06, 0xfe, 0xff, 0xff,
    0xe8, 0xdc, 0xff, 0xff, 0xff, 0x1d, 0x00, 0x00, 0x00, 0x22, 0xff, 0xff, 0xff, 0xe8, 0x97, 0xff,
    0xff, 0xff, 0x6c, 0x00, 0x00, 0x00, 0x76, 0xff, 0xff, 0xff, 0xe8, 0x26, 0xf8, 0xff, 0xff, 0xe9,
    0x3f, 0x06, 0x44, 0xef, 0xff, 0xff, 0xff, 0xe8, 0x00, 0x60, 0xfd, 0xff, 0xff, 0xff, 0xff, 0xff,
    0x8f, 0xf8, 0xff, 0xff, 0xe7, 0x00, 0x00, 0x3e, 0xba, 0xf1, 0xf4, 0xc8, 0x5a, 0x03, 0xff, 0xff,
    0xff, 0xd9, 0x00, 0x00, 0x00, 0x00, 0x00, 0x00, 0x00, 0x00, 0x2a, 0xff, 0xff, 0xff, 0xb5, 0x00,
    0x00, 0x00, 0x00, 0x00, 0x00, 0x00, 0x00, 0x8f, 0xff, 0xff, 0xff, 0x66, 0x00, 0x7d, 0x99, 0x43,
    0x1c, 0x05, 0x21, 0x86, 0xfe, 0xff, 0xff, 0xd3, 0x05, 0x00, 0x8c, 0xff, 0xff, 0xff, 0xff, 0xff,
    0xff, 0xff, 0xff, 0xc9, 0x1b, 0x00, 0x00, 0x0d, 0x5f, 0xb4, 0xdc, 0xf7, 0xf5, 0xde, 0xab, 0x55,
    0x03, 0x00, 0x00, 0x28, 0xff, 0xff, 0xff, 0xb0, 0x00, 0x00, 0x00, 0x00, 0x00, 0x00, 0x00, 0x00,
    0x28, 0xff, 0xff, 0xff, 0xb0, 0x00, 0x00, 0x00, 0x00, 0x00, 0x00, 0x00, 0x00, 0x28, 0xff, 0xff,
    0xff, 0xb0, 0x00, 0x00, 0x00, 0x00, 0x00, 0x00, 0x00, 0x00, 0x28, 0xff, 0xff, 0xff, 0xb0, 0x00,
    0x00, 0x00, 0x00, 0x00, 0x00, 0x00, 0x00, 0x28, 0xff, 0xff, 0xff, 0xb0, 0x00, 0x00, 0x00, 0x00,
    0x00, 0x00, 0x00, 0x00, 0x28, 0xff, 0xff, 0xff, 0xb0, 0x05, 0x75, 0xd5, 0xf8, 0xee, 0xb5, 0x36,
    0x00, 0x28, 0xff, 0xff, 0xff, 0xbc, 0xc2, 0xff, 0xff, 0xff, 0xff, 0xff, 0xf8, 0x32, 0x28, 0xff,
    0xff, 0xff, 0xff, 0xd0, 0x30, 0x14, 0x97, 0xff, 0xff, 0xff, 0xab, 0x28, 0xff, 0xff, 0xff, 0xfe,
    0x27, 0x00, 0x00, 0x0e, 0xff, 0xff, 0xff, 0xe0, 0x28, 0xff, 0xff, 0xff, 0xd3, 0x00, 0x00, 0x00,
    0x00, 0xf4, 0xff, 0xff, 0xef, 0x28, 0xff, 0xff, 0xff, 0xb7, 0x00, 0x00, 0x00, 0x00, 0xed, 0xff,
    0xff, 0xf0, 0x28, 0xff, 0xff, 0xff, 0xb0, 0x00, 0x00, 0x00, 0x00, 0xec, 0xff, 0xff, 0xf0, 0x28,
    0xff, 0xff, 0xff, 0xb0, 0x00, 0x00, 0x00, 0x00, 0xec, 0xff, 0xff, 0xf0, 0x28, 0xff, 0xff, 0xff,
    0xb0, 0x00, 0x00, 0x00, 0x00, 0xec, 0xff, 0xff, 0xf0, 0x28, 0xff, 0xff, 0xff, 0xb0, 0x00, 0x00,
    0x00, 0x00, 0xec, 0xff, 0xff, 0xf0, 0x28, 0xff, 0xff, 0xff, 0xb0, 0x00, 0x00, 0x00, 0x00, 0xec,
    0xff, 0xff, 0xf0, 0x28, 0xff, 0xff, 0xff, 0xb0, 0x00, 0x00, 0x00, 0x00, 0xec, 0xff, 0xff, 0xf0,
    0x28, 0xff, 0xff, 0xff, 0xb0, 0x28, 0xff, 0xff, 0xff, 0xb0, 0x28, 0xff, 0xff, 0xff, 0xb0, 0x28,
    0xff, 0xff, 0xff, 0xb0, 0x00, 0x00, 0x00, 0x00, 0x00, 0x28, 0xff, 0xff, 0xff, 0xb0, 0x28, 0xff,
    0xff, 0xff, 0xb0, 0x28, 0xff, 0xff, 0xff, 0xb0, 0x28, 0xff, 0xff, 0xff, 0xb0, 0x28, 0xff, 0xff,
    0xff, 0xb0, 0x28, 0xff, 0xff, 0xff, 0xb0, 0x28, 0xff, 0xff, 0xff, 0xb0, 0x28, 0xff, 0xff, 0xff,
    0xb0, 0x28, 0xff, 0xff, 0xff, 0xb0, 0x28, 0xff, 0xff, 0xff, 0xb0, 0x28, 0xff, 0xff, 0xff, 0xb0,
    0x28, 0xff, 0xff, 0xff, 0xb0, 0x00, 0x00, 0x28, 0xff, 0xff, 0xff, 0xb0, 0x00, 0x00, 0x28, 0xff,
    0xff, 0xff, 0xb0, 0x00, 0x00, 0x28, 0xff, 0xff, 0xff, 0xb0, 0x00, 0x00, 0x28, 0xff, 0xff, 0xff,
    0xb0, 0x00, 0x00, 0x00, 0x00, 0x00, 0x00, 0x00, 0x00, 0x00, 0x28, 0xff, 0xff, 0xff, 0xb0, 0x00,
    0x00, 0x28, 0xff, 0xff, 0xff, 0xb0, 0x00, 0x00, 0x28, 0xff, 0xff, 0xff, 0xb0, 0x00, 0x00, 0x28,
    0xff, 0xff, 0xff, 0xb0, 0x00, 0x00, 0x28, 0xff, 0xff, 0xff, 0xb0, 0x00, 0x00, 0x28, 0xff, 0xff,
    0xff, 0xb0, 0x00, 0x00, 0x28, 0xff, 0xff, 0xff, 0xb0, 0x00, 0x00, 0x28, 0xff, 0xff, 0xff, 0xb0,
    0x00, 0x00, 0x28, 0xff, 0xff, 0xff, 0xb0, 0x00, 0x00, 0x28, 0xff, 0xff, 0xff, 0xb0, 0x00, 0x00,
    0x28, 0xff, 0xff, 0xff, 0xb0, 0x00, 0x00, 0x28, 0xff, 0xff, 0xff, 0xb0, 0x00, 0x00, 0x29, 0xff,
    0xff, 0xff, 0xac, 0x00, 0x00, 0x3c, 0xff, 0xff, 0xff, 0x96, 0x00, 0x15, 0xa9, 0xff, 0xff, 0xff,
    0x54, 0xbc, 0xff, 0xff, 0xff, 0xff, 0xc2, 0x03, 0xbc, 0xff, 0xfa, 0xda, 0x85, 0x0a, 0x00, 0x28,
    0xff, 0xff, 0xff, 0xb0, 0x00, 0x00, 0x00, 0x00, 0x00, 0x00, 0x00, 0x00, 0x00, 0x28, 0xff, 0xff,
    0xff, 0xb0, 0x00, 0x00, 0x00, 0x00, 0x00, 0x00, 0x00, 0x00, 0x00, 0x28, 0xff, 0xff, 0xff, 0xb0,
    0x00, 0x00, 0x00, 0x00, 0x00, 0x00, 0x00, 0x00, 0x00, 0x28, 0xff, 0xff, 0xff, 0xb0, 0x00, 0x00,
    0x00, 0x00, 0x00, 0x00, 0x00, 0x00, 0x00, 0x28, 0xff, 0xff, 0xff, 0xb0, 0x00, 0x00, 0x00, 0x00,
    0x00, 0x00, 0x00, 0x00, 0x00, 0x28, 0xff, 0xff, 0xff, 0xb0, 0x00, 0x00, 0x00, 0x62, 0xfe, 0xff,
    0xff, 0xe5, 0x2a, 0x28, 0xff, 0xff, 0xff, 0xb0, 0x00, 0x00, 0x64, 0xfe, 0xff, 0xff, 0xdc, 0x20,
    0x00, 0x28, 0xff, 0xff, 0xff, 0xb0, 0x00, 0x65, 0xfe, 0xff, 0xff, 0xd3, 0x19, 0x00, 0x00, 0x28,
    0xff, 0xff, 0xff, 0xb0, 0x67, 0xfe, 0xff, 0xff, 0xc8, 0x12, 0x00, 0x00, 0x00, 0x28, 0xff, 0xff,
    0xff, 0xeb, 0xfe, 0xff, 0xff, 0xbc, 0x0c, 0x00, 0x00, 0x00, 0x00, 0x28, 0xff, 0xff, 0xff, 0xff,
    0xff, 0xff, 0xec, 0x0d, 0x00, 0x00, 0x00, 0x00, 0x00, 0x28, 0xff, 0xff, 0xff, 0xff, 0xff, 0xff,
    0xff, 0xac, 0x04, 0x00, 0x00, 0x00, 0x00, 0x28, 0xff, 0xff, 0xff, 0xbd, 0xca, 0xff, 0xff, 0xff,
    0xa6, 0x03, 0x00, 0x00, 0x00, 0x28, 0xff, 0xff, 0xff, 0xb0, 0x13, 0xd4, 0xff, 0xff, 0xff, 0xa1,
    0x02, 0x00, 0x00, 0x28, 0xff, 0xff, 0xff, 0xb0, 0x00, 0x19, 0xdc, 0xff, 0xff, 0xff, 0x9b, 0x01,
    0x00, 0x28, 0xff, 0xff, 0xff, 0xb0, 0x00, 0x00, 0x20, 0xe4, 0xff, 0xff, 0xff, 0x95, 0x00, 0x28,
    0xff, 0xff, 0xff, 0xb0, 0x00, 0x00, 0x00, 0x29, 0xeb, 0xff, 0xff, 0xff, 0x8e, 0x28, 0xff, 0xff,
    0xff, 0xb0, 0x28, 0xff, 0xff, 0xff, 0xb0, 0x28, 0xff, 0xff, 0xff, 0xb0, 0x28, 0xff, 0xff, 0xff,
    0xb0, 0x28, 0xff, 0xff, 0xff, 0xb0, 0x28, 0xff, 0xff, 0xff, 0xb0, 0x28, 0xff, 0xff, 0xff, 0xb0,
    0x28, 0xff, 0xff, 0xff, 0xb0, 0x28, 0xff, 0xff, 0xff, 0xb0, 0x28, 0xff, 0xff, 0xff, 0xb0, 0x28,
    0xff, 0xff, 0xff, 0xb0, 0x28, 0xff, 0xff, 0xff, 0xb0, 0x28, 0xff, 0xff, 0xff, 0xb0, 0x28, 0xff,
    0xff, 0xff, 0xb0, 0x28, 0xff, 0xff, 0xff, 0xb0, 0x28, 0xff, 0xff, 0xff, 0xb0, 0x28, 0xff, 0xff,
    0xff, 0xb0, 0x2c, 0xff, 0xff, 0xff, 0xb0, 0x0d, 0x8e, 0xe3, 0xf7, 0xd6, 0x73, 0x02, 0x00, 0x51,
    0xc2, 0xf3, 0xf5, 0xc8, 0x58, 0x00, 0x00, 0x2c, 0xff, 0xff, 0xff, 0xbe, 0xd1, 0xff, 0xff, 0xff,
    0xff, 0xff, 0xa1, 0x86, 0xff, 0xff, 0xff, 0xff, 0xff, 0xff, 0x68, 0x00, 0x2c, 0xff, 0xff, 0xff,
    0xff, 0xb8, 0x1f, 0x1f, 0xda, 0xff, 0xff, 0xff, 0xff, 0x89, 0x13, 0x41, 0xfb, 0xff, 0xff, 0xe9,
    0x01, 0x2c, 0xff, 0xff, 0xff, 0xfb, 0x18, 0x00, 0x00, 0x88, 0xff, 0xff, 0xff, 0xd7, 0x00, 0x00,
    0x00, 0xc3, 0xff, 0xff, 0xff, 0x20, 0x2c, 0xff, 0xff, 0xff, 0xcd, 0x00, 0x00, 0x00, 0x72, 0xff,
    0xff, 0xff, 0x8f, 0x00, 0x00, 0x00, 0xac, 0xff, 0xff, 0xff, 0x2f, 0x2c, 0xff, 0xff, 0xff, 0xb6,
    0x00, 0x00, 0x00, 0x6c, 0xff, 0xff, 0xff, 0x76, 0x00, 0x00, 0x00, 0xaf, 0xff, 0xff, 0xff, 0x30,
    0x2c, 0xff, 0xff, 0xff, 0xb0, 0x00, 0x00, 0x00, 0x6c, 0xff, 0xff, 0xff, 0x70, 0x00, 0x00, 0x00,
    0xb0, 0xff, 0xff, 0xff, 0x30, 0x2c, 0xff, 0xff, 0xff, 0xb0, 0x00, 0x00, 0x00, 0x6c, 0xff, 0xff,
    0xff, 0x70, 0x00, 0x00, 0x00, 0xb0, 0xff, 0xff, 0xff, 0x30, 0x2c, 0xff, 0xff, 0xff, 0xb0, 0x00,
    0x00, 0x00, 0x6c, 0xff, 0xff, 0xff, 0x70, 0x00, 0x00, 0x00, 0xb0, 0xff, 0xff, 0xff, 0x30, 0x2c,
    0xff, 0xff, 0xff, 0xb0, 0x00, 0x00, 0x00, 0x6c, 0xff, 0xff, 0xff, 0x70, 0x00, 0x00, 0x00, 0xb0,
    0xff, 0xff, 0xff, 0x30, 0x2c, 0xff, 0xff, 0xff, 0xb0, 0x00, 0x00, 0x00, 0x6c, 0xff, 0xff, 0xff,
    0x70, 0x00, 0x00, 0x00, 0xb0, 0xff, 0xff, 0xff, 0x30, 0x2c, 0xff, 0xff, 0xff, 0xb0, 0x00, 0x00,
    0x00, 0x6c, 0xff, 0xff, 0xff, 0x70, 0x00, 0x00, 0x00, 0xb0, 0xff, 0xff, 0xff, 0x30, 0x28, 0xff,
    0xff, 0xff, 0xb0, 0x05, 0x75, 0xd5, 0xf8, 0xee, 0xb5, 0x36, 0x00, 0x28, 0xff, 0xff, 0xff, 0xbc,
    0xc2, 0xff, 0xff, 0xff, 0xff, 0xff, 0xf8, 0x32, 0x28, 0xff, 0xff, 0xff, 0xff, 0xd0, 0x30, 0x13,
    0x95, 0xff, 0xff, 0xff, 0xab, 0x28, 0xff, 0xff, 0xff, 0xfe, 0x27, 0x00, 0x00, 0x0d, 0xff, 0xff,
    0xff, 0xe0, 0x28, 0xff, 0xff, 0xff, 0xd3, 0x00, 0x00, 0x00, 0x00, 0xf3, 0xff, 0xff, 0xef, 0x28,
    0xff, 0xff, 0xff, 0xb7, 0x00, 0x00, 0x00, 0x00, 0xed, 0xff, 0xff, 0xf0, 0x28, 0xff, 0xff, 0xff,
    0xb0, 0x00, 0x00, 0x00, 0x00, 0xec, 0xff, 0xff, 0xf0, 0x28, 0xff, 0xff, 0xff, 0xb0, 0x00, 0x00,
    0x00, 0x00, 0xec, 0xff, 0xff, 0xf0, 0x28, 0xff, 0xff, 0xff, 0xb0, 0x00, 0x00, 0x00, 0x00, 0xec,
    0xff, 0xff, 0xf0, 0x28, 0xff, 0xff, 0xff, 0xb0, 0x00, 0x00, 0x00, 0x00, 0xec, 0xff, 0xff, 0xf0,
    0x28, 0xff, 0xff, 0xff, 0xb0, 0x00, 0x00, 0x00, 0x00, 0xec, 0xff, 0xff, 0xf0, 0x28, 0xff, 0xff,
    0xff, 0xb0, 0x00, 0x00, 0x00, 0x00, 0xec, 0xff, 0xff, 0xf0, 0x00, 0x00, 0x00, 0x10, 0x76, 0xc2,
    0xec, 0xfb, 0xef, 0xcb, 0x84, 0x1a, 0x00, 0x00, 0x00, 0x00, 0x00, 0x39, 0xe6, 0xff, 0xff, 0xff,
    0xff, 0xff, 0xff, 0xff, 0xf1, 0x4e, 0x00, 0x00, 0x00, 0x1c, 0xee, 0xff, 0xff, 0xec, 0x46, 0x07,
    0x36, 0xdf, 0xff, 0xff, 0xf8, 0x31, 0x00, 0x00, 0x94, 0xff, 0xff, 0xff, 0x6f, 0x00, 0x00, 0x00,
    0x54, 0xff, 0xff, 0xff, 0xb4, 0x00, 0x00, 0xe1, 0xff, 0xff, 0xff, 0x1c, 0x00, 0x00, 0x00, 0x05,
    0xfb, 0xff, 0xff, 0xf8, 0x08, 0x03, 0xfe, 0xff, 0xff, 0xfd, 0x03, 0x00, 0x00, 0x00, 0x00, 0xe5,
    0xff, 0xff, 0xff, 0x21, 0x03, 0xfe, 0xff, 0xff, 0xfc, 0x03, 0x00, 0x00, 0x00, 0x00, 0xe5, 0xff,
    0xff, 0xff, 0x20, 0x00, 0xe1, 0xff, 0xff, 0xff, 0x1c, 0x00, 0x00, 0x00, 0x05, 0xfb, 0xff, 0xff,
    0xf8, 0x08, 0x00, 0x94, 0xff, 0xff, 0xff, 0x6f, 0x00, 0x00, 0x00, 0x54, 0xff, 0xff, 0xff, 0xb4,
    0x00, 0x00, 0x1c, 0xee, 0xff, 0xff, 0xec, 0x45, 0x06, 0x36, 0xdf, 0xff, 0xff, 0xf8, 0x32, 0x00,
    0x00, 0x00, 0x39, 0xe7, 0xff, 0xff, 0xff, 0xff, 0xff, 0xff, 0xff, 0xf1, 0x4f, 0x00, 0x00, 0x00,
    0x00, 0x00, 0x11, 0x77, 0xc3, 0xed, 0xfb, 0xf0, 0xcc, 0x85, 0x1a, 0x00, 0x00, 0x00, 0x28, 0xff,
    0xff, 0xff, 0xb0, 0x08, 0x7f, 0xd9, 0xf8, 0xe8, 0xa1, 0x20, 0x00, 0x00, 0x28, 0xff, 0xff, 0xff,
    0xbd, 0xc9, 0xff, 0xff, 0xff, 0xff, 0xff, 0xed, 0x30, 0x00, 0x28, 0xff, 0xff, 0xff, 0xff, 0xc7,
    0x26, 0x0a, 0x6a, 0xfe, 0xff, 0xff, 0xd9, 0x05, 0x28, 0xff, 0xff, 0xff, 0xff, 0x29, 0x00, 0x00,
    0x00, 0xb1, 0xff, 0xff, 0xff, 0x58, 0x28, 0xff, 0xff, 0xff, 0xd7, 0x00, 0x00, 0x00, 0x00, 0x5f,
    0xff, 0xff, 0xff, 0x9c, 0x28, 0xff, 0xff, 0xff, 0xbc, 0x00, 0x00, 0x00, 0x00, 0x44, 0xff, 0xff,
    0xff, 0xba, 0x28, 0xff, 0xff, 0xff, 0xbb, 0x00, 0x00, 0x00, 0x00, 0x45, 0xff, 0xff, 0xff, 0xba,
    0x28, 0xff, 0xff, 0xff, 0xd7, 0x00, 0x00, 0x00, 0x00, 0x5f, 0xff, 0xff, 0xff, 0x9c, 0x28, 0xff,
    0xff, 0xff, 0xff, 0x29, 0x00, 0x00, 0x00, 0xaf, 0xff, 0xff, 0xff, 0x58, 0x28, 0xff, 0xff, 0xff,
    0xff, 0xc6, 0x25, 0x09, 0x68, 0xfe, 0xff, 0xff, 0xdb, 0x05, 0x28, 0xff, 0xff, 0xff, 0xbd, 0xc9,
    0xff, 0xff, 0xff, 0xff, 0xff, 0xef, 0x32, 0x00, 0x28, 0xff, 0xff, 0xff, 0xb0, 0x08, 0x7f, 0xd9,
    0xf9, 0xea, 0xa3, 0x22, 0x00, 0x00, 0x28, 0xff, 0xff, 0xff, 0xb0, 0x00, 0x00, 0x00, 0x00, 0x00,
    0x00, 0x00, 0x00, 0x00, 0x28, 0xff, 0xff, 0xff, 0xb0, 0x00, 0x00, 0x00, 0x00, 0x00, 0x00, 0x00,
    0x00, 0x00, 0x28, 0xff, 0xff, 0xff, 0xb0, 0x00, 0x00, 0x00, 0x00, 0x00, 0x00, 0x00, 0x00, 0x00,
    0x28, 0xff, 0xff, 0xff, 0xb0, 0x00, 0x00, 0x00, 0x00, 0x00, 0x00, 0x00, 0x00, 0x00, 0x28, 0xff,
    0xff, 0xff, 0xb0, 0x00, 0x00, 0x00, 0x00, 0x00, 0x00, 0x00, 0x00, 0x00, 0x00, 0x00, 0x41, 0xba,
    0xf1, 0xf4, 0xc8, 0x5a, 0x00, 0xf8, 0xff, 0xff, 0xe8, 0x00, 0x66, 0xfe, 0xff, 0xff, 0xff, 0xff,
    0xff, 0x8f, 0xf8, 0xff, 0xff, 0xe8, 0x2b, 0xfa, 0xff, 0xff, 0xea, 0x41, 0x07, 0x42, 0xec, 0xff,
    0xff, 0xff, 0xe8, 0x9b, 0xff, 0xff, 0xff, 0x6d, 0x00, 0x00, 0x00, 0x71, 0xff, 0xff, 0xff, 0xe8,
    0xdf, 0xff, 0xff, 0xff, 0x1e, 0x00, 0x00, 0x00, 0x1f, 0xff, 0xff, 0xff, 0xe8, 0xfb, 0xff, 0xff,
    0xfe, 0x05, 0x00, 0x00, 0x00, 0x05, 0xfe, 0xff, 0xff, 0xe8, 0xfa, 0xff, 0xff, 0xfe, 0x04, 0x00,
    0x00, 0x00, 0x05, 0xfe, 0xff, 0xff, 0xe8, 0xde, 0xff, 0xff, 0xff, 0x1e, 0x00, 0x00, 0x00, 0x1f,
    0xff, 0xff, 0xff, 0xe8, 0x9a, 0xff, 0xff, 0xff, 0x6c, 0x00, 0x00, 0x00, 0x6f, 0xff, 0xff, 0xff,
    0xe8, 0x2a, 0xfa, 0xff, 0xff, 0xe9, 0x3f, 0x06, 0x40, 0xeb, 0xff, 0xff, 0xff, 0xe8, 0x00, 0x66,
    0xfe, 0xff, 0xff, 0xff, 0xff, 0xff, 0x8f, 0xf8, 0xff, 0xff, 0xe8, 0x00, 0x00, 0x42, 0xbc, 0xf2,
    0xf4, 0xc8, 0x5a, 0x00, 0xf8, 0xff, 0xff, 0xe8, 0x00, 0x00, 0x00, 0x00, 0x00, 0x00, 0x00, 0x00,
    0x00, 0xf8, 0xff, 0xff, 0xe8, 0x00, 0x00, 0x00, 0x00, 0x00, 0x00, 0x00, 0x00, 0x00, 0xf8, 0xff,
    0xff, 0xe8, 0x00, 0x00, 0x00, 0x00, 0x00, 0x00, 0x00, 0x00, 0x00, 0xf8, 0xff, 0xff, 0xe8, 0x00,
    0x00, 0x00, 0x00, 0x00, 0x00, 0x00, 0x00, 0x00, 0xf8, 0xff, 0xff, 0xe8, 0x00, 0x00, 0x00, 0x00,
    0x00, 0x00, 0x00, 0x00, 0x00, 0xf8, 0xff, 0xff, 0xe8, 0x28, 0xff, 0xff, 0xff, 0xb0, 0x0c, 0x86,
    0xdb, 0xf9, 0xc8, 0x28, 0xff, 0xff, 0xff, 0xbe, 0xd0, 0xff, 0xff, 0xff, 0xc8, 0x28, 0xff, 0xff,
    0xff, 0xff, 0xe0, 0x49, 0x0d, 0x00, 0x00, 0x28, 0xff, 0xff, 0xff, 0xff, 0x34, 0x00, 0x00, 0x00,
    0x00, 0x28, 0xff, 0xff, 0xff, 0xd6, 0x00, 0x00, 0x00, 0x00, 0x00, 0x28, 0xff, 0xff, 0xff, 0xb7,
    0x00, 0x00, 0x00, 0x00, 0x00, 0x28, 0xff, 0xff, 0xff, 0xb0, 0x00, 0x00, 0x00, 0x00, 0x00, 0x28,
    0xff, 0xff, 0xff, 0xb0, 0x00, 0x00, 0x00, 0x00, 0x00, 0x28, 0xff, 0xff, 0xff, 0xb0, 0x00, 0x00,
    0x00, 0x00, 0x00, 0x28, 0xff, 0xff, 0xff, 0xb0, 0x00, 0x00, 0x00, 0x00, 0x00, 0x28, 0xff, 0xff,
    0xff, 0xb0, 0x00, 0x00, 0x00, 0x00, 0x00, 0x28, 0xff, 0xff, 0xff, 0xb0, 0x00, 0x00, 0x00, 0x00,
    0x00, 0x00, 0x22, 0x93, 0xd4, 0xf3, 0xfa, 0xe2, 0xc4, 0x8d, 0x40, 0x02, 0x00, 0x2f, 0xf1, 0xff,
    0xff, 0xff, 0xff, 0xff, 0xff, 0xff, 0xff, 0x40, 0x00, 0xab, 0xff, 0xff, 0xd1, 0x29, 0x06, 0x18,
    0x36, 0x74, 0xc4, 0x3d, 0x00, 0xd5, 0xff, 0xff, 0xab, 0x00, 0x00, 0x00, 0x00, 0x00, 0x00, 0x00,
    0x00, 0xc6, 0xff, 0xff, 0xff, 0xe0, 0xae, 0x86, 0x5a, 0x1c, 0x00, 0x00, 0x00, 0x6f, 0xff, 0xff,
    0xff, 0xff, 0xff, 0xff, 0xff, 0xfe, 0xb3, 0x14, 0x00, 0x01, 0x7f, 0xf1, 0xff, 0xff, 0xff, 0xff,
    0xff, 0xff, 0xff, 0xad, 0x00, 0x00, 0x00, 0x07, 0x40, 0x6d, 0x96, 0xcc, 0xff, 0xff, 0xff, 0xf7,
    0x01, 0x00, 0x00, 0x00, 0x00, 0x00, 0x00, 0x00, 0xb2, 0xff, 0xff, 0xfe, 0x04, 0x99, 0xa0, 0x51,
    0x2a, 0x10, 0x07, 0x36, 0xe1, 0xff, 0xff, 0xd1, 0x00, 0xac, 0xff, 0xff, 0xff, 0xff, 0xff, 0xff,
    0xff, 0xff, 0xf5, 0x40, 0x00, 0x10, 0x57, 0xa0, 0xcf, 0xe9, 0xfc, 0xf2, 0xd2, 0x92, 0x24, 0x00,
    0x00, 0x00, 0x00, 0xcc, 0xff, 0xff, 0xff, 0x0c, 0x00, 0x00, 0x00, 0x00, 0x00, 0x00, 0xcc, 0xff,
    0xff, 0xff, 0x0c, 0x00, 0x00, 0x00, 0x00, 0x00, 0x00, 0xcc, 0xff, 0xff, 0xff, 0x0c, 0x00, 0x00,
    0x00, 0x00, 0xb4, 0xff, 0xff, 0xff, 0xff, 0xff, 0xff, 0xff, 0xff, 0xff, 0x04, 0xb4, 0xff, 0xff,
    0xff, 0xff, 0xff, 0xff, 0xff, 0xff, 0xff, 0x04, 0x00, 0x00, 0xcc, 0xff, 0xff, 0xff, 0x0c, 0x00,
    0x00, 0x00, 0x00, 0x00, 0x00, 0xcc, 0xff, 0xff, 0xff, 0x0c, 0x00, 0x00, 0x00, 0x00, 0x00, 0x00,
    0xcc, 0xff, 0xff, 0xff, 0x0c, 0x00, 0x00, 0x00, 0x00, 0x00, 0x00, 0xcc, 0xff, 0xff, 0xff, 0x0c,
    0x00, 0x00, 0x00, 0x00, 0x00, 0x00, 0xcc, 0xff, 0xff, 0xff, 0x0c, 0x00, 0x00, 0x00, 0x00, 0x00,
    0x00, 0xcc, 0xff, 0xff, 0xff, 0x0c, 0x00, 0x00, 0x00, 0x00, 0x00, 0x00, 0xc7, 0xff, 0xff, 0xff,
    0x12, 0x00, 0x00, 0x00, 0x00, 0x00, 0x00, 0xab, 0xff, 0xff, 0xff, 0x67, 0x06, 0x00, 0x00, 0x00,
    0x00, 0x00, 0x51, 0xff, 0xff, 0xff, 0xff, 0xff, 0xff, 0xac, 0x00, 0x00, 0x00, 0x00, 0x60, 0xc9,
    0xf3, 0xff, 0xff, 0xff, 0xac, 0x00, 0x48, 0xff, 0xff, 0xff, 0x98, 0x00, 0x00, 0x00, 0x08, 0xff,
    0xff, 0xff, 0xd0, 0x48, 0xff, 0xff, 0xff, 0x97, 0x00, 0x00, 0x00, 0x08, 0xff, 0xff, 0xff, 0xd0,
    0x48, 0xff, 0xff, 0xff, 0x96, 0x00, 0x00, 0x00, 0x08, 0xff, 0xff, 0xff, 0xd0, 0x48, 0xff, 0xff,
    0xff, 0x94, 0x00, 0x00, 0x00, 0x08, 0xff, 0xff, 0xff, 0xd0, 0x48, 0xff, 0xff, 0xff, 0x92, 0x00,
    0x00, 0x00, 0x08, 0xff, 0xff, 0xff, 0xd0, 0x48, 0xff, 0xff, 0xff, 0x90, 0x00, 0x00, 0x00, 0x08,
    0xff, 0xff, 0xff, 0xd0, 0x48, 0xff, 0xff, 0xff, 0x91, 0x00, 0x00, 0x00, 0x0f, 0xff, 0xff, 0xff,
    0xd0, 0x47, 0xff, 0xff, 0xff, 0x98, 0x00, 0x00, 0x00, 0x2a, 0xff, 0xff, 0xff, 0xd0, 0x3a, 0xff,
    0xff, 0xff, 0xb3, 0x00, 0x00, 0x00, 0x7d, 0xff, 0xff, 0xff, 0xd0, 0x0c, 0xf7, 0xff, 0xff, 0xf8,
    0x4f, 0x0f, 0x58, 0xf4, 0xff, 0xff, 0xff, 0xd0, 0x00, 0x82, 0xff, 0xff, 0xff, 0xff, 0xff, 0xff,
    0x7e, 0xff, 0xff, 0xff, 0xd0, 0x00, 0x00, 0x67, 0xcf, 0xf7, 0xf2, 0xbc, 0x44, 0x08, 0xff, 0xff,
    0xff, 0xd0, 0x7a, 0xff, 0xff, 0xff, 0x59, 0x00, 0x00, 0x00, 0x00, 0x0e, 0xf7, 0xff, 0xff, 0xd1,
    0x19, 0xfb, 0xff, 0xff, 0xb6, 0x00, 0x00, 0x00, 0x00, 0x63, 0xff, 0xff, 0xff, 0x6b, 0x00, 0xb0,
    0xff, 0xff, 0xfc, 0x16, 0x00, 0x00, 0x00, 0xbf, 0xff, 0xff, 0xf6, 0x10, 0x00, 0x4b, 0xff, 0xff,
    0xff, 0x6f, 0x00, 0x00, 0x1c, 0xfd, 0xff, 0xff, 0xa1, 0x00, 0x00, 0x02, 0xe3, 0xff, 0xff, 0xcc,
    0x00, 0x00, 0x77, 0xff, 0xff, 0xff, 0x3c, 0x00, 0x00, 0x00, 0x81, 0xff, 0xff, 0xff, 0x28, 0x00,
    0xd2, 0xff, 0xff, 0xd7, 0x00, 0x00, 0x00, 0x00, 0x1e, 0xfd, 0xff, 0xff, 0x85, 0x2f, 0xff, 0xff,
    0xff, 0x72, 0x00, 0x00, 0x00, 0x00, 0x00, 0xb7, 0xff, 0xff, 0xe0, 0x8c, 0xff, 0xff, 0xf9, 0x14,
    0x00, 0x00, 0x00, 0x00, 0x00, 0x52, 0xff, 0xff, 0xff, 0xf7, 0xff, 0xff, 0xa8, 0x00, 0x00, 0x00,
    0x00, 0x00, 0x00, 0x04, 0xe8, 0xff, 0xff, 0xff, 0xff, 0xff, 0x43, 0x00, 0x00, 0x00, 0x00, 0x00,
    0x00, 0x00, 0x88, 0xff, 0xff, 0xff, 0xff, 0xdd, 0x01, 0x00, 0x00, 0x00, 0x00, 0x00, 0x00, 0x00,
    0x24, 0xfe, 0xff, 0xff, 0xff, 0x7a, 0x00, 0x00, 0x00, 0x00, 0x17, 0xff, 0xff, 0xff, 0xa2, 0x00,
    0x00, 0x00, 0x90, 0xff, 0xff, 0xe6, 0x00, 0x00, 0x00, 0x4c, 0xff, 0xff, 0xff, 0x6d, 0x00, 0xd3,
    0xff, 0xff, 0xe1, 0x00, 0x00, 0x00, 0xce, 0xff, 0xff, 0xff, 0x26, 0x00, 0x00, 0x8c, 0xff, 0xff,
    0xff, 0x2a, 0x00, 0x90, 0xff, 0xff, 0xff, 0x1f, 0x00, 0x0f, 0xfd, 0xff, 0xff, 0xff, 0x65, 0x00,
    0x00, 0xcb, 0xff, 0xff, 0xe5, 0x00, 0x00, 0x4d, 0xff, 0xff, 0xff, 0x5e, 0x00, 0x4c, 0xff, 0xff,
    0xfc, 0xff, 0xa4, 0x00, 0x0e, 0xfc, 0xff, 0xff, 0xa2, 0x00, 0x00, 0x0d, 0xfb, 0xff, 0xff, 0x9c,
    0x00, 0x8b, 0xff, 0xf4, 0xae, 0xff, 0xe3, 0x00, 0x4a, 0xff, 0xff, 0xff, 0x5f, 0x00, 0x00, 0x00,
    0xc6, 0xff, 0xff, 0xdb, 0x00, 0xca, 0xff, 0xba, 0x6a, 0xff, 0xff, 0x22, 0x8a, 0xff, 0xff, 0xff,
    0x1b, 0x00, 0x00, 0x00, 0x83, 0xff, 0xff, 0xff, 0x26, 0xfc, 0xff, 0x7b, 0x2b, 0xff, 0xff, 0x61,
    0xc9, 0xff, 0xff, 0xd7, 0x00, 0x00, 0x00, 0x00, 0x3f, 0xff, 0xff, 0xff, 0xa0, 0xff, 0xff, 0x3d,
    0x01, 0xeb, 0xff, 0xad, 0xfb, 0xff, 0xff, 0x94, 0x00, 0x00, 0x00, 0x00, 0x06, 0xf5, 0xff, 0xff,
    0xfb, 0xff, 0xf7, 0x07, 0x00, 0xad, 0xff, 0xfd, 0xff, 0xff, 0xff, 0x50, 0x00, 0x00, 0x00, 0x00,
    0x00, 0xb9, 0xff, 0xff, 0xff, 0xff, 0xc0, 0x00, 0x00, 0x6e, 0xff, 0xff, 0xff, 0xff, 0xfc, 0x0f,
    0x00, 0x00, 0x00, 0x00, 0x00, 0x75, 0xff, 0xff, 0xff, 0xff, 0x81, 0x00, 0x00, 0x2f, 0xff, 0xff,
    0xff, 0xff, 0xc9, 0x00, 0x00, 0x00, 0x00, 0x00, 0x00, 0x32, 0xff, 0xff, 0xff, 0xff, 0x43, 0x00,
    0x00, 0x01, 0xed, 0xff, 0xff, 0xff, 0x85, 0x00, 0x00, 0x00, 0x23, 0xf1, 0xff, 0xff, 0xe5, 0x12,
    0x00, 0x00, 0x03, 0xc6, 0xff, 0xff, 0xfe, 0x46, 0x00, 0x57, 0xff, 0xff, 0xff, 0xa8, 0x00, 0x00,
    0x7c, 0xff, 0xff, 0xff, 0x86, 0x00, 0x00, 0x00, 0x9a, 0xff, 0xff, 0xff, 0x58, 0x33, 0xfa, 0xff,
    0xff, 0xc4, 0x04, 0x00, 0x00, 0x00, 0x09, 0xd2, 0xff, 0xff, 0xee, 0xd9, 0xff, 0xff, 0xec, 0x1d,
    0x00, 0x00, 0x00, 0x00, 0x00, 0x29, 0xf5, 0xff, 0xff, 0xff, 0xff, 0xfe, 0x4c, 0x00, 0x00, 0x00,
    0x00, 0x00, 0x00, 0x00, 0x64, 0xff, 0xff, 0xff, 0xff, 0x91, 0x00, 0x00, 0x00, 0x00, 0x00, 0x00,
    0x00, 0x00, 0x96, 0xff, 0xff, 0xff, 0xff, 0xc4, 0x04, 0x00, 0x00, 0x00, 0x00, 0x00, 0x00, 0x54,
    0xff, 0xff, 0xff, 0xff, 0xff, 0xff, 0x86, 0x00, 0x00, 0x00, 0x00, 0x00, 0x21, 0xf0, 0xff, 0xff,
    0xd5, 0xb7, 0xff, 0xff, 0xfe, 0x45, 0x00, 0x00, 0x00, 0x06, 0xca, 0xff, 0xff, 0xf9, 0x30, 0x16,
    0xe9, 0xff, 0xff, 0xe8, 0x18, 0x00, 0x00, 0x8f, 0xff, 0xff, 0xff, 0x76, 0x00, 0x00, 0x4a, 0xff,
    0xff, 0xff, 0xbc, 0x02, 0x4d, 0xff, 0xff, 0xff, 0xc0, 0x02, 0x00, 0x00, 0x00, 0x93, 0xff, 0xff,
    0xff, 0x7d, 0x87, 0xff, 0xff, 0xff, 0x4e, 0x00, 0x00, 0x00, 0x00, 0x16, 0xfc, 0xff, 0xff, 0xc0,
    0x1e, 0xfc, 0xff, 0xff, 0xb4, 0x00, 0x00, 0x00, 0x00, 0x6a, 0xff, 0xff, 0xff, 0x63, 0x00, 0xaf,
    0xff, 0xff, 0xfc, 0x1d, 0x00, 0x00, 0x00, 0xc0, 0xff, 0xff, 0xf7, 0x0f, 0x00, 0x43, 0xff, 0xff,
    0xff, 0x7f, 0x00, 0x00, 0x19, 0xfd, 0xff, 0xff, 0xa9, 0x00, 0x00, 0x00, 0xd6, 0xff, 0xff, 0xe2,
    0x02, 0x00, 0x6d, 0xff, 0xff, 0xff, 0x4c, 0x00, 0x00, 0x00, 0x6c, 0xff, 0xff, 0xff, 0x4b, 0x00,
    0xc4, 0xff, 0xff, 0xea, 0x04, 0x00, 0x00, 0x00, 0x0d, 0xf2, 0xff, 0xff, 0xb0, 0x1c, 0xfe, 0xff,
    0xff, 0x91, 0x00, 0x00, 0x00, 0x00, 0x00, 0x94, 0xff, 0xff, 0xfb, 0x8b, 0xff, 0xff, 0xff, 0x34,
    0x00, 0x00, 0x00, 0x00, 0x00, 0x29, 0xff, 0xff, 0xff, 0xfe, 0xff, 0xff, 0xd7, 0x00, 0x00, 0x00,
    0x00, 0x00, 0x00, 0x00, 0xbd, 0xff, 0xff, 0xff, 0xff, 0xff, 0x7a, 0x00, 0x00, 0x00, 0x00, 0x00,
    0x00, 0x00, 0x51, 0xff, 0xff, 0xff, 0xff, 0xfe, 0x1e, 0x00, 0x00, 0x00, 0x00, 0x00, 0x00, 0x00,
    0x03, 0xe2, 0xff, 0xff, 0xff, 0xbf, 0x00, 0x00, 0x00, 0x00, 0x00, 0x00, 0x00, 0x00, 0x00, 0x80,
    0xff, 0xff, 0xff, 0x62, 0x00, 0x00, 0x00, 0x00, 0x00, 0x00, 0x00, 0x00, 0x00, 0x9f, 0xff, 0xff,
    0xf6, 0x0e, 0x00, 0x00, 0x00, 0x00, 0x00, 0x00, 0x00, 0x05, 0x46, 0xf7, 0xff, 0xff, 0x91, 0x00,
    0x00, 0x00, 0x00, 0x00, 0x00, 0x00, 0xcc, 0xff, 0xff, 0xff, 0xff, 0xdb, 0x0f, 0x00, 0x00, 0x00,
    0x00, 0x00, 0x00, 0x00, 0xcc, 0xff, 0xfb, 0xe0, 0x95, 0x18, 0x00, 0x00, 0x00, 0x00, 0x00, 0x00,
    0x00, 0xc0, 0xff, 0xff, 0xff, 0xff, 0xff, 0xff, 0xff, 0xff, 0xff, 0xc0, 0x00, 0xc0, 0xff, 0xff,
    0xff, 0xff, 0xff, 0xff, 0xff, 0xff, 0xff, 0xc0, 0x00, 0x00, 0x00, 0x00, 0x00, 0x00, 0x2d, 0xf0,
    0xff, 0xff, 0xff, 0xbe, 0x00, 0x00, 0x00, 0x00, 0x00, 0x1d, 0xe4, 0xff, 0xff, 0xff, 0xf7, 0x3d,
    0x00, 0x00, 0x00, 0x00, 0x11, 0xd5, 0xff, 0xff, 0xff, 0xfd, 0x53, 0x00, 0x00, 0x00, 0x00, 0x08,
    0xc3, 0xff, 0xff, 0xff, 0xff, 0x6d, 0x00, 0x00, 0x00, 0x00, 0x02, 0xad, 0xff, 0xff, 0xff, 0xff,
    0x89, 0x00, 0x00, 0x00, 0x00, 0x00, 0x94, 0xff, 0xff, 0xff, 0xff, 0xa4, 0x01, 0x00, 0x00, 0x00,
    0x00, 0x79, 0xff, 0xff, 0xff, 0xff, 0xbb, 0x05, 0x00, 0x00, 0x00, 0x00, 0x03, 0xff, 0xff, 0xff,
    0xff, 0xd0, 0x0d, 0x00, 0x00, 0x00, 0x00, 0x00, 0x04, 0xff, 0xff, 0xff, 0xff, 0xff, 0xff, 0xff,
    0xff, 0xff, 0xff, 0xc0, 0x04, 0xff, 0xff, 0xff, 0xff, 0xff, 0xff, 0xff, 0xff, 0xff, 0xff, 0xc0,
    0x00, 0x00, 0x00, 0x00, 0x00, 0x56, 0xbf, 0xee, 0xfd, 0xff, 0xe8, 0x00, 0x00, 0x00, 0x00, 0x5c,
    0xff, 0xff, 0xff, 0xff, 0xff, 0xe8, 0x00, 0x00, 0x00, 0x00, 0xc5, 0xff, 0xff, 0xfe, 0x58, 0x0b,
    0x00, 0x00, 0x00, 0x00, 0x00, 0xe4, 0xff, 0xff, 0xd6, 0x00, 0x00, 0x00, 0x00, 0x00, 0x00, 0x00,
    0xe8, 0xff, 0xff, 0xc1, 0x00, 0x00, 0x00, 0x00, 0x00, 0x00, 0x00, 0xe8, 0xff, 0xff, 0xc0, 0x00,
    0x00, 0x00, 0x00, 0x00, 0x00, 0x00, 0xef, 0xff, 0xff, 0xbd, 0x00, 0x00, 0x00, 0x00, 0x00, 0x00,
    0x18, 0xff, 0xff, 0xff, 0xaa, 0x00, 0x00, 0x00, 0x00, 0x05, 0x28, 0xb4, 0xff, 0xff, 0xff, 0x6b,
    0x00, 0x00, 0x00, 0x40, 0xff, 0xff, 0xff, 0xff, 0xf2, 0x8c, 0x04, 0x00, 0x00, 0x00, 0x40, 0xff,
    0xff, 0xff, 0xff, 0xfc, 0xa8, 0x09, 0x00, 0x00, 0x00, 0x00, 0x06, 0x2d, 0xbe, 0xff, 0xff, 0xff,
    0x74, 0x00, 0x00, 0x00, 0x00, 0x00, 0x00, 0x20, 0xff, 0xff, 0xff, 0xac, 0x00, 0x00, 0x00, 0x00,
    0x00, 0x00, 0x00, 0xf3, 0xff, 0xff, 0xbe, 0x00, 0x00, 0x00, 0x00, 0x00, 0x00, 0x00, 0xe8, 0xff,
    0xff, 0xc0, 0x00, 0x00, 0x00, 0x00, 0x00, 0x00, 0x00, 0xe8, 0xff, 0xff, 0xc2, 0x00, 0x00, 0x00,
    0x00, 0x00, 0x00, 0x00, 0xe3, 0xff, 0xff, 0xd7, 0x00, 0x00, 0x00, 0x00, 0x00, 0x00, 0x00, 0xc3,
    0xff, 0xff, 0xfe, 0x58, 0x0a, 0x00, 0x00, 0x00, 0x00, 0x00, 0x58, 0xff, 0xff, 0xff, 0xff, 0xff,
    0xe8, 0x00, 0x00, 0x00, 0x00, 0x00, 0x53, 0xbf, 0xee, 0xfd, 0xff, 0xe8, 0x34, 0xff, 0xff, 0x3c,
    0x34, 0xff, 0xff, 0x3c, 0x34, 0xff, 0xff, 0x3c, 0x34, 0xff, 0xff, 0x3c, 0x34, 0xff, 0xff, 0x3c,
    0x34, 0xff, 0xff, 0x3c, 0x34, 0xff, 0xff, 0x3c, 0x34, 0xff, 0xff, 0x3c, 0x34, 0xff, 0xff, 0x3c,
    0x34, 0xff, 0xff, 0x3c, 0x34, 0xff, 0xff, 0x3c, 0x34, 0xff, 0xff, 0x3c, 0x34, 0xff, 0xff, 0x3c,
    0x34, 0xff, 0xff, 0x3c, 0x34, 0xff, 0xff, 0x3c, 0x34, 0xff, 0xff, 0x3c, 0x34, 0xff, 0xff, 0x3c,
    0x34, 0xff, 0xff, 0x3c, 0x34, 0xff, 0xff, 0x3c, 0x34, 0xff, 0xff, 0x3c, 0x34, 0xff, 0xff, 0x3c,
    0x34, 0xff, 0xff, 0x3c, 0x40, 0xff, 0xff, 0xfa, 0xe2, 0xa5, 0x27, 0x00, 0x00, 0x00, 0x00, 0x40,
    0xff, 0xff, 0xff, 0xff, 0xff, 0xed, 0x17, 0x00, 0x00, 0x00, 0x00, 0x01, 0x18, 0xa0, 0xff, 0xff,
    0xff, 0x70, 0x00, 0x00, 0x00, 0x00, 0x00, 0x00, 0x2b, 0xff, 0xff, 0xff, 0x8f, 0x00, 0x00, 0x00,
    0x00, 0x00, 0x00, 0x16, 0xff, 0xff, 0xff, 0x94, 0x00, 0x00, 0x00, 0x00, 0x00, 0x00, 0x14, 0xff,
    0xff, 0xff, 0x94, 0x00, 0x00, 0x00, 0x00, 0x00, 0x00, 0x11, 0xff, 0xff, 0xff, 0x9a, 0x00, 0x00,
    0x00, 0x00, 0x00, 0x00, 0x02, 0xfc, 0xff, 0xff, 0xc4, 0x00, 0x00, 0x00, 0x00, 0x00, 0x00, 0x00,
    0xbf, 0xff, 0xff, 0xff, 0x75, 0x18, 0x01, 0x00, 0x00, 0x00, 0x00, 0x20, 0xb7, 0xff, 0xff, 0xff,
    0xff, 0xe8, 0x00, 0x00, 0x00, 0x00, 0x2e, 0xd4, 0xff, 0xff, 0xff, 0xff, 0xe8, 0x00, 0x00, 0x00,
    0x00, 0xc9, 0xff, 0xff, 0xff, 0x80, 0x1b, 0x01, 0x00, 0x00, 0x00, 0x03, 0xfd, 0xff, 0xff, 0xcc,
    0x00, 0x00, 0x00, 0x00, 0x00, 0x00, 0x12, 0xff, 0xff, 0xff, 0x9e, 0x00, 0x00, 0x00, 0x00, 0x00,
    0x00, 0x14, 0xff, 0xff, 0xff, 0x94, 0x00, 0x00, 0x00, 0x00, 0x00, 0x00, 0x16, 0xff, 0xff, 0xff,
    0x94, 0x00, 0x00, 0x00, 0x00, 0x00, 0x00, 0x2d, 0xff, 0xff, 0xff, 0x8f, 0x00, 0x00, 0x00, 0x00,
    0x01, 0x17, 0xa0, 0xff, 0xff, 0xff, 0x6e, 0x00, 0x00, 0x00, 0x40, 0xff, 0xff, 0xff, 0xff, 0xff,
    0xeb, 0x15, 0x00, 0x00, 0x00, 0x40, 0xff, 0xff, 0xfa, 0xe2, 0xa3, 0x25, 0x00, 0x00, 0x00, 0x00,
    0x00, 0x00, 0x00, 0x00, 0x00, 0x00, 0x00, 0x00, 0x00, 0x00, 0x00, 0x00, 0x00, 0x08, 0x06, 0x02,
    0x55, 0xb3, 0xeb, 0xfa, 0xe6, 0xb6, 0x78, 0x3c, 0x12, 0x06, 0x27, 0x75, 0xe3, 0x1c, 0x9c, 0xff,
    0xff, 0xff, 0xff, 0xff, 0xff, 0xff, 0xff, 0xff, 0xff, 0xff, 0xff, 0xff, 0x1c, 0xac, 0xff, 0xff,
    0xff, 0xff, 0xff, 0xff, 0xff, 0xff, 0xff, 0xff, 0xff, 0xff, 0xf7, 0x15, 0xac, 0xd8, 0x5d, 0x15,
    0x08, 0x26, 0x5c, 0x9d, 0xd5, 0xf5, 0xf7, 0xd4, 0x87, 0x1b, 0x00, 0x4f, 0x07, 0x00, 0x00, 0x00,
    0x00, 0x00, 0x00, 0x00, 0x00, 0x00, 0x00, 0x00, 0x00, 0x00,
};

static const uifont_glyph_t uifont_title_glyphs[] = {
    {     0, 18, 17,   1,  17, 20 }, /* 0x01 */
    {   306, 23, 13,   1,  13, 25 }, /* 0x02 */
    {   605, 13, 17,   3,  17, 18 }, /* 0x03 */
    {   826, 11,  7,   4,  17, 18 }, /* 0x04 */
    {   903, 12, 12,   3,  14, 18 }, /* 0x05 */
    {  1047, 11, 12,   0,  12, 11 }, /* 0x06 */
    {  1179, 17, 18,   1,  15, 19 }, /* 0x07 */
    {     0,  0,  0,   0,   0,  0 }, /* 0x08 */
    {     0,  0,  0,   0,   0,  0 }, /* 0x09 */
    {     0,  0,  0,   0,   0,  0 }, /* 0x0a */
    {  1485,  8,  8,   3,  12, 14 }, /* 0x0b */
    {  1549, 20,  4,   1,   4, 22 }, /* 0x0c */
    {     0,  0,  0,   0,   0,  0 }, /* 0x0d */
    {  1629, 17, 11,   1,  13, 18 }, /* 0x0e */
    {  1816, 15, 13,   2,  13, 18 }, /* 0x0f */
    {  2011, 20,  3,   1,   8, 22 }, /* 0x10 */
    {  2071, 30, 17,   0,  17, 31 }, /* 0x11 */
    {     0,  0,  0,   0,   0,  0 }, /* 0x12 */
    {     0,  0,  0,   0,   0,  0 }, /* 0x13 */
    {     0,  0,  0,   0,   0,  0 }, /* 0x14 */
    {     0,  0,  0,   0,   0,  0 }, /* 0x15 */
    {     0,  0,  0,   0,   0,  0 }, /* 0x16 */
    {     0,  0,  0,   0,   0,  0 }, /* 0x17 */
    {     0,  0,  0,   0,   0,  0 }, /* 0x18 */
    {     0,  0,  0,   0,   0,  0 }, /* 0x19 */
    {     0,  0,  0,   0,   0,  0 }, /* 0x1a */
    {     0,  0,  0,   0,   0,  0 }, /* 0x1b */
    {     0,  0,  0,   0,   0,  0 }, /* 0x1c */
    {     0,  0,  0,   0,   0,  0 }, /* 0x1d */
    {     0,  0,  0,   0,   0,  0 }, /* 0x1e */
    {     0,  0,  0,   0,   0,  0 }, /* 0x1f */
    {     0,  0,  0,   0,   0,  8 }, /* ' ' */
    {  2581,  4, 16,   3,  16, 10 }, /* '!' */
    {  2645,  8,  6,   2,  16, 11 }, /* '"' */
    {  2693, 16, 16,   1,  16, 18 }, /* '#' */
    {  2949, 13, 19,   1,  16, 15 }, /* '$' */
    {  3196, 22, 16,   0,  16, 22 }, /* '%' */
    {  3548, 18, 16,   1,  16, 19 }, /* '&' */
    {  3836,  3,  6,   2,  16,  7 }, /* "'" */
    {  3854,  8, 20,   1,  17, 10 }, /* '(' */
    {  4014,  8, 20,   1,  17, 10 }, /* ')' */
    {  4174, 12, 10,   0,  16, 12 }, /* '*' */
    {  4294, 15, 13,   2,  13, 18 }, /* '+' */
    {  4489,  6,  7,   1,   4,  8 }, /* ',' */
    {  4531,  7,  3,   1,   8,  9 }, /* '-' */
    {  4552,  5,  4,   2,   4,  8 }, /* '.' */
    {  4572,  8, 18,   0,  16,  8 }, /* '/' */
    {  4716, 14, 16,   1,  16, 15 }, /* '0' */
    {  4940, 12, 16,   2,  16, 15 }, /* '1' */
    {  5132, 13, 16,   1,  16, 15 }, /* '2' */
    {  5340, 13, 16,   1,  16, 15 }, /* '3' */
    {  5548, 15, 16,   0,  16, 15 }, /* '4' */
    {  5788, 13, 16,   1,  16, 15 }, /* '5' */
    {  5996, 14, 16,   1,  16, 15 }, /* '6' */
    {  6220, 13, 16,   1,  16, 15 }, /* '7' */
    {  6428, 13, 16,   1,  16, 15 }, /* '8' */
    {  6636, 13, 16,   1,  16, 15 }, /* '9' */
    {  6844,  5, 12,   2,  12,  9 }, /* ':' */
    {  6904,  6, 15,   1,  12,  9 }, /* ';' */
    {  6994, 15, 12,   2,  13, 18 }, /* '<' */
    {  7174, 15,  8,   2,  11, 18 }, /* '=' */
    {  7294, 15, 12,   2,  13, 18 }, /* '>' */
    {  7474, 11, 16,   1,  16, 13 }, /* '?' */
    {  7650, 20, 19,   1,  16, 22 }, /* '@' */
    {  8030, 17, 16,   0,  16, 17 }, /* 'A' */
    {  8302, 14, 16,   2,  16, 17 }, /* 'B' */
    {  8526, 14, 16,   1,  16, 16 }, /* 'C' */
    {  8750, 16, 16,   2,  16, 18 }, /* 'D' */
    {  9006, 12, 16,   2,  16, 15 }, /* 'E' */
    {  9198, 12, 16,   2,  16, 15 }, /* 'F' */
    {  9390, 16, 16,   1,  16, 18 }, /* 'G' */
    {  9646, 15, 16,   2,  16, 18 }, /* 'H' */
    {  9886,  5, 16,   2,  16,  8 }, /* 'I' */
    {  9966,  9, 20,  -2,  16,  8 }, /* 'J' */
    { 10146, 16, 16,   2,  16, 17 }, /* 'K' */
    { 10402, 12, 16,   2,  16, 14 }, /* 'L' */
    { 10594, 18, 16,   2,  16, 22 }, /* 'M' */
    { 10882, 15, 16,   2,  16, 18 }, /* 'N' */
    { 11122, 17, 16,   1,  16, 19 }, /* 'O' */
    { 11394, 14, 16,   2,  16, 16 }, /* 'P' */
    { 11618, 17, 19,   1,  16, 19 }, /* 'Q' */
    { 11941, 15, 16,   2,  16, 17 }, /* 'R' */
    { 12181, 14, 16,   1,  16, 16 }, /* 'S' */
    { 12405, 15, 16,   0,  16, 15 }, /* 'T' */
    { 12645, 14, 16,   2,  16, 18 }, /* 'U' */
    { 12869, 17, 16,   0,  16, 17 }, /* 'V' */
    { 13141, 24, 16,   0,  16, 24 }, /* 'W' */
    { 13525, 17, 16,   0,  16, 17 }, /* 'X' */
    { 13797, 18, 16,  -1,  16, 16 }, /* 'Y' */
    { 14085, 15, 16,   0,  16, 16 }, /* 'Z' */
    { 14325,  8, 20,   1,  17, 10 }, /* '[' */
    { 14485,  8, 18,   0,  16,  8 }, /* '\\' */
    { 14629,  8, 20,   1,  17, 10 }, /* ']' */
    { 14789, 15,  6,   2,  16, 18 }, /* '^' */
    { 14879, 11,  2,   0,  -3, 11 }, /* '_' */
    { 14901,  7,  4,   1,  18, 11 }, /* '`' */
    { 14929, 14, 12,   0,  12, 15 }, /* 'a' */
    { 15097, 14, 17,   1,  17, 16 }, /* 'b' */
    { 15335, 12, 12,   0,  12, 13 }, /* 'c' */
    { 15479, 13, 17,   1,  17, 16 }, /* 'd' */
    { 15700, 14, 12,   0,  12, 15 }, /* 'e' */
    { 15868, 10, 17,   0,  17, 10 }, /* 'f' */
    { 16038, 13, 17,   1,  12, 16 }, /* 'g' */
    { 16259, 13, 17,   1,  17, 16 }, /* 'h' */
    { 16480,  5, 17,   1,  17,  8 }, /* 'i' */
    { 16565,  7, 22,  -1,  17,  8 }, /* 'j' */
    { 16719, 14, 17,   1,  17, 15 }, /* 'k' */
    { 16957,  5, 17,   1,  17,  8 }, /* 'l' */
    { 17042, 21, 12,   1,  12, 23 }, /* 'm' */
    { 17294, 13, 12,   1,  12, 16 }, /* 'n' */
    { 17450, 15, 12,   0,  12, 15 }, /* 'o' */
    { 17630, 14, 17,   1,  12, 16 }, /* 'p' */
    { 17868, 13, 17,   1,  12, 16 }, /* 'q' */
    { 18089, 10, 12,   1,  12, 11 }, /* 'r' */
    { 18209, 12, 12,   1,  12, 13 }, /* 's' */
    { 18353, 11, 15,   0,  15, 11 }, /* 't' */
    { 18518, 13, 12,   1,  12, 16 }, /* 'u' */
    { 18674, 14, 12,   0,  12, 14 }, /* 'v' */
    { 18842, 20, 12,   0,  12, 20 }, /* 'w' */
    { 19082, 14, 12,   0,  12, 14 }, /* 'x' */
    { 19250, 14, 17,   0,  12, 14 }, /* 'y' */
    { 19488, 12, 12,   0,  12, 13 }, /* 'z' */
    { 19632, 11, 20,   2,  17, 16 }, /* '{' */
    { 19852,  4, 22,   2,  17,  8 }, /* '|' */
    { 19940, 11, 20,   2,  17, 16 }, /* '}' */
    { 20160, 15,  6,   2,  10, 18 }, /* '~' */
};

const uifont_t uifont_title = {
    1, 126, 21, 6, 27,
    uifont_title_glyphs, uifont_title_pixels
};

